sale_id,date,store_id,product_id,quantity,unit_price,revenue
SAL000001,2026-05-08,STR001,PRD001,2,599.0,1198.0
SAL000002,2026-05-08,STR001,PRD003,2,3499.0,6998.0
SAL000003,2026-05-08,STR001,PRD004,7,1199.0,8393.0
SAL000004,2026-05-08,STR001,PRD006,4,1799.0,7196.0
SAL000005,2026-05-08,STR001,PRD007,2,1999.0,3998.0
SAL000006,2026-05-08,STR001,PRD008,1,1499.0,1499.0
SAL000007,2026-05-08,STR001,PRD009,7,299.0,2093.0
SAL000008,2026-05-08,STR001,PRD010,8,1299.0,10392.0
SAL000009,2026-05-08,STR001,PRD011,4,1599.0,6396.0
SAL000010,2026-05-08,STR001,PRD014,1,899.0,899.0
SAL000011,2026-05-08,STR001,PRD016,2,1199.0,2398.0
SAL000012,2026-05-08,STR001,PRD017,3,649.0,1947.0
SAL000013,2026-05-08,STR001,PRD018,2,899.0,1798.0
SAL000014,2026-05-08,STR001,PRD019,2,1399.0,2798.0
SAL000015,2026-05-08,STR001,PRD023,4,1299.0,5196.0
SAL000016,2026-05-08,STR001,PRD024,3,1499.0,4497.0
SAL000017,2026-05-08,STR001,PRD026,4,299.0,1196.0
SAL000018,2026-05-08,STR001,PRD029,2,349.0,698.0
SAL000019,2026-05-08,STR001,PRD030,2,199.0,398.0
SAL000020,2026-05-08,STR001,PRD034,3,399.0,1197.0
SAL000021,2026-05-08,STR001,PRD035,6,449.0,2694.0
SAL000022,2026-05-08,STR001,PRD036,4,329.0,1316.0
SAL000023,2026-05-08,STR001,PRD039,7,299.0,2093.0
SAL000024,2026-05-08,STR001,PRD040,7,249.0,1743.0
SAL000025,2026-05-08,STR002,PRD001,6,599.0,3594.0
SAL000026,2026-05-08,STR002,PRD002,2,2899.0,5798.0
SAL000027,2026-05-08,STR002,PRD004,2,1199.0,2398.0
SAL000028,2026-05-08,STR002,PRD005,1,2299.0,2299.0
SAL000029,2026-05-08,STR002,PRD007,2,1999.0,3998.0
SAL000030,2026-05-08,STR002,PRD008,3,1499.0,4497.0
SAL000031,2026-05-08,STR002,PRD009,6,299.0,1794.0
SAL000032,2026-05-08,STR002,PRD012,3,199.0,597.0
SAL000033,2026-05-08,STR002,PRD013,3,249.0,747.0
SAL000034,2026-05-08,STR002,PRD015,5,449.0,2245.0
SAL000035,2026-05-08,STR002,PRD016,2,1199.0,2398.0
SAL000036,2026-05-08,STR002,PRD017,1,649.0,649.0
SAL000037,2026-05-08,STR002,PRD020,2,1499.0,2998.0
SAL000038,2026-05-08,STR002,PRD023,5,1299.0,6495.0
SAL000039,2026-05-08,STR002,PRD025,3,1899.0,5697.0
SAL000040,2026-05-08,STR002,PRD028,2,499.0,998.0
SAL000041,2026-05-08,STR002,PRD030,5,199.0,995.0
SAL000042,2026-05-08,STR002,PRD034,1,399.0,399.0
SAL000043,2026-05-08,STR002,PRD037,2,379.0,758.0
SAL000044,2026-05-08,STR002,PRD038,1,429.0,429.0
SAL000045,2026-05-08,STR002,PRD040,8,249.0,1992.0
SAL000046,2026-05-08,STR003,PRD001,3,599.0,1797.0
SAL000047,2026-05-08,STR003,PRD002,2,2899.0,5798.0
SAL000048,2026-05-08,STR003,PRD003,1,3499.0,3499.0
SAL000049,2026-05-08,STR003,PRD004,5,1199.0,5995.0
SAL000050,2026-05-08,STR003,PRD005,2,2299.0,4598.0
SAL000051,2026-05-08,STR003,PRD008,1,1499.0,1499.0
SAL000052,2026-05-08,STR003,PRD009,6,299.0,1794.0
SAL000053,2026-05-08,STR003,PRD011,4,1599.0,6396.0
SAL000054,2026-05-08,STR003,PRD015,4,449.0,1796.0
SAL000055,2026-05-08,STR003,PRD017,4,649.0,2596.0
SAL000056,2026-05-08,STR003,PRD023,3,1299.0,3897.0
SAL000057,2026-05-08,STR003,PRD024,4,1499.0,5996.0
SAL000058,2026-05-08,STR003,PRD025,2,1899.0,3798.0
SAL000059,2026-05-08,STR003,PRD026,2,299.0,598.0
SAL000060,2026-05-08,STR003,PRD028,3,499.0,1497.0
SAL000061,2026-05-08,STR003,PRD029,1,349.0,349.0
SAL000062,2026-05-08,STR003,PRD030,2,199.0,398.0
SAL000063,2026-05-08,STR003,PRD032,1,699.0,699.0
SAL000064,2026-05-08,STR003,PRD034,2,399.0,798.0
SAL000065,2026-05-08,STR003,PRD038,4,429.0,1716.0
SAL000066,2026-05-08,STR003,PRD039,3,299.0,897.0
SAL000067,2026-05-08,STR003,PRD040,7,249.0,1743.0
SAL000068,2026-05-08,STR004,PRD001,5,599.0,2995.0
SAL000069,2026-05-08,STR004,PRD002,1,2899.0,2899.0
SAL000070,2026-05-08,STR004,PRD005,2,2299.0,4598.0
SAL000071,2026-05-08,STR004,PRD008,2,1499.0,2998.0
SAL000072,2026-05-08,STR004,PRD009,5,299.0,1495.0
SAL000073,2026-05-08,STR004,PRD010,1,1299.0,1299.0
SAL000074,2026-05-08,STR004,PRD011,2,1599.0,3198.0
SAL000075,2026-05-08,STR004,PRD013,1,249.0,249.0
SAL000076,2026-05-08,STR004,PRD014,1,899.0,899.0
SAL000077,2026-05-08,STR004,PRD018,2,899.0,1798.0
SAL000078,2026-05-08,STR004,PRD022,1,599.0,599.0
SAL000079,2026-05-08,STR004,PRD024,4,1499.0,5996.0
SAL000080,2026-05-08,STR004,PRD025,4,1899.0,7596.0
SAL000081,2026-05-08,STR004,PRD026,4,299.0,1196.0
SAL000082,2026-05-08,STR004,PRD027,1,179.0,179.0
SAL000083,2026-05-08,STR004,PRD028,2,499.0,998.0
SAL000084,2026-05-08,STR004,PRD030,6,199.0,1194.0
SAL000085,2026-05-08,STR004,PRD031,2,999.0,1998.0
SAL000086,2026-05-08,STR004,PRD032,1,699.0,699.0
SAL000087,2026-05-08,STR004,PRD034,1,399.0,399.0
SAL000088,2026-05-08,STR004,PRD036,2,329.0,658.0
SAL000089,2026-05-08,STR004,PRD039,2,299.0,598.0
SAL000090,2026-05-08,STR004,PRD040,5,249.0,1245.0
SAL000091,2026-05-09,STR001,PRD001,8,599.0,4792.0
SAL000092,2026-05-09,STR001,PRD002,4,2899.0,11596.0
SAL000093,2026-05-09,STR001,PRD003,4,3499.0,13996.0
SAL000094,2026-05-09,STR001,PRD004,7,1199.0,8393.0
SAL000095,2026-05-09,STR001,PRD005,4,2299.0,9196.0
SAL000096,2026-05-09,STR001,PRD006,4,1799.0,7196.0
SAL000097,2026-05-09,STR001,PRD009,8,299.0,2392.0
SAL000098,2026-05-09,STR001,PRD012,3,199.0,597.0
SAL000099,2026-05-09,STR001,PRD013,3,249.0,747.0
SAL000100,2026-05-09,STR001,PRD017,3,649.0,1947.0
SAL000101,2026-05-09,STR001,PRD018,4,899.0,3596.0
SAL000102,2026-05-09,STR001,PRD023,4,1299.0,5196.0
SAL000103,2026-05-09,STR001,PRD025,3,1899.0,5697.0
SAL000104,2026-05-09,STR001,PRD026,3,299.0,897.0
SAL000105,2026-05-09,STR001,PRD028,5,499.0,2495.0
SAL000106,2026-05-09,STR001,PRD030,4,199.0,796.0
SAL000107,2026-05-09,STR001,PRD034,1,399.0,399.0
SAL000108,2026-05-09,STR001,PRD035,9,449.0,4041.0
SAL000109,2026-05-09,STR001,PRD036,3,329.0,987.0
SAL000110,2026-05-09,STR001,PRD037,3,379.0,1137.0
SAL000111,2026-05-09,STR001,PRD039,9,299.0,2691.0
SAL000112,2026-05-09,STR001,PRD040,9,249.0,2241.0
SAL000113,2026-05-09,STR002,PRD001,3,599.0,1797.0
SAL000114,2026-05-09,STR002,PRD002,3,2899.0,8697.0
SAL000115,2026-05-09,STR002,PRD003,4,3499.0,13996.0
SAL000116,2026-05-09,STR002,PRD004,4,1199.0,4796.0
SAL000117,2026-05-09,STR002,PRD005,1,2299.0,2299.0
SAL000118,2026-05-09,STR002,PRD006,1,1799.0,1799.0
SAL000119,2026-05-09,STR002,PRD008,3,1499.0,4497.0
SAL000120,2026-05-09,STR002,PRD009,6,299.0,1794.0
SAL000121,2026-05-09,STR002,PRD012,3,199.0,597.0
SAL000122,2026-05-09,STR002,PRD014,1,899.0,899.0
SAL000123,2026-05-09,STR002,PRD018,4,899.0,3596.0
SAL000124,2026-05-09,STR002,PRD021,3,1099.0,3297.0
SAL000125,2026-05-09,STR002,PRD024,1,1499.0,1499.0
SAL000126,2026-05-09,STR002,PRD026,7,299.0,2093.0
SAL000127,2026-05-09,STR002,PRD027,3,179.0,537.0
SAL000128,2026-05-09,STR002,PRD028,4,499.0,1996.0
SAL000129,2026-05-09,STR002,PRD029,4,349.0,1396.0
SAL000130,2026-05-09,STR002,PRD034,4,399.0,1596.0
SAL000131,2026-05-09,STR002,PRD036,6,329.0,1974.0
SAL000132,2026-05-09,STR002,PRD037,4,379.0,1516.0
SAL000133,2026-05-09,STR002,PRD038,6,429.0,2574.0
SAL000134,2026-05-09,STR002,PRD039,6,299.0,1794.0
SAL000135,2026-05-09,STR002,PRD040,9,249.0,2241.0
SAL000136,2026-05-09,STR003,PRD001,7,599.0,4193.0
SAL000137,2026-05-09,STR003,PRD002,1,2899.0,2899.0
SAL000138,2026-05-09,STR003,PRD004,7,1199.0,8393.0
SAL000139,2026-05-09,STR003,PRD008,5,1499.0,7495.0
SAL000140,2026-05-09,STR003,PRD009,8,299.0,2392.0
SAL000141,2026-05-09,STR003,PRD013,4,249.0,996.0
SAL000142,2026-05-09,STR003,PRD016,4,1199.0,4796.0
SAL000143,2026-05-09,STR003,PRD017,2,649.0,1298.0
SAL000144,2026-05-09,STR003,PRD018,2,899.0,1798.0
SAL000145,2026-05-09,STR003,PRD023,1,1299.0,1299.0
SAL000146,2026-05-09,STR003,PRD024,2,1499.0,2998.0
SAL000147,2026-05-09,STR003,PRD025,4,1899.0,7596.0
SAL000148,2026-05-09,STR003,PRD026,6,299.0,1794.0
SAL000149,2026-05-09,STR003,PRD028,4,499.0,1996.0
SAL000150,2026-05-09,STR003,PRD030,8,199.0,1592.0
SAL000151,2026-05-09,STR003,PRD036,4,329.0,1316.0
SAL000152,2026-05-09,STR003,PRD037,1,379.0,379.0
SAL000153,2026-05-09,STR003,PRD038,5,429.0,2145.0
SAL000154,2026-05-09,STR003,PRD039,2,299.0,598.0
SAL000155,2026-05-09,STR003,PRD040,8,249.0,1992.0
SAL000156,2026-05-09,STR004,PRD001,9,599.0,5391.0
SAL000157,2026-05-09,STR004,PRD003,2,3499.0,6998.0
SAL000158,2026-05-09,STR004,PRD004,9,1199.0,10791.0
SAL000159,2026-05-09,STR004,PRD005,1,2299.0,2299.0
SAL000160,2026-05-09,STR004,PRD007,6,1999.0,11994.0
SAL000161,2026-05-09,STR004,PRD008,2,1499.0,2998.0
SAL000162,2026-05-09,STR004,PRD010,1,1299.0,1299.0
SAL000163,2026-05-09,STR004,PRD021,2,1099.0,2198.0
SAL000164,2026-05-09,STR004,PRD023,4,1299.0,5196.0
SAL000165,2026-05-09,STR004,PRD026,7,299.0,2093.0
SAL000166,2026-05-09,STR004,PRD027,2,179.0,358.0
SAL000167,2026-05-09,STR004,PRD028,2,499.0,998.0
SAL000168,2026-05-09,STR004,PRD030,5,199.0,995.0
SAL000169,2026-05-09,STR004,PRD031,1,999.0,999.0
SAL000170,2026-05-09,STR004,PRD032,1,699.0,699.0
SAL000171,2026-05-09,STR004,PRD034,2,399.0,798.0
SAL000172,2026-05-09,STR004,PRD035,2,449.0,898.0
SAL000173,2026-05-09,STR004,PRD036,6,329.0,1974.0
SAL000174,2026-05-09,STR004,PRD037,2,379.0,758.0
SAL000175,2026-05-09,STR004,PRD039,7,299.0,2093.0
SAL000176,2026-05-10,STR001,PRD001,8,599.0,4792.0
SAL000177,2026-05-10,STR001,PRD002,1,2899.0,2899.0
SAL000178,2026-05-10,STR001,PRD004,7,1199.0,8393.0
SAL000179,2026-05-10,STR001,PRD007,4,1999.0,7996.0
SAL000180,2026-05-10,STR001,PRD008,4,1499.0,5996.0
SAL000181,2026-05-10,STR001,PRD009,3,299.0,897.0
SAL000182,2026-05-10,STR001,PRD010,9,1299.0,11691.0
SAL000183,2026-05-10,STR001,PRD015,5,449.0,2245.0
SAL000184,2026-05-10,STR001,PRD018,3,899.0,2697.0
SAL000185,2026-05-10,STR001,PRD019,3,1399.0,4197.0
SAL000186,2026-05-10,STR001,PRD020,4,1499.0,5996.0
SAL000187,2026-05-10,STR001,PRD021,3,1099.0,3297.0
SAL000188,2026-05-10,STR001,PRD023,5,1299.0,6495.0
SAL000189,2026-05-10,STR001,PRD024,5,1499.0,7495.0
SAL000190,2026-05-10,STR001,PRD025,1,1899.0,1899.0
SAL000191,2026-05-10,STR001,PRD026,9,299.0,2691.0
SAL000192,2026-05-10,STR001,PRD027,4,179.0,716.0
SAL000193,2026-05-10,STR001,PRD028,3,499.0,1497.0
SAL000194,2026-05-10,STR001,PRD030,3,199.0,597.0
SAL000195,2026-05-10,STR001,PRD032,1,699.0,699.0
SAL000196,2026-05-10,STR001,PRD034,5,399.0,1995.0
SAL000197,2026-05-10,STR001,PRD035,10,449.0,4490.0
SAL000198,2026-05-10,STR001,PRD037,4,379.0,1516.0
SAL000199,2026-05-10,STR001,PRD039,8,299.0,2392.0
SAL000200,2026-05-10,STR002,PRD001,4,599.0,2396.0
SAL000201,2026-05-10,STR002,PRD003,1,3499.0,3499.0
SAL000202,2026-05-10,STR002,PRD007,4,1999.0,7996.0
SAL000203,2026-05-10,STR002,PRD008,3,1499.0,4497.0
SAL000204,2026-05-10,STR002,PRD009,6,299.0,1794.0
SAL000205,2026-05-10,STR002,PRD011,1,1599.0,1599.0
SAL000206,2026-05-10,STR002,PRD013,1,249.0,249.0
SAL000207,2026-05-10,STR002,PRD015,4,449.0,1796.0
SAL000208,2026-05-10,STR002,PRD016,4,1199.0,4796.0
SAL000209,2026-05-10,STR002,PRD017,6,649.0,3894.0
SAL000210,2026-05-10,STR002,PRD019,3,1399.0,4197.0
SAL000211,2026-05-10,STR002,PRD023,4,1299.0,5196.0
SAL000212,2026-05-10,STR002,PRD026,7,299.0,2093.0
SAL000213,2026-05-10,STR002,PRD027,4,179.0,716.0
SAL000214,2026-05-10,STR002,PRD028,4,499.0,1996.0
SAL000215,2026-05-10,STR002,PRD030,7,199.0,1393.0
SAL000216,2026-05-10,STR002,PRD031,6,999.0,5994.0
SAL000217,2026-05-10,STR002,PRD034,6,399.0,2394.0
SAL000218,2026-05-10,STR002,PRD036,4,329.0,1316.0
SAL000219,2026-05-10,STR002,PRD037,4,379.0,1516.0
SAL000220,2026-05-10,STR002,PRD038,4,429.0,1716.0
SAL000221,2026-05-10,STR002,PRD039,9,299.0,2691.0
SAL000222,2026-05-10,STR003,PRD001,8,599.0,4792.0
SAL000223,2026-05-10,STR003,PRD002,2,2899.0,5798.0
SAL000224,2026-05-10,STR003,PRD004,6,1199.0,7194.0
SAL000225,2026-05-10,STR003,PRD005,1,2299.0,2299.0
SAL000226,2026-05-10,STR003,PRD006,2,1799.0,3598.0
SAL000227,2026-05-10,STR003,PRD007,4,1999.0,7996.0
SAL000228,2026-05-10,STR003,PRD008,4,1499.0,5996.0
SAL000229,2026-05-10,STR003,PRD009,7,299.0,2093.0
SAL000230,2026-05-10,STR003,PRD013,5,249.0,1245.0
SAL000231,2026-05-10,STR003,PRD015,1,449.0,449.0
SAL000232,2026-05-10,STR003,PRD017,2,649.0,1298.0
SAL000233,2026-05-10,STR003,PRD018,4,899.0,3596.0
SAL000234,2026-05-10,STR003,PRD023,1,1299.0,1299.0
SAL000235,2026-05-10,STR003,PRD025,4,1899.0,7596.0
SAL000236,2026-05-10,STR003,PRD026,2,299.0,598.0
SAL000237,2026-05-10,STR003,PRD028,2,499.0,998.0
SAL000238,2026-05-10,STR003,PRD030,8,199.0,1592.0
SAL000239,2026-05-10,STR003,PRD034,1,399.0,399.0
SAL000240,2026-05-10,STR003,PRD036,6,329.0,1974.0
SAL000241,2026-05-10,STR003,PRD037,1,379.0,379.0
SAL000242,2026-05-10,STR003,PRD038,5,429.0,2145.0
SAL000243,2026-05-10,STR003,PRD039,2,299.0,598.0
SAL000244,2026-05-10,STR003,PRD040,2,249.0,498.0
SAL000245,2026-05-10,STR004,PRD001,9,599.0,5391.0
SAL000246,2026-05-10,STR004,PRD002,2,2899.0,5798.0
SAL000247,2026-05-10,STR004,PRD005,1,2299.0,2299.0
SAL000248,2026-05-10,STR004,PRD006,5,1799.0,8995.0
SAL000249,2026-05-10,STR004,PRD007,4,1999.0,7996.0
SAL000250,2026-05-10,STR004,PRD009,6,299.0,1794.0
SAL000251,2026-05-10,STR004,PRD010,2,1299.0,2598.0
SAL000252,2026-05-10,STR004,PRD011,1,1599.0,1599.0
SAL000253,2026-05-10,STR004,PRD015,2,449.0,898.0
SAL000254,2026-05-10,STR004,PRD016,1,1199.0,1199.0
SAL000255,2026-05-10,STR004,PRD017,2,649.0,1298.0
SAL000256,2026-05-10,STR004,PRD019,2,1399.0,2798.0
SAL000257,2026-05-10,STR004,PRD020,5,1499.0,7495.0
SAL000258,2026-05-10,STR004,PRD021,2,1099.0,2198.0
SAL000259,2026-05-10,STR004,PRD023,5,1299.0,6495.0
SAL000260,2026-05-10,STR004,PRD024,2,1499.0,2998.0
SAL000261,2026-05-10,STR004,PRD026,9,299.0,2691.0
SAL000262,2026-05-10,STR004,PRD029,1,349.0,349.0
SAL000263,2026-05-10,STR004,PRD030,9,199.0,1791.0
SAL000264,2026-05-10,STR004,PRD031,4,999.0,3996.0
SAL000265,2026-05-10,STR004,PRD033,1,849.0,849.0
SAL000266,2026-05-10,STR004,PRD036,5,329.0,1645.0
SAL000267,2026-05-10,STR004,PRD037,5,379.0,1895.0
SAL000268,2026-05-10,STR004,PRD039,5,299.0,1495.0
SAL000269,2026-05-10,STR004,PRD040,6,249.0,1494.0
SAL000270,2026-05-11,STR001,PRD001,6,599.0,3594.0
SAL000271,2026-05-11,STR001,PRD002,4,2899.0,11596.0
SAL000272,2026-05-11,STR001,PRD004,2,1199.0,2398.0
SAL000273,2026-05-11,STR001,PRD005,3,2299.0,6897.0
SAL000274,2026-05-11,STR001,PRD007,2,1999.0,3998.0
SAL000275,2026-05-11,STR001,PRD009,4,299.0,1196.0
SAL000276,2026-05-11,STR001,PRD010,5,1299.0,6495.0
SAL000277,2026-05-11,STR001,PRD011,4,1599.0,6396.0
SAL000278,2026-05-11,STR001,PRD013,4,249.0,996.0
SAL000279,2026-05-11,STR001,PRD015,1,449.0,449.0
SAL000280,2026-05-11,STR001,PRD016,4,1199.0,4796.0
SAL000281,2026-05-11,STR001,PRD017,1,649.0,649.0
SAL000282,2026-05-11,STR001,PRD021,4,1099.0,4396.0
SAL000283,2026-05-11,STR001,PRD024,3,1499.0,4497.0
SAL000284,2026-05-11,STR001,PRD025,1,1899.0,1899.0
SAL000285,2026-05-11,STR001,PRD027,1,179.0,179.0
SAL000286,2026-05-11,STR001,PRD028,5,499.0,2495.0
SAL000287,2026-05-11,STR001,PRD029,2,349.0,698.0
SAL000288,2026-05-11,STR001,PRD030,6,199.0,1194.0
SAL000289,2026-05-11,STR001,PRD034,2,399.0,798.0
SAL000290,2026-05-11,STR001,PRD036,7,329.0,2303.0
SAL000291,2026-05-11,STR001,PRD037,1,379.0,379.0
SAL000292,2026-05-11,STR001,PRD039,3,299.0,897.0
SAL000293,2026-05-11,STR001,PRD040,4,249.0,996.0
SAL000294,2026-05-11,STR002,PRD001,7,599.0,4193.0
SAL000295,2026-05-11,STR002,PRD002,2,2899.0,5798.0
SAL000296,2026-05-11,STR002,PRD005,1,2299.0,2299.0
SAL000297,2026-05-11,STR002,PRD007,5,1999.0,9995.0
SAL000298,2026-05-11,STR002,PRD008,3,1499.0,4497.0
SAL000299,2026-05-11,STR002,PRD009,6,299.0,1794.0
SAL000300,2026-05-11,STR002,PRD011,2,1599.0,3198.0
SAL000301,2026-05-11,STR002,PRD012,2,199.0,398.0
SAL000302,2026-05-11,STR002,PRD016,3,1199.0,3597.0
SAL000303,2026-05-11,STR002,PRD018,2,899.0,1798.0
SAL000304,2026-05-11,STR002,PRD023,5,1299.0,6495.0
SAL000305,2026-05-11,STR002,PRD024,5,1499.0,7495.0
SAL000306,2026-05-11,STR002,PRD025,3,1899.0,5697.0
SAL000307,2026-05-11,STR002,PRD028,6,499.0,2994.0
SAL000308,2026-05-11,STR002,PRD029,5,349.0,1745.0
SAL000309,2026-05-11,STR002,PRD030,8,199.0,1592.0
SAL000310,2026-05-11,STR002,PRD031,5,999.0,4995.0
SAL000311,2026-05-11,STR002,PRD036,2,329.0,658.0
SAL000312,2026-05-11,STR002,PRD037,3,379.0,1137.0
SAL000313,2026-05-11,STR002,PRD040,7,249.0,1743.0
SAL000314,2026-05-11,STR003,PRD002,2,2899.0,5798.0
SAL000315,2026-05-11,STR003,PRD003,2,3499.0,6998.0
SAL000316,2026-05-11,STR003,PRD004,4,1199.0,4796.0
SAL000317,2026-05-11,STR003,PRD005,3,2299.0,6897.0
SAL000318,2026-05-11,STR003,PRD006,1,1799.0,1799.0
SAL000319,2026-05-11,STR003,PRD011,4,1599.0,6396.0
SAL000320,2026-05-11,STR003,PRD013,1,249.0,249.0
SAL000321,2026-05-11,STR003,PRD016,2,1199.0,2398.0
SAL000322,2026-05-11,STR003,PRD018,1,899.0,899.0
SAL000323,2026-05-11,STR003,PRD021,2,1099.0,2198.0
SAL000324,2026-05-11,STR003,PRD024,1,1499.0,1499.0
SAL000325,2026-05-11,STR003,PRD025,3,1899.0,5697.0
SAL000326,2026-05-11,STR003,PRD026,3,299.0,897.0
SAL000327,2026-05-11,STR003,PRD027,2,179.0,358.0
SAL000328,2026-05-11,STR003,PRD028,2,499.0,998.0
SAL000329,2026-05-11,STR003,PRD030,7,199.0,1393.0
SAL000330,2026-05-11,STR003,PRD031,2,999.0,1998.0
SAL000331,2026-05-11,STR003,PRD034,1,399.0,399.0
SAL000332,2026-05-11,STR003,PRD036,4,329.0,1316.0
SAL000333,2026-05-11,STR003,PRD038,4,429.0,1716.0
SAL000334,2026-05-11,STR004,PRD001,5,599.0,2995.0
SAL000335,2026-05-11,STR004,PRD003,3,3499.0,10497.0
SAL000336,2026-05-11,STR004,PRD004,5,1199.0,5995.0
SAL000337,2026-05-11,STR004,PRD006,4,1799.0,7196.0
SAL000338,2026-05-11,STR004,PRD007,4,1999.0,7996.0
SAL000339,2026-05-11,STR004,PRD009,7,299.0,2093.0
SAL000340,2026-05-11,STR004,PRD011,1,1599.0,1599.0
SAL000341,2026-05-11,STR004,PRD017,3,649.0,1947.0
SAL000342,2026-05-11,STR004,PRD018,1,899.0,899.0
SAL000343,2026-05-11,STR004,PRD026,4,299.0,1196.0
SAL000344,2026-05-11,STR004,PRD028,4,499.0,1996.0
SAL000345,2026-05-11,STR004,PRD030,4,199.0,796.0
SAL000346,2026-05-11,STR004,PRD031,4,999.0,3996.0
SAL000347,2026-05-11,STR004,PRD032,1,699.0,699.0
SAL000348,2026-05-11,STR004,PRD036,4,329.0,1316.0
SAL000349,2026-05-11,STR004,PRD038,4,429.0,1716.0
SAL000350,2026-05-11,STR004,PRD040,4,249.0,996.0
SAL000351,2026-05-12,STR001,PRD001,5,599.0,2995.0
SAL000352,2026-05-12,STR001,PRD003,2,3499.0,6998.0
SAL000353,2026-05-12,STR001,PRD004,7,1199.0,8393.0
SAL000354,2026-05-12,STR001,PRD006,3,1799.0,5397.0
SAL000355,2026-05-12,STR001,PRD007,5,1999.0,9995.0
SAL000356,2026-05-12,STR001,PRD008,1,1499.0,1499.0
SAL000357,2026-05-12,STR001,PRD009,7,299.0,2093.0
SAL000358,2026-05-12,STR001,PRD010,6,1299.0,7794.0
SAL000359,2026-05-12,STR001,PRD014,1,899.0,899.0
SAL000360,2026-05-12,STR001,PRD015,3,449.0,1347.0
SAL000361,2026-05-12,STR001,PRD017,1,649.0,649.0
SAL000362,2026-05-12,STR001,PRD022,1,599.0,599.0
SAL000363,2026-05-12,STR001,PRD024,4,1499.0,5996.0
SAL000364,2026-05-12,STR001,PRD025,2,1899.0,3798.0
SAL000365,2026-05-12,STR001,PRD027,4,179.0,716.0
SAL000366,2026-05-12,STR001,PRD028,5,499.0,2495.0
SAL000367,2026-05-12,STR001,PRD030,5,199.0,995.0
SAL000368,2026-05-12,STR001,PRD035,6,449.0,2694.0
SAL000369,2026-05-12,STR001,PRD036,5,329.0,1645.0
SAL000370,2026-05-12,STR001,PRD039,7,299.0,2093.0
SAL000371,2026-05-12,STR001,PRD040,7,249.0,1743.0
SAL000372,2026-05-12,STR002,PRD001,6,599.0,3594.0
SAL000373,2026-05-12,STR002,PRD002,1,2899.0,2899.0
SAL000374,2026-05-12,STR002,PRD004,2,1199.0,2398.0
SAL000375,2026-05-12,STR002,PRD007,2,1999.0,3998.0
SAL000376,2026-05-12,STR002,PRD008,3,1499.0,4497.0
SAL000377,2026-05-12,STR002,PRD009,3,299.0,897.0
SAL000378,2026-05-12,STR002,PRD011,2,1599.0,3198.0
SAL000379,2026-05-12,STR002,PRD012,2,199.0,398.0
SAL000380,2026-05-12,STR002,PRD013,2,249.0,498.0
SAL000381,2026-05-12,STR002,PRD015,3,449.0,1347.0
SAL000382,2026-05-12,STR002,PRD017,2,649.0,1298.0
SAL000383,2026-05-12,STR002,PRD020,1,1499.0,1499.0
SAL000384,2026-05-12,STR002,PRD021,3,1099.0,3297.0
SAL000385,2026-05-12,STR002,PRD023,3,1299.0,3897.0
SAL000386,2026-05-12,STR002,PRD024,3,1499.0,4497.0
SAL000387,2026-05-12,STR002,PRD025,5,1899.0,9495.0
SAL000388,2026-05-12,STR002,PRD026,8,299.0,2392.0
SAL000389,2026-05-12,STR002,PRD027,5,179.0,895.0
SAL000390,2026-05-12,STR002,PRD029,1,349.0,349.0
SAL000391,2026-05-12,STR002,PRD030,3,199.0,597.0
SAL000392,2026-05-12,STR002,PRD032,2,699.0,1398.0
SAL000393,2026-05-12,STR002,PRD035,2,449.0,898.0
SAL000394,2026-05-12,STR002,PRD036,6,329.0,1974.0
SAL000395,2026-05-12,STR002,PRD038,5,429.0,2145.0
SAL000396,2026-05-12,STR002,PRD039,2,299.0,598.0
SAL000397,2026-05-12,STR002,PRD040,3,249.0,747.0
SAL000398,2026-05-12,STR003,PRD001,4,599.0,2396.0
SAL000399,2026-05-12,STR003,PRD004,5,1199.0,5995.0
SAL000400,2026-05-12,STR003,PRD006,4,1799.0,7196.0
SAL000401,2026-05-12,STR003,PRD007,5,1999.0,9995.0
SAL000402,2026-05-12,STR003,PRD008,1,1499.0,1499.0
SAL000403,2026-05-12,STR003,PRD013,4,249.0,996.0
SAL000404,2026-05-12,STR003,PRD015,4,449.0,1796.0
SAL000405,2026-05-12,STR003,PRD016,1,1199.0,1199.0
SAL000406,2026-05-12,STR003,PRD017,3,649.0,1947.0
SAL000407,2026-05-12,STR003,PRD020,4,1499.0,5996.0
SAL000408,2026-05-12,STR003,PRD021,1,1099.0,1099.0
SAL000409,2026-05-12,STR003,PRD022,1,599.0,599.0
SAL000410,2026-05-12,STR003,PRD024,2,1499.0,2998.0
SAL000411,2026-05-12,STR003,PRD026,6,299.0,1794.0
SAL000412,2026-05-12,STR003,PRD028,5,499.0,2495.0
SAL000413,2026-05-12,STR003,PRD029,4,349.0,1396.0
SAL000414,2026-05-12,STR003,PRD034,2,399.0,798.0
SAL000415,2026-05-12,STR003,PRD035,2,449.0,898.0
SAL000416,2026-05-12,STR003,PRD036,2,329.0,658.0
SAL000417,2026-05-12,STR003,PRD037,3,379.0,1137.0
SAL000418,2026-05-12,STR003,PRD038,3,429.0,1287.0
SAL000419,2026-05-12,STR003,PRD039,5,299.0,1495.0
SAL000420,2026-05-12,STR003,PRD040,6,249.0,1494.0
SAL000421,2026-05-12,STR004,PRD001,7,599.0,4193.0
SAL000422,2026-05-12,STR004,PRD004,7,1199.0,8393.0
SAL000423,2026-05-12,STR004,PRD005,1,2299.0,2299.0
SAL000424,2026-05-12,STR004,PRD006,3,1799.0,5397.0
SAL000425,2026-05-12,STR004,PRD008,2,1499.0,2998.0
SAL000426,2026-05-12,STR004,PRD011,2,1599.0,3198.0
SAL000427,2026-05-12,STR004,PRD014,1,899.0,899.0
SAL000428,2026-05-12,STR004,PRD015,4,449.0,1796.0
SAL000429,2026-05-12,STR004,PRD016,3,1199.0,3597.0
SAL000430,2026-05-12,STR004,PRD017,3,649.0,1947.0
SAL000431,2026-05-12,STR004,PRD020,1,1499.0,1499.0
SAL000432,2026-05-12,STR004,PRD021,1,1099.0,1099.0
SAL000433,2026-05-12,STR004,PRD023,4,1299.0,5196.0
SAL000434,2026-05-12,STR004,PRD024,4,1499.0,5996.0
SAL000435,2026-05-12,STR004,PRD025,2,1899.0,3798.0
SAL000436,2026-05-12,STR004,PRD026,2,299.0,598.0
SAL000437,2026-05-12,STR004,PRD027,1,179.0,179.0
SAL000438,2026-05-12,STR004,PRD028,5,499.0,2495.0
SAL000439,2026-05-12,STR004,PRD029,3,349.0,1047.0
SAL000440,2026-05-12,STR004,PRD030,5,199.0,995.0
SAL000441,2026-05-12,STR004,PRD032,1,699.0,699.0
SAL000442,2026-05-12,STR004,PRD034,2,399.0,798.0
SAL000443,2026-05-12,STR004,PRD036,2,329.0,658.0
SAL000444,2026-05-12,STR004,PRD037,4,379.0,1516.0
SAL000445,2026-05-12,STR004,PRD038,4,429.0,1716.0
SAL000446,2026-05-12,STR004,PRD039,3,299.0,897.0
SAL000447,2026-05-12,STR004,PRD040,7,249.0,1743.0
SAL000448,2026-05-13,STR001,PRD001,2,599.0,1198.0
SAL000449,2026-05-13,STR001,PRD002,1,2899.0,2899.0
SAL000450,2026-05-13,STR001,PRD003,4,3499.0,13996.0
SAL000451,2026-05-13,STR001,PRD004,4,1199.0,4796.0
SAL000452,2026-05-13,STR001,PRD006,4,1799.0,7196.0
SAL000453,2026-05-13,STR001,PRD007,5,1999.0,9995.0
SAL000454,2026-05-13,STR001,PRD008,3,1499.0,4497.0
SAL000455,2026-05-13,STR001,PRD009,6,299.0,1794.0
SAL000456,2026-05-13,STR001,PRD010,6,1299.0,7794.0
SAL000457,2026-05-13,STR001,PRD011,1,1599.0,1599.0
SAL000458,2026-05-13,STR001,PRD012,4,199.0,796.0
SAL000459,2026-05-13,STR001,PRD013,4,249.0,996.0
SAL000460,2026-05-13,STR001,PRD016,2,1199.0,2398.0
SAL000461,2026-05-13,STR001,PRD017,1,649.0,649.0
SAL000462,2026-05-13,STR001,PRD019,2,1399.0,2798.0
SAL000463,2026-05-13,STR001,PRD020,2,1499.0,2998.0
SAL000464,2026-05-13,STR001,PRD021,2,1099.0,2198.0
SAL000465,2026-05-13,STR001,PRD023,2,1299.0,2598.0
SAL000466,2026-05-13,STR001,PRD026,7,299.0,2093.0
SAL000467,2026-05-13,STR001,PRD027,4,179.0,716.0
SAL000468,2026-05-13,STR001,PRD028,4,499.0,1996.0
SAL000469,2026-05-13,STR001,PRD030,3,199.0,597.0
SAL000470,2026-05-13,STR001,PRD031,4,999.0,3996.0
SAL000471,2026-05-13,STR001,PRD034,1,399.0,399.0
SAL000472,2026-05-13,STR001,PRD035,4,449.0,1796.0
SAL000473,2026-05-13,STR001,PRD036,5,329.0,1645.0
SAL000474,2026-05-13,STR001,PRD037,3,379.0,1137.0
SAL000475,2026-05-13,STR001,PRD039,2,299.0,598.0
SAL000476,2026-05-13,STR001,PRD040,6,249.0,1494.0
SAL000477,2026-05-13,STR002,PRD001,7,599.0,4193.0
SAL000478,2026-05-13,STR002,PRD005,3,2299.0,6897.0
SAL000479,2026-05-13,STR002,PRD007,6,1999.0,11994.0
SAL000480,2026-05-13,STR002,PRD008,1,1499.0,1499.0
SAL000481,2026-05-13,STR002,PRD009,5,299.0,1495.0
SAL000482,2026-05-13,STR002,PRD011,2,1599.0,3198.0
SAL000483,2026-05-13,STR002,PRD012,5,199.0,995.0
SAL000484,2026-05-13,STR002,PRD015,3,449.0,1347.0
SAL000485,2026-05-13,STR002,PRD016,3,1199.0,3597.0
SAL000486,2026-05-13,STR002,PRD017,3,649.0,1947.0
SAL000487,2026-05-13,STR002,PRD019,2,1399.0,2798.0
SAL000488,2026-05-13,STR002,PRD020,1,1499.0,1499.0
SAL000489,2026-05-13,STR002,PRD023,2,1299.0,2598.0
SAL000490,2026-05-13,STR002,PRD024,2,1499.0,2998.0
SAL000491,2026-05-13,STR002,PRD026,8,299.0,2392.0
SAL000492,2026-05-13,STR002,PRD028,2,499.0,998.0
SAL000493,2026-05-13,STR002,PRD029,5,349.0,1745.0
SAL000494,2026-05-13,STR002,PRD030,5,199.0,995.0
SAL000495,2026-05-13,STR002,PRD036,8,329.0,2632.0
SAL000496,2026-05-13,STR002,PRD038,1,429.0,429.0
SAL000497,2026-05-13,STR002,PRD039,3,299.0,897.0
SAL000498,2026-05-13,STR003,PRD001,5,599.0,2995.0
SAL000499,2026-05-13,STR003,PRD002,2,2899.0,5798.0
SAL000500,2026-05-13,STR003,PRD003,3,3499.0,10497.0
SAL000501,2026-05-13,STR003,PRD004,2,1199.0,2398.0
SAL000502,2026-05-13,STR003,PRD006,1,1799.0,1799.0
SAL000503,2026-05-13,STR003,PRD007,3,1999.0,5997.0
SAL000504,2026-05-13,STR003,PRD009,3,299.0,897.0
SAL000505,2026-05-13,STR003,PRD013,4,249.0,996.0
SAL000506,2026-05-13,STR003,PRD014,2,899.0,1798.0
SAL000507,2026-05-13,STR003,PRD016,4,1199.0,4796.0
SAL000508,2026-05-13,STR003,PRD020,2,1499.0,2998.0
SAL000509,2026-05-13,STR003,PRD021,4,1099.0,4396.0
SAL000510,2026-05-13,STR003,PRD023,4,1299.0,5196.0
SAL000511,2026-05-13,STR003,PRD024,3,1499.0,4497.0
SAL000512,2026-05-13,STR003,PRD026,5,299.0,1495.0
SAL000513,2026-05-13,STR003,PRD030,4,199.0,796.0
SAL000514,2026-05-13,STR003,PRD031,4,999.0,3996.0
SAL000515,2026-05-13,STR003,PRD034,1,399.0,399.0
SAL000516,2026-05-13,STR003,PRD035,1,449.0,449.0
SAL000517,2026-05-13,STR003,PRD036,6,329.0,1974.0
SAL000518,2026-05-13,STR003,PRD037,4,379.0,1516.0
SAL000519,2026-05-13,STR003,PRD038,2,429.0,858.0
SAL000520,2026-05-13,STR003,PRD039,4,299.0,1196.0
SAL000521,2026-05-13,STR004,PRD001,5,599.0,2995.0
SAL000522,2026-05-13,STR004,PRD002,2,2899.0,5798.0
SAL000523,2026-05-13,STR004,PRD003,1,3499.0,3499.0
SAL000524,2026-05-13,STR004,PRD004,2,1199.0,2398.0
SAL000525,2026-05-13,STR004,PRD005,1,2299.0,2299.0
SAL000526,2026-05-13,STR004,PRD007,3,1999.0,5997.0
SAL000527,2026-05-13,STR004,PRD008,3,1499.0,4497.0
SAL000528,2026-05-13,STR004,PRD013,1,249.0,249.0
SAL000529,2026-05-13,STR004,PRD015,2,449.0,898.0
SAL000530,2026-05-13,STR004,PRD017,4,649.0,2596.0
SAL000531,2026-05-13,STR004,PRD018,2,899.0,1798.0
SAL000532,2026-05-13,STR004,PRD020,2,1499.0,2998.0
SAL000533,2026-05-13,STR004,PRD021,4,1099.0,4396.0
SAL000534,2026-05-13,STR004,PRD022,2,599.0,1198.0
SAL000535,2026-05-13,STR004,PRD024,2,1499.0,2998.0
SAL000536,2026-05-13,STR004,PRD026,2,299.0,598.0
SAL000537,2026-05-13,STR004,PRD028,5,499.0,2495.0
SAL000538,2026-05-13,STR004,PRD029,1,349.0,349.0
SAL000539,2026-05-13,STR004,PRD030,4,199.0,796.0
SAL000540,2026-05-13,STR004,PRD031,1,999.0,999.0
SAL000541,2026-05-13,STR004,PRD036,2,329.0,658.0
SAL000542,2026-05-13,STR004,PRD037,1,379.0,379.0
SAL000543,2026-05-13,STR004,PRD038,1,429.0,429.0
SAL000544,2026-05-13,STR004,PRD039,7,299.0,2093.0
SAL000545,2026-05-13,STR004,PRD040,3,249.0,747.0
SAL000546,2026-05-14,STR001,PRD001,6,599.0,3594.0
SAL000547,2026-05-14,STR001,PRD002,2,2899.0,5798.0
SAL000548,2026-05-14,STR001,PRD004,7,1199.0,8393.0
SAL000549,2026-05-14,STR001,PRD005,1,2299.0,2299.0
SAL000550,2026-05-14,STR001,PRD007,5,1999.0,9995.0
SAL000551,2026-05-14,STR001,PRD008,2,1499.0,2998.0
SAL000552,2026-05-14,STR001,PRD009,3,299.0,897.0
SAL000553,2026-05-14,STR001,PRD010,6,1299.0,7794.0
SAL000554,2026-05-14,STR001,PRD012,4,199.0,796.0
SAL000555,2026-05-14,STR001,PRD013,2,249.0,498.0
SAL000556,2026-05-14,STR001,PRD016,3,1199.0,3597.0
SAL000557,2026-05-14,STR001,PRD017,3,649.0,1947.0
SAL000558,2026-05-14,STR001,PRD018,2,899.0,1798.0
SAL000559,2026-05-14,STR001,PRD021,2,1099.0,2198.0
SAL000560,2026-05-14,STR001,PRD023,3,1299.0,3897.0
SAL000561,2026-05-14,STR001,PRD026,6,299.0,1794.0
SAL000562,2026-05-14,STR001,PRD028,4,499.0,1996.0
SAL000563,2026-05-14,STR001,PRD029,1,349.0,349.0
SAL000564,2026-05-14,STR001,PRD030,4,199.0,796.0
SAL000565,2026-05-14,STR001,PRD031,4,999.0,3996.0
SAL000566,2026-05-14,STR001,PRD032,2,699.0,1398.0
SAL000567,2026-05-14,STR001,PRD034,3,399.0,1197.0
SAL000568,2026-05-14,STR001,PRD035,7,449.0,3143.0
SAL000569,2026-05-14,STR001,PRD036,2,329.0,658.0
SAL000570,2026-05-14,STR001,PRD037,4,379.0,1516.0
SAL000571,2026-05-14,STR001,PRD038,2,429.0,858.0
SAL000572,2026-05-14,STR001,PRD040,6,249.0,1494.0
SAL000573,2026-05-14,STR002,PRD001,6,599.0,3594.0
SAL000574,2026-05-14,STR002,PRD002,1,2899.0,2899.0
SAL000575,2026-05-14,STR002,PRD003,3,3499.0,10497.0
SAL000576,2026-05-14,STR002,PRD004,7,1199.0,8393.0
SAL000577,2026-05-14,STR002,PRD005,1,2299.0,2299.0
SAL000578,2026-05-14,STR002,PRD008,1,1499.0,1499.0
SAL000579,2026-05-14,STR002,PRD009,7,299.0,2093.0
SAL000580,2026-05-14,STR002,PRD011,3,1599.0,4797.0
SAL000581,2026-05-14,STR002,PRD012,1,199.0,199.0
SAL000582,2026-05-14,STR002,PRD013,2,249.0,498.0
SAL000583,2026-05-14,STR002,PRD015,1,449.0,449.0
SAL000584,2026-05-14,STR002,PRD016,3,1199.0,3597.0
SAL000585,2026-05-14,STR002,PRD018,3,899.0,2697.0
SAL000586,2026-05-14,STR002,PRD021,1,1099.0,1099.0
SAL000587,2026-05-14,STR002,PRD022,1,599.0,599.0
SAL000588,2026-05-14,STR002,PRD023,5,1299.0,6495.0
SAL000589,2026-05-14,STR002,PRD028,2,499.0,998.0
SAL000590,2026-05-14,STR002,PRD029,3,349.0,1047.0
SAL000591,2026-05-14,STR002,PRD036,2,329.0,658.0
SAL000592,2026-05-14,STR002,PRD039,6,299.0,1794.0
SAL000593,2026-05-14,STR002,PRD040,7,249.0,1743.0
SAL000594,2026-05-14,STR003,PRD001,5,599.0,2995.0
SAL000595,2026-05-14,STR003,PRD004,2,1199.0,2398.0
SAL000596,2026-05-14,STR003,PRD005,2,2299.0,4598.0
SAL000597,2026-05-14,STR003,PRD008,4,1499.0,5996.0
SAL000598,2026-05-14,STR003,PRD009,2,299.0,598.0
SAL000599,2026-05-14,STR003,PRD010,2,1299.0,2598.0
SAL000600,2026-05-14,STR003,PRD012,3,199.0,597.0
SAL000601,2026-05-14,STR003,PRD013,2,249.0,498.0
SAL000602,2026-05-14,STR003,PRD015,1,449.0,449.0
SAL000603,2026-05-14,STR003,PRD017,3,649.0,1947.0
SAL000604,2026-05-14,STR003,PRD018,2,899.0,1798.0
SAL000605,2026-05-14,STR003,PRD020,3,1499.0,4497.0
SAL000606,2026-05-14,STR003,PRD025,3,1899.0,5697.0
SAL000607,2026-05-14,STR003,PRD026,2,299.0,598.0
SAL000608,2026-05-14,STR003,PRD027,2,179.0,358.0
SAL000609,2026-05-14,STR003,PRD028,3,499.0,1497.0
SAL000610,2026-05-14,STR003,PRD029,3,349.0,1047.0
SAL000611,2026-05-14,STR003,PRD030,6,199.0,1194.0
SAL000612,2026-05-14,STR003,PRD031,1,999.0,999.0
SAL000613,2026-05-14,STR003,PRD032,2,699.0,1398.0
SAL000614,2026-05-14,STR003,PRD036,5,329.0,1645.0
SAL000615,2026-05-14,STR003,PRD038,3,429.0,1287.0
SAL000616,2026-05-14,STR003,PRD039,7,299.0,2093.0
SAL000617,2026-05-14,STR003,PRD040,5,249.0,1245.0
SAL000618,2026-05-14,STR004,PRD001,2,599.0,1198.0
SAL000619,2026-05-14,STR004,PRD002,4,2899.0,11596.0
SAL000620,2026-05-14,STR004,PRD003,2,3499.0,6998.0
SAL000621,2026-05-14,STR004,PRD004,3,1199.0,3597.0
SAL000622,2026-05-14,STR004,PRD005,3,2299.0,6897.0
SAL000623,2026-05-14,STR004,PRD006,3,1799.0,5397.0
SAL000624,2026-05-14,STR004,PRD008,3,1499.0,4497.0
SAL000625,2026-05-14,STR004,PRD009,2,299.0,598.0
SAL000626,2026-05-14,STR004,PRD011,3,1599.0,4797.0
SAL000627,2026-05-14,STR004,PRD012,2,199.0,398.0
SAL000628,2026-05-14,STR004,PRD013,3,249.0,747.0
SAL000629,2026-05-14,STR004,PRD016,2,1199.0,2398.0
SAL000630,2026-05-14,STR004,PRD020,2,1499.0,2998.0
SAL000631,2026-05-14,STR004,PRD021,4,1099.0,4396.0
SAL000632,2026-05-14,STR004,PRD023,1,1299.0,1299.0
SAL000633,2026-05-14,STR004,PRD024,4,1499.0,5996.0
SAL000634,2026-05-14,STR004,PRD025,2,1899.0,3798.0
SAL000635,2026-05-14,STR004,PRD026,4,299.0,1196.0
SAL000636,2026-05-14,STR004,PRD027,3,179.0,537.0
SAL000637,2026-05-14,STR004,PRD028,5,499.0,2495.0
SAL000638,2026-05-14,STR004,PRD029,1,349.0,349.0
SAL000639,2026-05-14,STR004,PRD030,5,199.0,995.0
SAL000640,2026-05-14,STR004,PRD031,3,999.0,2997.0
SAL000641,2026-05-14,STR004,PRD034,4,399.0,1596.0
SAL000642,2026-05-14,STR004,PRD035,1,449.0,449.0
SAL000643,2026-05-14,STR004,PRD036,4,329.0,1316.0
SAL000644,2026-05-14,STR004,PRD037,4,379.0,1516.0
SAL000645,2026-05-14,STR004,PRD039,6,299.0,1794.0
SAL000646,2026-05-14,STR004,PRD040,2,249.0,498.0
SAL000647,2026-05-15,STR001,PRD001,2,599.0,1198.0
SAL000648,2026-05-15,STR001,PRD002,3,2899.0,8697.0
SAL000649,2026-05-15,STR001,PRD003,3,3499.0,10497.0
SAL000650,2026-05-15,STR001,PRD004,3,1199.0,3597.0
SAL000651,2026-05-15,STR001,PRD006,1,1799.0,1799.0
SAL000652,2026-05-15,STR001,PRD007,3,1999.0,5997.0
SAL000653,2026-05-15,STR001,PRD009,6,299.0,1794.0
SAL000654,2026-05-15,STR001,PRD010,8,1299.0,10392.0
SAL000655,2026-05-15,STR001,PRD012,3,199.0,597.0
SAL000656,2026-05-15,STR001,PRD013,3,249.0,747.0
SAL000657,2026-05-15,STR001,PRD015,4,449.0,1796.0
SAL000658,2026-05-15,STR001,PRD017,1,649.0,649.0
SAL000659,2026-05-15,STR001,PRD018,3,899.0,2697.0
SAL000660,2026-05-15,STR001,PRD019,2,1399.0,2798.0
SAL000661,2026-05-15,STR001,PRD024,4,1499.0,5996.0
SAL000662,2026-05-15,STR001,PRD025,2,1899.0,3798.0
SAL000663,2026-05-15,STR001,PRD026,6,299.0,1794.0
SAL000664,2026-05-15,STR001,PRD027,4,179.0,716.0
SAL000665,2026-05-15,STR001,PRD028,3,499.0,1497.0
SAL000666,2026-05-15,STR001,PRD029,1,349.0,349.0
SAL000667,2026-05-15,STR001,PRD030,5,199.0,995.0
SAL000668,2026-05-15,STR001,PRD031,2,999.0,1998.0
SAL000669,2026-05-15,STR001,PRD033,2,849.0,1698.0
SAL000670,2026-05-15,STR001,PRD035,4,449.0,1796.0
SAL000671,2026-05-15,STR001,PRD036,6,329.0,1974.0
SAL000672,2026-05-15,STR001,PRD037,3,379.0,1137.0
SAL000673,2026-05-15,STR001,PRD039,5,299.0,1495.0
SAL000674,2026-05-15,STR001,PRD040,3,249.0,747.0
SAL000675,2026-05-15,STR002,PRD001,7,599.0,4193.0
SAL000676,2026-05-15,STR002,PRD002,3,2899.0,8697.0
SAL000677,2026-05-15,STR002,PRD007,6,1999.0,11994.0
SAL000678,2026-05-15,STR002,PRD008,2,1499.0,2998.0
SAL000679,2026-05-15,STR002,PRD009,5,299.0,1495.0
SAL000680,2026-05-15,STR002,PRD010,2,1299.0,2598.0
SAL000681,2026-05-15,STR002,PRD015,3,449.0,1347.0
SAL000682,2026-05-15,STR002,PRD016,5,1199.0,5995.0
SAL000683,2026-05-15,STR002,PRD018,2,899.0,1798.0
SAL000684,2026-05-15,STR002,PRD021,3,1099.0,3297.0
SAL000685,2026-05-15,STR002,PRD023,5,1299.0,6495.0
SAL000686,2026-05-15,STR002,PRD026,7,299.0,2093.0
SAL000687,2026-05-15,STR002,PRD027,3,179.0,537.0
SAL000688,2026-05-15,STR002,PRD028,3,499.0,1497.0
SAL000689,2026-05-15,STR002,PRD029,2,349.0,698.0
SAL000690,2026-05-15,STR002,PRD030,2,199.0,398.0
SAL000691,2026-05-15,STR002,PRD031,3,999.0,2997.0
SAL000692,2026-05-15,STR002,PRD033,1,849.0,849.0
SAL000693,2026-05-15,STR002,PRD034,2,399.0,798.0
SAL000694,2026-05-15,STR002,PRD038,2,429.0,858.0
SAL000695,2026-05-15,STR002,PRD039,5,299.0,1495.0
SAL000696,2026-05-15,STR002,PRD040,8,249.0,1992.0
SAL000697,2026-05-15,STR003,PRD001,2,599.0,1198.0
SAL000698,2026-05-15,STR003,PRD003,1,3499.0,3499.0
SAL000699,2026-05-15,STR003,PRD005,1,2299.0,2299.0
SAL000700,2026-05-15,STR003,PRD007,5,1999.0,9995.0
SAL000701,2026-05-15,STR003,PRD009,7,299.0,2093.0
SAL000702,2026-05-15,STR003,PRD013,1,249.0,249.0
SAL000703,2026-05-15,STR003,PRD015,4,449.0,1796.0
SAL000704,2026-05-15,STR003,PRD017,4,649.0,2596.0
SAL000705,2026-05-15,STR003,PRD019,2,1399.0,2798.0
SAL000706,2026-05-15,STR003,PRD020,1,1499.0,1499.0
SAL000707,2026-05-15,STR003,PRD021,4,1099.0,4396.0
SAL000708,2026-05-15,STR003,PRD024,3,1499.0,4497.0
SAL000709,2026-05-15,STR003,PRD026,3,299.0,897.0
SAL000710,2026-05-15,STR003,PRD027,4,179.0,716.0
SAL000711,2026-05-15,STR003,PRD029,1,349.0,349.0
SAL000712,2026-05-15,STR003,PRD030,2,199.0,398.0
SAL000713,2026-05-15,STR003,PRD031,2,999.0,1998.0
SAL000714,2026-05-15,STR003,PRD034,4,399.0,1596.0
SAL000715,2026-05-15,STR003,PRD035,2,449.0,898.0
SAL000716,2026-05-15,STR003,PRD037,1,379.0,379.0
SAL000717,2026-05-15,STR003,PRD038,3,429.0,1287.0
SAL000718,2026-05-15,STR003,PRD039,2,299.0,598.0
SAL000719,2026-05-15,STR003,PRD040,5,249.0,1245.0
SAL000720,2026-05-15,STR004,PRD001,5,599.0,2995.0
SAL000721,2026-05-15,STR004,PRD007,4,1999.0,7996.0
SAL000722,2026-05-15,STR004,PRD008,2,1499.0,2998.0
SAL000723,2026-05-15,STR004,PRD009,3,299.0,897.0
SAL000724,2026-05-15,STR004,PRD011,3,1599.0,4797.0
SAL000725,2026-05-15,STR004,PRD012,4,199.0,796.0
SAL000726,2026-05-15,STR004,PRD020,3,1499.0,4497.0
SAL000727,2026-05-15,STR004,PRD021,1,1099.0,1099.0
SAL000728,2026-05-15,STR004,PRD022,1,599.0,599.0
SAL000729,2026-05-15,STR004,PRD024,3,1499.0,4497.0
SAL000730,2026-05-15,STR004,PRD026,7,299.0,2093.0
SAL000731,2026-05-15,STR004,PRD027,4,179.0,716.0
SAL000732,2026-05-15,STR004,PRD028,5,499.0,2495.0
SAL000733,2026-05-15,STR004,PRD030,6,199.0,1194.0
SAL000734,2026-05-15,STR004,PRD031,1,999.0,999.0
SAL000735,2026-05-15,STR004,PRD034,1,399.0,399.0
SAL000736,2026-05-15,STR004,PRD036,7,329.0,2303.0
SAL000737,2026-05-15,STR004,PRD037,1,379.0,379.0
SAL000738,2026-05-15,STR004,PRD038,3,429.0,1287.0
SAL000739,2026-05-15,STR004,PRD039,6,299.0,1794.0
SAL000740,2026-05-16,STR001,PRD001,3,599.0,1797.0
SAL000741,2026-05-16,STR001,PRD003,4,3499.0,13996.0
SAL000742,2026-05-16,STR001,PRD004,4,1199.0,4796.0
SAL000743,2026-05-16,STR001,PRD007,7,1999.0,13993.0
SAL000744,2026-05-16,STR001,PRD008,5,1499.0,7495.0
SAL000745,2026-05-16,STR001,PRD009,7,299.0,2093.0
SAL000746,2026-05-16,STR001,PRD010,10,1299.0,12990.0
SAL000747,2026-05-16,STR001,PRD011,4,1599.0,6396.0
SAL000748,2026-05-16,STR001,PRD012,5,199.0,995.0
SAL000749,2026-05-16,STR001,PRD013,3,249.0,747.0
SAL000750,2026-05-16,STR001,PRD017,5,649.0,3245.0
SAL000751,2026-05-16,STR001,PRD020,4,1499.0,5996.0
SAL000752,2026-05-16,STR001,PRD021,3,1099.0,3297.0
SAL000753,2026-05-16,STR001,PRD024,5,1499.0,7495.0
SAL000754,2026-05-16,STR001,PRD028,3,499.0,1497.0
SAL000755,2026-05-16,STR001,PRD029,1,349.0,349.0
SAL000756,2026-05-16,STR001,PRD030,9,199.0,1791.0
SAL000757,2026-05-16,STR001,PRD032,1,699.0,699.0
SAL000758,2026-05-16,STR001,PRD034,3,399.0,1197.0
SAL000759,2026-05-16,STR001,PRD035,5,449.0,2245.0
SAL000760,2026-05-16,STR001,PRD036,5,329.0,1645.0
SAL000761,2026-05-16,STR001,PRD037,4,379.0,1516.0
SAL000762,2026-05-16,STR001,PRD039,5,299.0,1495.0
SAL000763,2026-05-16,STR001,PRD040,4,249.0,996.0
SAL000764,2026-05-16,STR002,PRD002,6,2899.0,17394.0
SAL000765,2026-05-16,STR002,PRD003,1,3499.0,3499.0
SAL000766,2026-05-16,STR002,PRD004,9,1199.0,10791.0
SAL000767,2026-05-16,STR002,PRD007,7,1999.0,13993.0
SAL000768,2026-05-16,STR002,PRD009,6,299.0,1794.0
SAL000769,2026-05-16,STR002,PRD013,6,249.0,1494.0
SAL000770,2026-05-16,STR002,PRD015,3,449.0,1347.0
SAL000771,2026-05-16,STR002,PRD017,3,649.0,1947.0
SAL000772,2026-05-16,STR002,PRD018,4,899.0,3596.0
SAL000773,2026-05-16,STR002,PRD019,3,1399.0,4197.0
SAL000774,2026-05-16,STR002,PRD024,3,1499.0,4497.0
SAL000775,2026-05-16,STR002,PRD025,4,1899.0,7596.0
SAL000776,2026-05-16,STR002,PRD026,7,299.0,2093.0
SAL000777,2026-05-16,STR002,PRD028,4,499.0,1996.0
SAL000778,2026-05-16,STR002,PRD029,6,349.0,2094.0
SAL000779,2026-05-16,STR002,PRD030,9,199.0,1791.0
SAL000780,2026-05-16,STR002,PRD031,1,999.0,999.0
SAL000781,2026-05-16,STR002,PRD032,1,699.0,699.0
SAL000782,2026-05-16,STR002,PRD037,3,379.0,1137.0
SAL000783,2026-05-16,STR002,PRD039,7,299.0,2093.0
SAL000784,2026-05-16,STR003,PRD001,8,599.0,4792.0
SAL000785,2026-05-16,STR003,PRD002,2,2899.0,5798.0
SAL000786,2026-05-16,STR003,PRD004,6,1199.0,7194.0
SAL000787,2026-05-16,STR003,PRD005,4,2299.0,9196.0
SAL000788,2026-05-16,STR003,PRD006,4,1799.0,7196.0
SAL000789,2026-05-16,STR003,PRD007,6,1999.0,11994.0
SAL000790,2026-05-16,STR003,PRD008,5,1499.0,7495.0
SAL000791,2026-05-16,STR003,PRD009,5,299.0,1495.0
SAL000792,2026-05-16,STR003,PRD011,5,1599.0,7995.0
SAL000793,2026-05-16,STR003,PRD012,2,199.0,398.0
SAL000794,2026-05-16,STR003,PRD014,2,899.0,1798.0
SAL000795,2026-05-16,STR003,PRD015,2,449.0,898.0
SAL000796,2026-05-16,STR003,PRD016,5,1199.0,5995.0
SAL000797,2026-05-16,STR003,PRD017,2,649.0,1298.0
SAL000798,2026-05-16,STR003,PRD018,4,899.0,3596.0
SAL000799,2026-05-16,STR003,PRD020,5,1499.0,7495.0
SAL000800,2026-05-16,STR003,PRD023,2,1299.0,2598.0
SAL000801,2026-05-16,STR003,PRD025,2,1899.0,3798.0
SAL000802,2026-05-16,STR003,PRD026,6,299.0,1794.0
SAL000803,2026-05-16,STR003,PRD027,1,179.0,179.0
SAL000804,2026-05-16,STR003,PRD028,2,499.0,998.0
SAL000805,2026-05-16,STR003,PRD030,2,199.0,398.0
SAL000806,2026-05-16,STR003,PRD031,2,999.0,1998.0
SAL000807,2026-05-16,STR003,PRD032,1,699.0,699.0
SAL000808,2026-05-16,STR003,PRD033,2,849.0,1698.0
SAL000809,2026-05-16,STR003,PRD034,5,399.0,1995.0
SAL000810,2026-05-16,STR003,PRD036,7,329.0,2303.0
SAL000811,2026-05-16,STR003,PRD038,4,429.0,1716.0
SAL000812,2026-05-16,STR003,PRD039,5,299.0,1495.0
SAL000813,2026-05-16,STR003,PRD040,8,249.0,1992.0
SAL000814,2026-05-16,STR004,PRD001,4,599.0,2396.0
SAL000815,2026-05-16,STR004,PRD002,1,2899.0,2899.0
SAL000816,2026-05-16,STR004,PRD003,2,3499.0,6998.0
SAL000817,2026-05-16,STR004,PRD004,7,1199.0,8393.0
SAL000818,2026-05-16,STR004,PRD005,2,2299.0,4598.0
SAL000819,2026-05-16,STR004,PRD006,5,1799.0,8995.0
SAL000820,2026-05-16,STR004,PRD007,6,1999.0,11994.0
SAL000821,2026-05-16,STR004,PRD008,2,1499.0,2998.0
SAL000822,2026-05-16,STR004,PRD010,1,1299.0,1299.0
SAL000823,2026-05-16,STR004,PRD014,2,899.0,1798.0
SAL000824,2026-05-16,STR004,PRD015,5,449.0,2245.0
SAL000825,2026-05-16,STR004,PRD016,1,1199.0,1199.0
SAL000826,2026-05-16,STR004,PRD018,2,899.0,1798.0
SAL000827,2026-05-16,STR004,PRD020,1,1499.0,1499.0
SAL000828,2026-05-16,STR004,PRD023,5,1299.0,6495.0
SAL000829,2026-05-16,STR004,PRD024,1,1499.0,1499.0
SAL000830,2026-05-16,STR004,PRD026,7,299.0,2093.0
SAL000831,2026-05-16,STR004,PRD028,5,499.0,2495.0
SAL000832,2026-05-16,STR004,PRD029,2,349.0,698.0
SAL000833,2026-05-16,STR004,PRD030,9,199.0,1791.0
SAL000834,2026-05-16,STR004,PRD036,9,329.0,2961.0
SAL000835,2026-05-16,STR004,PRD038,2,429.0,858.0
SAL000836,2026-05-16,STR004,PRD039,9,299.0,2691.0
SAL000837,2026-05-16,STR004,PRD040,7,249.0,1743.0
SAL000838,2026-05-17,STR001,PRD001,5,599.0,2995.0
SAL000839,2026-05-17,STR001,PRD002,5,2899.0,14495.0
SAL000840,2026-05-17,STR001,PRD003,1,3499.0,3499.0
SAL000841,2026-05-17,STR001,PRD004,8,1199.0,9592.0
SAL000842,2026-05-17,STR001,PRD006,4,1799.0,7196.0
SAL000843,2026-05-17,STR001,PRD007,5,1999.0,9995.0
SAL000844,2026-05-17,STR001,PRD009,4,299.0,1196.0
SAL000845,2026-05-17,STR001,PRD010,9,1299.0,11691.0
SAL000846,2026-05-17,STR001,PRD011,5,1599.0,7995.0
SAL000847,2026-05-17,STR001,PRD012,4,199.0,796.0
SAL000848,2026-05-17,STR001,PRD015,3,449.0,1347.0
SAL000849,2026-05-17,STR001,PRD016,3,1199.0,3597.0
SAL000850,2026-05-17,STR001,PRD018,1,899.0,899.0
SAL000851,2026-05-17,STR001,PRD019,3,1399.0,4197.0
SAL000852,2026-05-17,STR001,PRD020,4,1499.0,5996.0
SAL000853,2026-05-17,STR001,PRD021,1,1099.0,1099.0
SAL000854,2026-05-17,STR001,PRD022,3,599.0,1797.0
SAL000855,2026-05-17,STR001,PRD024,1,1499.0,1499.0
SAL000856,2026-05-17,STR001,PRD025,4,1899.0,7596.0
SAL000857,2026-05-17,STR001,PRD026,8,299.0,2392.0
SAL000858,2026-05-17,STR001,PRD028,7,499.0,3493.0
SAL000859,2026-05-17,STR001,PRD029,5,349.0,1745.0
SAL000860,2026-05-17,STR001,PRD030,3,199.0,597.0
SAL000861,2026-05-17,STR001,PRD034,3,399.0,1197.0
SAL000862,2026-05-17,STR001,PRD035,7,449.0,3143.0
SAL000863,2026-05-17,STR001,PRD036,5,329.0,1645.0
SAL000864,2026-05-17,STR001,PRD037,3,379.0,1137.0
SAL000865,2026-05-17,STR001,PRD038,5,429.0,2145.0
SAL000866,2026-05-17,STR001,PRD039,5,299.0,1495.0
SAL000867,2026-05-17,STR001,PRD040,3,249.0,747.0
SAL000868,2026-05-17,STR002,PRD001,4,599.0,2396.0
SAL000869,2026-05-17,STR002,PRD003,3,3499.0,10497.0
SAL000870,2026-05-17,STR002,PRD004,4,1199.0,4796.0
SAL000871,2026-05-17,STR002,PRD005,3,2299.0,6897.0
SAL000872,2026-05-17,STR002,PRD006,6,1799.0,10794.0
SAL000873,2026-05-17,STR002,PRD008,4,1499.0,5996.0
SAL000874,2026-05-17,STR002,PRD009,10,299.0,2990.0
SAL000875,2026-05-17,STR002,PRD011,4,1599.0,6396.0
SAL000876,2026-05-17,STR002,PRD012,3,199.0,597.0
SAL000877,2026-05-17,STR002,PRD013,3,249.0,747.0
SAL000878,2026-05-17,STR002,PRD016,6,1199.0,7194.0
SAL000879,2026-05-17,STR002,PRD020,6,1499.0,8994.0
SAL000880,2026-05-17,STR002,PRD021,3,1099.0,3297.0
SAL000881,2026-05-17,STR002,PRD023,1,1299.0,1299.0
SAL000882,2026-05-17,STR002,PRD025,3,1899.0,5697.0
SAL000883,2026-05-17,STR002,PRD026,6,299.0,1794.0
SAL000884,2026-05-17,STR002,PRD028,7,499.0,3493.0
SAL000885,2026-05-17,STR002,PRD030,6,199.0,1194.0
SAL000886,2026-05-17,STR002,PRD031,3,999.0,2997.0
SAL000887,2026-05-17,STR002,PRD034,6,399.0,2394.0
SAL000888,2026-05-17,STR002,PRD036,10,329.0,3290.0
SAL000889,2026-05-17,STR002,PRD037,1,379.0,379.0
SAL000890,2026-05-17,STR002,PRD039,9,299.0,2691.0
SAL000891,2026-05-17,STR002,PRD040,3,249.0,747.0
SAL000892,2026-05-17,STR003,PRD001,4,599.0,2396.0
SAL000893,2026-05-17,STR003,PRD003,1,3499.0,3499.0
SAL000894,2026-05-17,STR003,PRD004,8,1199.0,9592.0
SAL000895,2026-05-17,STR003,PRD006,4,1799.0,7196.0
SAL000896,2026-05-17,STR003,PRD008,1,1499.0,1499.0
SAL000897,2026-05-17,STR003,PRD009,4,299.0,1196.0
SAL000898,2026-05-17,STR003,PRD011,2,1599.0,3198.0
SAL000899,2026-05-17,STR003,PRD012,5,199.0,995.0
SAL000900,2026-05-17,STR003,PRD013,2,249.0,498.0
SAL000901,2026-05-17,STR003,PRD015,1,449.0,449.0
SAL000902,2026-05-17,STR003,PRD016,1,1199.0,1199.0
SAL000903,2026-05-17,STR003,PRD017,2,649.0,1298.0
SAL000904,2026-05-17,STR003,PRD018,2,899.0,1798.0
SAL000905,2026-05-17,STR003,PRD020,5,1499.0,7495.0
SAL000906,2026-05-17,STR003,PRD021,1,1099.0,1099.0
SAL000907,2026-05-17,STR003,PRD024,4,1499.0,5996.0
SAL000908,2026-05-17,STR003,PRD025,1,1899.0,1899.0
SAL000909,2026-05-17,STR003,PRD026,5,299.0,1495.0
SAL000910,2026-05-17,STR003,PRD028,4,499.0,1996.0
SAL000911,2026-05-17,STR003,PRD030,7,199.0,1393.0
SAL000912,2026-05-17,STR003,PRD031,2,999.0,1998.0
SAL000913,2026-05-17,STR003,PRD034,5,399.0,1995.0
SAL000914,2026-05-17,STR003,PRD036,8,329.0,2632.0
SAL000915,2026-05-17,STR003,PRD037,1,379.0,379.0
SAL000916,2026-05-17,STR003,PRD040,6,249.0,1494.0
SAL000917,2026-05-17,STR004,PRD001,9,599.0,5391.0
SAL000918,2026-05-17,STR004,PRD002,4,2899.0,11596.0
SAL000919,2026-05-17,STR004,PRD004,2,1199.0,2398.0
SAL000920,2026-05-17,STR004,PRD007,5,1999.0,9995.0
SAL000921,2026-05-17,STR004,PRD008,5,1499.0,7495.0
SAL000922,2026-05-17,STR004,PRD009,9,299.0,2691.0
SAL000923,2026-05-17,STR004,PRD011,4,1599.0,6396.0
SAL000924,2026-05-17,STR004,PRD015,5,449.0,2245.0
SAL000925,2026-05-17,STR004,PRD021,2,1099.0,2198.0
SAL000926,2026-05-17,STR004,PRD023,1,1299.0,1299.0
SAL000927,2026-05-17,STR004,PRD024,2,1499.0,2998.0
SAL000928,2026-05-17,STR004,PRD025,5,1899.0,9495.0
SAL000929,2026-05-17,STR004,PRD026,7,299.0,2093.0
SAL000930,2026-05-17,STR004,PRD027,2,179.0,358.0
SAL000931,2026-05-17,STR004,PRD028,4,499.0,1996.0
SAL000932,2026-05-17,STR004,PRD030,4,199.0,796.0
SAL000933,2026-05-17,STR004,PRD031,5,999.0,4995.0
SAL000934,2026-05-17,STR004,PRD036,6,329.0,1974.0
SAL000935,2026-05-17,STR004,PRD038,5,429.0,2145.0
SAL000936,2026-05-17,STR004,PRD039,6,299.0,1794.0
SAL000937,2026-05-17,STR004,PRD040,6,249.0,1494.0
SAL000938,2026-05-18,STR001,PRD001,2,599.0,1198.0
SAL000939,2026-05-18,STR001,PRD002,2,2899.0,5798.0
SAL000940,2026-05-18,STR001,PRD003,3,3499.0,10497.0
SAL000941,2026-05-18,STR001,PRD004,4,1199.0,4796.0
SAL000942,2026-05-18,STR001,PRD005,2,2299.0,4598.0
SAL000943,2026-05-18,STR001,PRD006,4,1799.0,7196.0
SAL000944,2026-05-18,STR001,PRD007,2,1999.0,3998.0
SAL000945,2026-05-18,STR001,PRD008,3,1499.0,4497.0
SAL000946,2026-05-18,STR001,PRD009,4,299.0,1196.0
SAL000947,2026-05-18,STR001,PRD010,4,1299.0,5196.0
SAL000948,2026-05-18,STR001,PRD012,2,199.0,398.0
SAL000949,2026-05-18,STR001,PRD014,1,899.0,899.0
SAL000950,2026-05-18,STR001,PRD015,1,449.0,449.0
SAL000951,2026-05-18,STR001,PRD016,3,1199.0,3597.0
SAL000952,2026-05-18,STR001,PRD018,1,899.0,899.0
SAL000953,2026-05-18,STR001,PRD020,3,1499.0,4497.0
SAL000954,2026-05-18,STR001,PRD023,2,1299.0,2598.0
SAL000955,2026-05-18,STR001,PRD026,6,299.0,1794.0
SAL000956,2026-05-18,STR001,PRD027,3,179.0,537.0
SAL000957,2026-05-18,STR001,PRD028,3,499.0,1497.0
SAL000958,2026-05-18,STR001,PRD029,3,349.0,1047.0
SAL000959,2026-05-18,STR001,PRD030,4,199.0,796.0
SAL000960,2026-05-18,STR001,PRD035,7,449.0,3143.0
SAL000961,2026-05-18,STR001,PRD039,3,299.0,897.0
SAL000962,2026-05-18,STR001,PRD040,7,249.0,1743.0
SAL000963,2026-05-18,STR002,PRD001,3,599.0,1797.0
SAL000964,2026-05-18,STR002,PRD004,7,1199.0,8393.0
SAL000965,2026-05-18,STR002,PRD007,2,1999.0,3998.0
SAL000966,2026-05-18,STR002,PRD009,2,299.0,598.0
SAL000967,2026-05-18,STR002,PRD015,1,449.0,449.0
SAL000968,2026-05-18,STR002,PRD018,2,899.0,1798.0
SAL000969,2026-05-18,STR002,PRD023,5,1299.0,6495.0
SAL000970,2026-05-18,STR002,PRD025,3,1899.0,5697.0
SAL000971,2026-05-18,STR002,PRD026,5,299.0,1495.0
SAL000972,2026-05-18,STR002,PRD027,2,179.0,358.0
SAL000973,2026-05-18,STR002,PRD028,6,499.0,2994.0
SAL000974,2026-05-18,STR002,PRD032,2,699.0,1398.0
SAL000975,2026-05-18,STR002,PRD033,1,849.0,849.0
SAL000976,2026-05-18,STR002,PRD034,1,399.0,399.0
SAL000977,2026-05-18,STR002,PRD036,8,329.0,2632.0
SAL000978,2026-05-18,STR002,PRD039,5,299.0,1495.0
SAL000979,2026-05-18,STR002,PRD040,5,249.0,1245.0
SAL000980,2026-05-18,STR003,PRD001,4,599.0,2396.0
SAL000981,2026-05-18,STR003,PRD004,7,1199.0,8393.0
SAL000982,2026-05-18,STR003,PRD005,3,2299.0,6897.0
SAL000983,2026-05-18,STR003,PRD007,2,1999.0,3998.0
SAL000984,2026-05-18,STR003,PRD009,5,299.0,1495.0
SAL000985,2026-05-18,STR003,PRD010,1,1299.0,1299.0
SAL000986,2026-05-18,STR003,PRD011,4,1599.0,6396.0
SAL000987,2026-05-18,STR003,PRD012,3,199.0,597.0
SAL000988,2026-05-18,STR003,PRD015,2,449.0,898.0
SAL000989,2026-05-18,STR003,PRD016,2,1199.0,2398.0
SAL000990,2026-05-18,STR003,PRD017,1,649.0,649.0
SAL000991,2026-05-18,STR003,PRD018,2,899.0,1798.0
SAL000992,2026-05-18,STR003,PRD020,2,1499.0,2998.0
SAL000993,2026-05-18,STR003,PRD023,1,1299.0,1299.0
SAL000994,2026-05-18,STR003,PRD025,3,1899.0,5697.0
SAL000995,2026-05-18,STR003,PRD026,7,299.0,2093.0
SAL000996,2026-05-18,STR003,PRD030,3,199.0,597.0
SAL000997,2026-05-18,STR003,PRD031,1,999.0,999.0
SAL000998,2026-05-18,STR003,PRD032,1,699.0,699.0
SAL000999,2026-05-18,STR003,PRD034,4,399.0,1596.0
SAL001000,2026-05-18,STR003,PRD036,4,329.0,1316.0
SAL001001,2026-05-18,STR003,PRD038,3,429.0,1287.0
SAL001002,2026-05-18,STR003,PRD039,7,299.0,2093.0
SAL001003,2026-05-18,STR003,PRD040,7,249.0,1743.0
SAL001004,2026-05-18,STR004,PRD002,2,2899.0,5798.0
SAL001005,2026-05-18,STR004,PRD004,2,1199.0,2398.0
SAL001006,2026-05-18,STR004,PRD007,5,1999.0,9995.0
SAL001007,2026-05-18,STR004,PRD008,4,1499.0,5996.0
SAL001008,2026-05-18,STR004,PRD009,2,299.0,598.0
SAL001009,2026-05-18,STR004,PRD014,2,899.0,1798.0
SAL001010,2026-05-18,STR004,PRD015,2,449.0,898.0
SAL001011,2026-05-18,STR004,PRD019,1,1399.0,1399.0
SAL001012,2026-05-18,STR004,PRD020,2,1499.0,2998.0
SAL001013,2026-05-18,STR004,PRD021,1,1099.0,1099.0
SAL001014,2026-05-18,STR004,PRD023,3,1299.0,3897.0
SAL001015,2026-05-18,STR004,PRD025,4,1899.0,7596.0
SAL001016,2026-05-18,STR004,PRD026,5,299.0,1495.0
SAL001017,2026-05-18,STR004,PRD027,2,179.0,358.0
SAL001018,2026-05-18,STR004,PRD028,4,499.0,1996.0
SAL001019,2026-05-18,STR004,PRD029,2,349.0,698.0
SAL001020,2026-05-18,STR004,PRD031,3,999.0,2997.0
SAL001021,2026-05-18,STR004,PRD036,7,329.0,2303.0
SAL001022,2026-05-18,STR004,PRD037,2,379.0,758.0
SAL001023,2026-05-18,STR004,PRD038,1,429.0,429.0
SAL001024,2026-05-18,STR004,PRD040,6,249.0,1494.0
SAL001025,2026-05-19,STR001,PRD001,4,599.0,2396.0
SAL001026,2026-05-19,STR001,PRD004,2,1199.0,2398.0
SAL001027,2026-05-19,STR001,PRD007,4,1999.0,7996.0
SAL001028,2026-05-19,STR001,PRD008,3,1499.0,4497.0
SAL001029,2026-05-19,STR001,PRD009,3,299.0,897.0
SAL001030,2026-05-19,STR001,PRD010,6,1299.0,7794.0
SAL001031,2026-05-19,STR001,PRD012,1,199.0,199.0
SAL001032,2026-05-19,STR001,PRD013,4,249.0,996.0
SAL001033,2026-05-19,STR001,PRD015,1,449.0,449.0
SAL001034,2026-05-19,STR001,PRD016,3,1199.0,3597.0
SAL001035,2026-05-19,STR001,PRD017,2,649.0,1298.0
SAL001036,2026-05-19,STR001,PRD018,2,899.0,1798.0
SAL001037,2026-05-19,STR001,PRD022,1,599.0,599.0
SAL001038,2026-05-19,STR001,PRD023,1,1299.0,1299.0
SAL001039,2026-05-19,STR001,PRD024,4,1499.0,5996.0
SAL001040,2026-05-19,STR001,PRD025,2,1899.0,3798.0
SAL001041,2026-05-19,STR001,PRD026,2,299.0,598.0
SAL001042,2026-05-19,STR001,PRD030,4,199.0,796.0
SAL001043,2026-05-19,STR001,PRD031,3,999.0,2997.0
SAL001044,2026-05-19,STR001,PRD033,2,849.0,1698.0
SAL001045,2026-05-19,STR001,PRD034,1,399.0,399.0
SAL001046,2026-05-19,STR001,PRD035,8,449.0,3592.0
SAL001047,2026-05-19,STR001,PRD038,4,429.0,1716.0
SAL001048,2026-05-19,STR001,PRD040,4,249.0,996.0
SAL001049,2026-05-19,STR002,PRD001,7,599.0,4193.0
SAL001050,2026-05-19,STR002,PRD002,3,2899.0,8697.0
SAL001051,2026-05-19,STR002,PRD003,3,3499.0,10497.0
SAL001052,2026-05-19,STR002,PRD004,3,1199.0,3597.0
SAL001053,2026-05-19,STR002,PRD005,3,2299.0,6897.0
SAL001054,2026-05-19,STR002,PRD009,7,299.0,2093.0
SAL001055,2026-05-19,STR002,PRD011,1,1599.0,1599.0
SAL001056,2026-05-19,STR002,PRD013,3,249.0,747.0
SAL001057,2026-05-19,STR002,PRD016,3,1199.0,3597.0
SAL001058,2026-05-19,STR002,PRD017,5,649.0,3245.0
SAL001059,2026-05-19,STR002,PRD020,2,1499.0,2998.0
SAL001060,2026-05-19,STR002,PRD021,1,1099.0,1099.0
SAL001061,2026-05-19,STR002,PRD023,3,1299.0,3897.0
SAL001062,2026-05-19,STR002,PRD024,2,1499.0,2998.0
SAL001063,2026-05-19,STR002,PRD026,8,299.0,2392.0
SAL001064,2026-05-19,STR002,PRD028,2,499.0,998.0
SAL001065,2026-05-19,STR002,PRD030,8,199.0,1592.0
SAL001066,2026-05-19,STR002,PRD032,1,699.0,699.0
SAL001067,2026-05-19,STR002,PRD035,2,449.0,898.0
SAL001068,2026-05-19,STR002,PRD038,3,429.0,1287.0
SAL001069,2026-05-19,STR002,PRD039,5,299.0,1495.0
SAL001070,2026-05-19,STR002,PRD040,3,249.0,747.0
SAL001071,2026-05-19,STR003,PRD001,6,599.0,3594.0
SAL001072,2026-05-19,STR003,PRD002,1,2899.0,2899.0
SAL001073,2026-05-19,STR003,PRD003,4,3499.0,13996.0
SAL001074,2026-05-19,STR003,PRD004,2,1199.0,2398.0
SAL001075,2026-05-19,STR003,PRD007,4,1999.0,7996.0
SAL001076,2026-05-19,STR003,PRD008,1,1499.0,1499.0
SAL001077,2026-05-19,STR003,PRD009,7,299.0,2093.0
SAL001078,2026-05-19,STR003,PRD013,3,249.0,747.0
SAL001079,2026-05-19,STR003,PRD014,1,899.0,899.0
SAL001080,2026-05-19,STR003,PRD016,1,1199.0,1199.0
SAL001081,2026-05-19,STR003,PRD018,1,899.0,899.0
SAL001082,2026-05-19,STR003,PRD019,2,1399.0,2798.0
SAL001083,2026-05-19,STR003,PRD021,2,1099.0,2198.0
SAL001084,2026-05-19,STR003,PRD022,1,599.0,599.0
SAL001085,2026-05-19,STR003,PRD024,1,1499.0,1499.0
SAL001086,2026-05-19,STR003,PRD025,2,1899.0,3798.0
SAL001087,2026-05-19,STR003,PRD026,5,299.0,1495.0
SAL001088,2026-05-19,STR003,PRD027,1,179.0,179.0
SAL001089,2026-05-19,STR003,PRD028,4,499.0,1996.0
SAL001090,2026-05-19,STR003,PRD030,2,199.0,398.0
SAL001091,2026-05-19,STR003,PRD031,4,999.0,3996.0
SAL001092,2026-05-19,STR003,PRD033,2,849.0,1698.0
SAL001093,2026-05-19,STR003,PRD034,4,399.0,1596.0
SAL001094,2026-05-19,STR003,PRD035,2,449.0,898.0
SAL001095,2026-05-19,STR003,PRD036,5,329.0,1645.0
SAL001096,2026-05-19,STR003,PRD037,4,379.0,1516.0
SAL001097,2026-05-19,STR003,PRD039,3,299.0,897.0
SAL001098,2026-05-19,STR004,PRD001,5,599.0,2995.0
SAL001099,2026-05-19,STR004,PRD003,2,3499.0,6998.0
SAL001100,2026-05-19,STR004,PRD004,5,1199.0,5995.0
SAL001101,2026-05-19,STR004,PRD005,3,2299.0,6897.0
SAL001102,2026-05-19,STR004,PRD006,1,1799.0,1799.0
SAL001103,2026-05-19,STR004,PRD007,3,1999.0,5997.0
SAL001104,2026-05-19,STR004,PRD008,2,1499.0,2998.0
SAL001105,2026-05-19,STR004,PRD009,6,299.0,1794.0
SAL001106,2026-05-19,STR004,PRD013,4,249.0,996.0
SAL001107,2026-05-19,STR004,PRD016,3,1199.0,3597.0
SAL001108,2026-05-19,STR004,PRD017,3,649.0,1947.0
SAL001109,2026-05-19,STR004,PRD019,2,1399.0,2798.0
SAL001110,2026-05-19,STR004,PRD020,4,1499.0,5996.0
SAL001111,2026-05-19,STR004,PRD021,2,1099.0,2198.0
SAL001112,2026-05-19,STR004,PRD023,2,1299.0,2598.0
SAL001113,2026-05-19,STR004,PRD024,1,1499.0,1499.0
SAL001114,2026-05-19,STR004,PRD029,2,349.0,698.0
SAL001115,2026-05-19,STR004,PRD030,6,199.0,1194.0
SAL001116,2026-05-19,STR004,PRD031,3,999.0,2997.0
SAL001117,2026-05-19,STR004,PRD033,2,849.0,1698.0
SAL001118,2026-05-19,STR004,PRD036,3,329.0,987.0
SAL001119,2026-05-19,STR004,PRD040,3,249.0,747.0
SAL001120,2026-05-20,STR001,PRD001,2,599.0,1198.0
SAL001121,2026-05-20,STR001,PRD002,2,2899.0,5798.0
SAL001122,2026-05-20,STR001,PRD003,4,3499.0,13996.0
SAL001123,2026-05-20,STR001,PRD004,6,1199.0,7194.0
SAL001124,2026-05-20,STR001,PRD005,1,2299.0,2299.0
SAL001125,2026-05-20,STR001,PRD006,2,1799.0,3598.0
SAL001126,2026-05-20,STR001,PRD009,2,299.0,598.0
SAL001127,2026-05-20,STR001,PRD010,5,1299.0,6495.0
SAL001128,2026-05-20,STR001,PRD015,4,449.0,1796.0
SAL001129,2026-05-20,STR001,PRD017,3,649.0,1947.0
SAL001130,2026-05-20,STR001,PRD018,1,899.0,899.0
SAL001131,2026-05-20,STR001,PRD020,4,1499.0,5996.0
SAL001132,2026-05-20,STR001,PRD022,2,599.0,1198.0
SAL001133,2026-05-20,STR001,PRD023,2,1299.0,2598.0
SAL001134,2026-05-20,STR001,PRD024,3,1499.0,4497.0
SAL001135,2026-05-20,STR001,PRD025,1,1899.0,1899.0
SAL001136,2026-05-20,STR001,PRD028,2,499.0,998.0
SAL001137,2026-05-20,STR001,PRD029,3,349.0,1047.0
SAL001138,2026-05-20,STR001,PRD035,4,449.0,1796.0
SAL001139,2026-05-20,STR001,PRD036,4,329.0,1316.0
SAL001140,2026-05-20,STR001,PRD037,1,379.0,379.0
SAL001141,2026-05-20,STR001,PRD039,7,299.0,2093.0
SAL001142,2026-05-20,STR002,PRD001,5,599.0,2995.0
SAL001143,2026-05-20,STR002,PRD002,1,2899.0,2899.0
SAL001144,2026-05-20,STR002,PRD003,1,3499.0,3499.0
SAL001145,2026-05-20,STR002,PRD004,2,1199.0,2398.0
SAL001146,2026-05-20,STR002,PRD005,3,2299.0,6897.0
SAL001147,2026-05-20,STR002,PRD006,2,1799.0,3598.0
SAL001148,2026-05-20,STR002,PRD008,5,1499.0,7495.0
SAL001149,2026-05-20,STR002,PRD009,6,299.0,1794.0
SAL001150,2026-05-20,STR002,PRD010,2,1299.0,2598.0
SAL001151,2026-05-20,STR002,PRD012,2,199.0,398.0
SAL001152,2026-05-20,STR002,PRD013,1,249.0,249.0
SAL001153,2026-05-20,STR002,PRD015,1,449.0,449.0
SAL001154,2026-05-20,STR002,PRD016,1,1199.0,1199.0
SAL001155,2026-05-20,STR002,PRD017,2,649.0,1298.0
SAL001156,2026-05-20,STR002,PRD019,1,1399.0,1399.0
SAL001157,2026-05-20,STR002,PRD020,1,1499.0,1499.0
SAL001158,2026-05-20,STR002,PRD021,5,1099.0,5495.0
SAL001159,2026-05-20,STR002,PRD023,2,1299.0,2598.0
SAL001160,2026-05-20,STR002,PRD025,1,1899.0,1899.0
SAL001161,2026-05-20,STR002,PRD026,3,299.0,897.0
SAL001162,2026-05-20,STR002,PRD028,5,499.0,2495.0
SAL001163,2026-05-20,STR002,PRD030,2,199.0,398.0
SAL001164,2026-05-20,STR002,PRD031,5,999.0,4995.0
SAL001165,2026-05-20,STR002,PRD032,2,699.0,1398.0
SAL001166,2026-05-20,STR002,PRD033,1,849.0,849.0
SAL001167,2026-05-20,STR002,PRD034,5,399.0,1995.0
SAL001168,2026-05-20,STR002,PRD035,1,449.0,449.0
SAL001169,2026-05-20,STR002,PRD036,8,329.0,2632.0
SAL001170,2026-05-20,STR002,PRD037,1,379.0,379.0
SAL001171,2026-05-20,STR002,PRD038,1,429.0,429.0
SAL001172,2026-05-20,STR002,PRD039,6,299.0,1794.0
SAL001173,2026-05-20,STR002,PRD040,8,249.0,1992.0
SAL001174,2026-05-20,STR003,PRD001,7,599.0,4193.0
SAL001175,2026-05-20,STR003,PRD002,2,2899.0,5798.0
SAL001176,2026-05-20,STR003,PRD003,4,3499.0,13996.0
SAL001177,2026-05-20,STR003,PRD004,5,1199.0,5995.0
SAL001178,2026-05-20,STR003,PRD005,2,2299.0,4598.0
SAL001179,2026-05-20,STR003,PRD006,2,1799.0,3598.0
SAL001180,2026-05-20,STR003,PRD009,7,299.0,2093.0
SAL001181,2026-05-20,STR003,PRD011,3,1599.0,4797.0
SAL001182,2026-05-20,STR003,PRD013,2,249.0,498.0
SAL001183,2026-05-20,STR003,PRD017,4,649.0,2596.0
SAL001184,2026-05-20,STR003,PRD019,2,1399.0,2798.0
SAL001185,2026-05-20,STR003,PRD020,1,1499.0,1499.0
SAL001186,2026-05-20,STR003,PRD021,2,1099.0,2198.0
SAL001187,2026-05-20,STR003,PRD022,2,599.0,1198.0
SAL001188,2026-05-20,STR003,PRD023,2,1299.0,2598.0
SAL001189,2026-05-20,STR003,PRD026,5,299.0,1495.0
SAL001190,2026-05-20,STR003,PRD027,4,179.0,716.0
SAL001191,2026-05-20,STR003,PRD028,3,499.0,1497.0
SAL001192,2026-05-20,STR003,PRD030,7,199.0,1393.0
SAL001193,2026-05-20,STR003,PRD032,2,699.0,1398.0
SAL001194,2026-05-20,STR003,PRD036,2,329.0,658.0
SAL001195,2026-05-20,STR003,PRD039,5,299.0,1495.0
SAL001196,2026-05-20,STR003,PRD040,3,249.0,747.0
SAL001197,2026-05-20,STR004,PRD001,6,599.0,3594.0
SAL001198,2026-05-20,STR004,PRD004,2,1199.0,2398.0
SAL001199,2026-05-20,STR004,PRD006,3,1799.0,5397.0
SAL001200,2026-05-20,STR004,PRD010,2,1299.0,2598.0
SAL001201,2026-05-20,STR004,PRD012,2,199.0,398.0
SAL001202,2026-05-20,STR004,PRD013,2,249.0,498.0
SAL001203,2026-05-20,STR004,PRD016,4,1199.0,4796.0
SAL001204,2026-05-20,STR004,PRD018,1,899.0,899.0
SAL001205,2026-05-20,STR004,PRD019,2,1399.0,2798.0
SAL001206,2026-05-20,STR004,PRD022,2,599.0,1198.0
SAL001207,2026-05-20,STR004,PRD023,4,1299.0,5196.0
SAL001208,2026-05-20,STR004,PRD027,3,179.0,537.0
SAL001209,2026-05-20,STR004,PRD029,3,349.0,1047.0
SAL001210,2026-05-20,STR004,PRD030,5,199.0,995.0
SAL001211,2026-05-20,STR004,PRD032,2,699.0,1398.0
SAL001212,2026-05-20,STR004,PRD033,2,849.0,1698.0
SAL001213,2026-05-20,STR004,PRD038,2,429.0,858.0
SAL001214,2026-05-20,STR004,PRD039,7,299.0,2093.0
SAL001215,2026-05-20,STR004,PRD040,3,249.0,747.0
SAL001216,2026-05-21,STR001,PRD001,6,599.0,3594.0
SAL001217,2026-05-21,STR001,PRD003,2,3499.0,6998.0
SAL001218,2026-05-21,STR001,PRD004,3,1199.0,3597.0
SAL001219,2026-05-21,STR001,PRD006,4,1799.0,7196.0
SAL001220,2026-05-21,STR001,PRD007,4,1999.0,7996.0
SAL001221,2026-05-21,STR001,PRD009,5,299.0,1495.0
SAL001222,2026-05-21,STR001,PRD010,4,1299.0,5196.0
SAL001223,2026-05-21,STR001,PRD012,4,199.0,796.0
SAL001224,2026-05-21,STR001,PRD014,2,899.0,1798.0
SAL001225,2026-05-21,STR001,PRD016,2,1199.0,2398.0
SAL001226,2026-05-21,STR001,PRD018,3,899.0,2697.0
SAL001227,2026-05-21,STR001,PRD019,1,1399.0,1399.0
SAL001228,2026-05-21,STR001,PRD020,2,1499.0,2998.0
SAL001229,2026-05-21,STR001,PRD023,2,1299.0,2598.0
SAL001230,2026-05-21,STR001,PRD026,5,299.0,1495.0
SAL001231,2026-05-21,STR001,PRD027,1,179.0,179.0
SAL001232,2026-05-21,STR001,PRD028,3,499.0,1497.0
SAL001233,2026-05-21,STR001,PRD030,2,199.0,398.0
SAL001234,2026-05-21,STR001,PRD031,3,999.0,2997.0
SAL001235,2026-05-21,STR001,PRD034,4,399.0,1596.0
SAL001236,2026-05-21,STR001,PRD035,7,449.0,3143.0
SAL001237,2026-05-21,STR001,PRD036,5,329.0,1645.0
SAL001238,2026-05-21,STR001,PRD037,4,379.0,1516.0
SAL001239,2026-05-21,STR001,PRD039,7,299.0,2093.0
SAL001240,2026-05-21,STR002,PRD001,7,599.0,4193.0
SAL001241,2026-05-21,STR002,PRD004,2,1199.0,2398.0
SAL001242,2026-05-21,STR002,PRD005,2,2299.0,4598.0
SAL001243,2026-05-21,STR002,PRD007,5,1999.0,9995.0
SAL001244,2026-05-21,STR002,PRD008,3,1499.0,4497.0
SAL001245,2026-05-21,STR002,PRD009,7,299.0,2093.0
SAL001246,2026-05-21,STR002,PRD020,5,1499.0,7495.0
SAL001247,2026-05-21,STR002,PRD021,1,1099.0,1099.0
SAL001248,2026-05-21,STR002,PRD025,2,1899.0,3798.0
SAL001249,2026-05-21,STR002,PRD026,8,299.0,2392.0
SAL001250,2026-05-21,STR002,PRD030,3,199.0,597.0
SAL001251,2026-05-21,STR002,PRD033,1,849.0,849.0
SAL001252,2026-05-21,STR002,PRD034,3,399.0,1197.0
SAL001253,2026-05-21,STR002,PRD036,3,329.0,987.0
SAL001254,2026-05-21,STR002,PRD039,3,299.0,897.0
SAL001255,2026-05-21,STR002,PRD040,8,249.0,1992.0
SAL001256,2026-05-21,STR003,PRD002,3,2899.0,8697.0
SAL001257,2026-05-21,STR003,PRD003,3,3499.0,10497.0
SAL001258,2026-05-21,STR003,PRD004,2,1199.0,2398.0
SAL001259,2026-05-21,STR003,PRD005,3,2299.0,6897.0
SAL001260,2026-05-21,STR003,PRD008,2,1499.0,2998.0
SAL001261,2026-05-21,STR003,PRD009,7,299.0,2093.0
SAL001262,2026-05-21,STR003,PRD011,1,1599.0,1599.0
SAL001263,2026-05-21,STR003,PRD013,2,249.0,498.0
SAL001264,2026-05-21,STR003,PRD018,3,899.0,2697.0
SAL001265,2026-05-21,STR003,PRD019,1,1399.0,1399.0
SAL001266,2026-05-21,STR003,PRD020,2,1499.0,2998.0
SAL001267,2026-05-21,STR003,PRD021,1,1099.0,1099.0
SAL001268,2026-05-21,STR003,PRD022,2,599.0,1198.0
SAL001269,2026-05-21,STR003,PRD023,2,1299.0,2598.0
SAL001270,2026-05-21,STR003,PRD025,1,1899.0,1899.0
SAL001271,2026-05-21,STR003,PRD026,5,299.0,1495.0
SAL001272,2026-05-21,STR003,PRD028,5,499.0,2495.0
SAL001273,2026-05-21,STR003,PRD029,1,349.0,349.0
SAL001274,2026-05-21,STR003,PRD030,7,199.0,1393.0
SAL001275,2026-05-21,STR003,PRD031,1,999.0,999.0
SAL001276,2026-05-21,STR003,PRD034,1,399.0,399.0
SAL001277,2026-05-21,STR003,PRD036,3,329.0,987.0
SAL001278,2026-05-21,STR003,PRD037,3,379.0,1137.0
SAL001279,2026-05-21,STR003,PRD038,1,429.0,429.0
SAL001280,2026-05-21,STR003,PRD039,6,299.0,1794.0
SAL001281,2026-05-21,STR003,PRD040,2,249.0,498.0
SAL001282,2026-05-21,STR004,PRD001,4,599.0,2396.0
SAL001283,2026-05-21,STR004,PRD003,3,3499.0,10497.0
SAL001284,2026-05-21,STR004,PRD004,7,1199.0,8393.0
SAL001285,2026-05-21,STR004,PRD006,4,1799.0,7196.0
SAL001286,2026-05-21,STR004,PRD007,3,1999.0,5997.0
SAL001287,2026-05-21,STR004,PRD008,4,1499.0,5996.0
SAL001288,2026-05-21,STR004,PRD009,3,299.0,897.0
SAL001289,2026-05-21,STR004,PRD011,1,1599.0,1599.0
SAL001290,2026-05-21,STR004,PRD013,3,249.0,747.0
SAL001291,2026-05-21,STR004,PRD016,3,1199.0,3597.0
SAL001292,2026-05-21,STR004,PRD020,1,1499.0,1499.0
SAL001293,2026-05-21,STR004,PRD022,1,599.0,599.0
SAL001294,2026-05-21,STR004,PRD023,4,1299.0,5196.0
SAL001295,2026-05-21,STR004,PRD024,3,1499.0,4497.0
SAL001296,2026-05-21,STR004,PRD025,2,1899.0,3798.0
SAL001297,2026-05-21,STR004,PRD026,7,299.0,2093.0
SAL001298,2026-05-21,STR004,PRD028,2,499.0,998.0
SAL001299,2026-05-21,STR004,PRD030,6,199.0,1194.0
SAL001300,2026-05-21,STR004,PRD034,1,399.0,399.0
SAL001301,2026-05-21,STR004,PRD035,1,449.0,449.0
SAL001302,2026-05-21,STR004,PRD036,6,329.0,1974.0
SAL001303,2026-05-21,STR004,PRD037,3,379.0,1137.0
SAL001304,2026-05-21,STR004,PRD040,5,249.0,1245.0
SAL001305,2026-05-22,STR001,PRD001,2,599.0,1198.0
SAL001306,2026-05-22,STR001,PRD002,2,2899.0,5798.0
SAL001307,2026-05-22,STR001,PRD004,3,1199.0,3597.0
SAL001308,2026-05-22,STR001,PRD005,3,2299.0,6897.0
SAL001309,2026-05-22,STR001,PRD006,1,1799.0,1799.0
SAL001310,2026-05-22,STR001,PRD009,2,299.0,598.0
SAL001311,2026-05-22,STR001,PRD010,4,1299.0,5196.0
SAL001312,2026-05-22,STR001,PRD012,3,199.0,597.0
SAL001313,2026-05-22,STR001,PRD016,1,1199.0,1199.0
SAL001314,2026-05-22,STR001,PRD017,2,649.0,1298.0
SAL001315,2026-05-22,STR001,PRD020,3,1499.0,4497.0
SAL001316,2026-05-22,STR001,PRD021,1,1099.0,1099.0
SAL001317,2026-05-22,STR001,PRD022,1,599.0,599.0
SAL001318,2026-05-22,STR001,PRD023,2,1299.0,2598.0
SAL001319,2026-05-22,STR001,PRD025,3,1899.0,5697.0
SAL001320,2026-05-22,STR001,PRD028,2,499.0,998.0
SAL001321,2026-05-22,STR001,PRD029,3,349.0,1047.0
SAL001322,2026-05-22,STR001,PRD030,5,199.0,995.0
SAL001323,2026-05-22,STR001,PRD031,4,999.0,3996.0
SAL001324,2026-05-22,STR001,PRD035,5,449.0,2245.0
SAL001325,2026-05-22,STR001,PRD036,7,329.0,2303.0
SAL001326,2026-05-22,STR001,PRD039,2,299.0,598.0
SAL001327,2026-05-22,STR001,PRD040,6,249.0,1494.0
SAL001328,2026-05-22,STR002,PRD001,7,599.0,4193.0
SAL001329,2026-05-22,STR002,PRD003,5,3499.0,17495.0
SAL001330,2026-05-22,STR002,PRD004,7,1199.0,8393.0
SAL001331,2026-05-22,STR002,PRD005,3,2299.0,6897.0
SAL001332,2026-05-22,STR002,PRD009,6,299.0,1794.0
SAL001333,2026-05-22,STR002,PRD010,2,1299.0,2598.0
SAL001334,2026-05-22,STR002,PRD011,1,1599.0,1599.0
SAL001335,2026-05-22,STR002,PRD012,3,199.0,597.0
SAL001336,2026-05-22,STR002,PRD013,2,249.0,498.0
SAL001337,2026-05-22,STR002,PRD016,1,1199.0,1199.0
SAL001338,2026-05-22,STR002,PRD017,2,649.0,1298.0
SAL001339,2026-05-22,STR002,PRD018,3,899.0,2697.0
SAL001340,2026-05-22,STR002,PRD020,1,1499.0,1499.0
SAL001341,2026-05-22,STR002,PRD021,2,1099.0,2198.0
SAL001342,2026-05-22,STR002,PRD023,5,1299.0,6495.0
SAL001343,2026-05-22,STR002,PRD025,5,1899.0,9495.0
SAL001344,2026-05-22,STR002,PRD026,5,299.0,1495.0
SAL001345,2026-05-22,STR002,PRD028,3,499.0,1497.0
SAL001346,2026-05-22,STR002,PRD030,3,199.0,597.0
SAL001347,2026-05-22,STR002,PRD031,5,999.0,4995.0
SAL001348,2026-05-22,STR002,PRD036,6,329.0,1974.0
SAL001349,2026-05-22,STR002,PRD038,5,429.0,2145.0
SAL001350,2026-05-22,STR002,PRD039,7,299.0,2093.0
SAL001351,2026-05-22,STR002,PRD040,2,249.0,498.0
SAL001352,2026-05-22,STR003,PRD001,6,599.0,3594.0
SAL001353,2026-05-22,STR003,PRD004,7,1199.0,8393.0
SAL001354,2026-05-22,STR003,PRD007,2,1999.0,3998.0
SAL001355,2026-05-22,STR003,PRD009,4,299.0,1196.0
SAL001356,2026-05-22,STR003,PRD012,3,199.0,597.0
SAL001357,2026-05-22,STR003,PRD014,1,899.0,899.0
SAL001358,2026-05-22,STR003,PRD015,3,449.0,1347.0
SAL001359,2026-05-22,STR003,PRD018,3,899.0,2697.0
SAL001360,2026-05-22,STR003,PRD020,2,1499.0,2998.0
SAL001361,2026-05-22,STR003,PRD021,4,1099.0,4396.0
SAL001362,2026-05-22,STR003,PRD022,1,599.0,599.0
SAL001363,2026-05-22,STR003,PRD023,4,1299.0,5196.0
SAL001364,2026-05-22,STR003,PRD024,2,1499.0,2998.0
SAL001365,2026-05-22,STR003,PRD026,5,299.0,1495.0
SAL001366,2026-05-22,STR003,PRD027,1,179.0,179.0
SAL001367,2026-05-22,STR003,PRD029,2,349.0,698.0
SAL001368,2026-05-22,STR003,PRD031,1,999.0,999.0
SAL001369,2026-05-22,STR003,PRD036,3,329.0,987.0
SAL001370,2026-05-22,STR003,PRD038,2,429.0,858.0
SAL001371,2026-05-22,STR003,PRD039,7,299.0,2093.0
SAL001372,2026-05-22,STR003,PRD040,4,249.0,996.0
SAL001373,2026-05-22,STR004,PRD001,5,599.0,2995.0
SAL001374,2026-05-22,STR004,PRD002,2,2899.0,5798.0
SAL001375,2026-05-22,STR004,PRD003,3,3499.0,10497.0
SAL001376,2026-05-22,STR004,PRD005,1,2299.0,2299.0
SAL001377,2026-05-22,STR004,PRD006,3,1799.0,5397.0
SAL001378,2026-05-22,STR004,PRD008,3,1499.0,4497.0
SAL001379,2026-05-22,STR004,PRD009,6,299.0,1794.0
SAL001380,2026-05-22,STR004,PRD011,3,1599.0,4797.0
SAL001381,2026-05-22,STR004,PRD014,1,899.0,899.0
SAL001382,2026-05-22,STR004,PRD015,3,449.0,1347.0
SAL001383,2026-05-22,STR004,PRD024,4,1499.0,5996.0
SAL001384,2026-05-22,STR004,PRD026,2,299.0,598.0
SAL001385,2026-05-22,STR004,PRD027,1,179.0,179.0
SAL001386,2026-05-22,STR004,PRD028,3,499.0,1497.0
SAL001387,2026-05-22,STR004,PRD029,2,349.0,698.0
SAL001388,2026-05-22,STR004,PRD032,1,699.0,699.0
SAL001389,2026-05-22,STR004,PRD034,1,399.0,399.0
SAL001390,2026-05-22,STR004,PRD036,6,329.0,1974.0
SAL001391,2026-05-22,STR004,PRD040,6,249.0,1494.0
SAL001392,2026-05-23,STR001,PRD001,8,599.0,4792.0
SAL001393,2026-05-23,STR001,PRD004,9,1199.0,10791.0
SAL001394,2026-05-23,STR001,PRD005,3,2299.0,6897.0
SAL001395,2026-05-23,STR001,PRD006,4,1799.0,7196.0
SAL001396,2026-05-23,STR001,PRD008,4,1499.0,5996.0
SAL001397,2026-05-23,STR001,PRD009,7,299.0,2093.0
SAL001398,2026-05-23,STR001,PRD010,8,1299.0,10392.0
SAL001399,2026-05-23,STR001,PRD012,3,199.0,597.0
SAL001400,2026-05-23,STR001,PRD015,3,449.0,1347.0
SAL001401,2026-05-23,STR001,PRD017,3,649.0,1947.0
SAL001402,2026-05-23,STR001,PRD019,1,1399.0,1399.0
SAL001403,2026-05-23,STR001,PRD020,4,1499.0,5996.0
SAL001404,2026-05-23,STR001,PRD021,4,1099.0,4396.0
SAL001405,2026-05-23,STR001,PRD022,3,599.0,1797.0
SAL001406,2026-05-23,STR001,PRD024,3,1499.0,4497.0
SAL001407,2026-05-23,STR001,PRD026,9,299.0,2691.0
SAL001408,2026-05-23,STR001,PRD028,7,499.0,3493.0
SAL001409,2026-05-23,STR001,PRD030,3,199.0,597.0
SAL001410,2026-05-23,STR001,PRD033,1,849.0,849.0
SAL001411,2026-05-23,STR001,PRD034,3,399.0,1197.0
SAL001412,2026-05-23,STR001,PRD035,10,449.0,4490.0
SAL001413,2026-05-23,STR001,PRD036,5,329.0,1645.0
SAL001414,2026-05-23,STR001,PRD037,3,379.0,1137.0
SAL001415,2026-05-23,STR001,PRD039,5,299.0,1495.0
SAL001416,2026-05-23,STR001,PRD040,8,249.0,1992.0
SAL001417,2026-05-23,STR002,PRD001,9,599.0,5391.0
SAL001418,2026-05-23,STR002,PRD004,10,1199.0,11990.0
SAL001419,2026-05-23,STR002,PRD005,1,2299.0,2299.0
SAL001420,2026-05-23,STR002,PRD007,4,1999.0,7996.0
SAL001421,2026-05-23,STR002,PRD009,6,299.0,1794.0
SAL001422,2026-05-23,STR002,PRD012,4,199.0,796.0
SAL001423,2026-05-23,STR002,PRD013,4,249.0,996.0
SAL001424,2026-05-23,STR002,PRD014,3,899.0,2697.0
SAL001425,2026-05-23,STR002,PRD015,6,449.0,2694.0
SAL001426,2026-05-23,STR002,PRD016,4,1199.0,4796.0
SAL001427,2026-05-23,STR002,PRD018,4,899.0,3596.0
SAL001428,2026-05-23,STR002,PRD019,1,1399.0,1399.0
SAL001429,2026-05-23,STR002,PRD020,1,1499.0,1499.0
SAL001430,2026-05-23,STR002,PRD022,1,599.0,599.0
SAL001431,2026-05-23,STR002,PRD024,1,1499.0,1499.0
SAL001432,2026-05-23,STR002,PRD025,6,1899.0,11394.0
SAL001433,2026-05-23,STR002,PRD026,3,299.0,897.0
SAL001434,2026-05-23,STR002,PRD028,7,499.0,3493.0
SAL001435,2026-05-23,STR002,PRD030,3,199.0,597.0
SAL001436,2026-05-23,STR002,PRD031,4,999.0,3996.0
SAL001437,2026-05-23,STR002,PRD034,4,399.0,1596.0
SAL001438,2026-05-23,STR002,PRD036,7,329.0,2303.0
SAL001439,2026-05-23,STR002,PRD037,1,379.0,379.0
SAL001440,2026-05-23,STR002,PRD038,1,429.0,429.0
SAL001441,2026-05-23,STR002,PRD039,10,299.0,2990.0
SAL001442,2026-05-23,STR002,PRD040,3,249.0,747.0
SAL001443,2026-05-23,STR003,PRD001,7,599.0,4193.0
SAL001444,2026-05-23,STR003,PRD002,1,2899.0,2899.0
SAL001445,2026-05-23,STR003,PRD003,1,3499.0,3499.0
SAL001446,2026-05-23,STR003,PRD004,8,1199.0,9592.0
SAL001447,2026-05-23,STR003,PRD005,1,2299.0,2299.0
SAL001448,2026-05-23,STR003,PRD006,5,1799.0,8995.0
SAL001449,2026-05-23,STR003,PRD007,2,1999.0,3998.0
SAL001450,2026-05-23,STR003,PRD008,2,1499.0,2998.0
SAL001451,2026-05-23,STR003,PRD009,6,299.0,1794.0
SAL001452,2026-05-23,STR003,PRD012,2,199.0,398.0
SAL001453,2026-05-23,STR003,PRD013,4,249.0,996.0
SAL001454,2026-05-23,STR003,PRD015,2,449.0,898.0
SAL001455,2026-05-23,STR003,PRD016,1,1199.0,1199.0
SAL001456,2026-05-23,STR003,PRD017,5,649.0,3245.0
SAL001457,2026-05-23,STR003,PRD018,1,899.0,899.0
SAL001458,2026-05-23,STR003,PRD023,2,1299.0,2598.0
SAL001459,2026-05-23,STR003,PRD024,2,1499.0,2998.0
SAL001460,2026-05-23,STR003,PRD026,2,299.0,598.0
SAL001461,2026-05-23,STR003,PRD027,1,179.0,179.0
SAL001462,2026-05-23,STR003,PRD031,1,999.0,999.0
SAL001463,2026-05-23,STR003,PRD033,1,849.0,849.0
SAL001464,2026-05-23,STR003,PRD034,5,399.0,1995.0
SAL001465,2026-05-23,STR003,PRD036,8,329.0,2632.0
SAL001466,2026-05-23,STR003,PRD038,1,429.0,429.0
SAL001467,2026-05-23,STR003,PRD040,6,249.0,1494.0
SAL001468,2026-05-23,STR004,PRD001,9,599.0,5391.0
SAL001469,2026-05-23,STR004,PRD002,2,2899.0,5798.0
SAL001470,2026-05-23,STR004,PRD004,5,1199.0,5995.0
SAL001471,2026-05-23,STR004,PRD006,4,1799.0,7196.0
SAL001472,2026-05-23,STR004,PRD007,4,1999.0,7996.0
SAL001473,2026-05-23,STR004,PRD009,5,299.0,1495.0
SAL001474,2026-05-23,STR004,PRD011,4,1599.0,6396.0
SAL001475,2026-05-23,STR004,PRD013,4,249.0,996.0
SAL001476,2026-05-23,STR004,PRD015,1,449.0,449.0
SAL001477,2026-05-23,STR004,PRD016,1,1199.0,1199.0
SAL001478,2026-05-23,STR004,PRD019,1,1399.0,1399.0
SAL001479,2026-05-23,STR004,PRD020,1,1499.0,1499.0
SAL001480,2026-05-23,STR004,PRD026,7,299.0,2093.0
SAL001481,2026-05-23,STR004,PRD027,1,179.0,179.0
SAL001482,2026-05-23,STR004,PRD028,6,499.0,2994.0
SAL001483,2026-05-23,STR004,PRD030,6,199.0,1194.0
SAL001484,2026-05-23,STR004,PRD031,4,999.0,3996.0
SAL001485,2026-05-23,STR004,PRD032,1,699.0,699.0
SAL001486,2026-05-23,STR004,PRD034,2,399.0,798.0
SAL001487,2026-05-23,STR004,PRD036,7,329.0,2303.0
SAL001488,2026-05-23,STR004,PRD039,4,299.0,1196.0
SAL001489,2026-05-23,STR004,PRD040,7,249.0,1743.0
SAL001490,2026-05-24,STR001,PRD001,4,599.0,2396.0
SAL001491,2026-05-24,STR001,PRD003,4,3499.0,13996.0
SAL001492,2026-05-24,STR001,PRD004,7,1199.0,8393.0
SAL001493,2026-05-24,STR001,PRD005,3,2299.0,6897.0
SAL001494,2026-05-24,STR001,PRD006,1,1799.0,1799.0
SAL001495,2026-05-24,STR001,PRD007,5,1999.0,9995.0
SAL001496,2026-05-24,STR001,PRD008,5,1499.0,7495.0
SAL001497,2026-05-24,STR001,PRD010,8,1299.0,10392.0
SAL001498,2026-05-24,STR001,PRD011,4,1599.0,6396.0
SAL001499,2026-05-24,STR001,PRD013,3,249.0,747.0
SAL001500,2026-05-24,STR001,PRD015,1,449.0,449.0
SAL001501,2026-05-24,STR001,PRD016,5,1199.0,5995.0
SAL001502,2026-05-24,STR001,PRD018,3,899.0,2697.0
SAL001503,2026-05-24,STR001,PRD021,5,1099.0,5495.0
SAL001504,2026-05-24,STR001,PRD023,3,1299.0,3897.0
SAL001505,2026-05-24,STR001,PRD024,3,1499.0,4497.0
SAL001506,2026-05-24,STR001,PRD025,4,1899.0,7596.0
SAL001507,2026-05-24,STR001,PRD026,4,299.0,1196.0
SAL001508,2026-05-24,STR001,PRD027,1,179.0,179.0
SAL001509,2026-05-24,STR001,PRD028,7,499.0,3493.0
SAL001510,2026-05-24,STR001,PRD030,7,199.0,1393.0
SAL001511,2026-05-24,STR001,PRD035,7,449.0,3143.0
SAL001512,2026-05-24,STR001,PRD036,8,329.0,2632.0
SAL001513,2026-05-24,STR001,PRD038,1,429.0,429.0
SAL001514,2026-05-24,STR001,PRD040,4,249.0,996.0
SAL001515,2026-05-24,STR002,PRD001,4,599.0,2396.0
SAL001516,2026-05-24,STR002,PRD002,6,2899.0,17394.0
SAL001517,2026-05-24,STR002,PRD004,3,1199.0,3597.0
SAL001518,2026-05-24,STR002,PRD009,9,299.0,2691.0
SAL001519,2026-05-24,STR002,PRD012,6,199.0,1194.0
SAL001520,2026-05-24,STR002,PRD013,3,249.0,747.0
SAL001521,2026-05-24,STR002,PRD015,3,449.0,1347.0
SAL001522,2026-05-24,STR002,PRD017,6,649.0,3894.0
SAL001523,2026-05-24,STR002,PRD019,3,1399.0,4197.0
SAL001524,2026-05-24,STR002,PRD020,1,1499.0,1499.0
SAL001525,2026-05-24,STR002,PRD021,6,1099.0,6594.0
SAL001526,2026-05-24,STR002,PRD024,1,1499.0,1499.0
SAL001527,2026-05-24,STR002,PRD026,3,299.0,897.0
SAL001528,2026-05-24,STR002,PRD027,3,179.0,537.0
SAL001529,2026-05-24,STR002,PRD029,1,349.0,349.0
SAL001530,2026-05-24,STR002,PRD034,1,399.0,399.0
SAL001531,2026-05-24,STR002,PRD036,7,329.0,2303.0
SAL001532,2026-05-24,STR002,PRD038,1,429.0,429.0
SAL001533,2026-05-24,STR002,PRD039,6,299.0,1794.0
SAL001534,2026-05-24,STR002,PRD040,4,249.0,996.0
SAL001535,2026-05-24,STR003,PRD002,5,2899.0,14495.0
SAL001536,2026-05-24,STR003,PRD003,1,3499.0,3499.0
SAL001537,2026-05-24,STR003,PRD004,2,1199.0,2398.0
SAL001538,2026-05-24,STR003,PRD006,1,1799.0,1799.0
SAL001539,2026-05-24,STR003,PRD007,4,1999.0,7996.0
SAL001540,2026-05-24,STR003,PRD009,5,299.0,1495.0
SAL001541,2026-05-24,STR003,PRD010,2,1299.0,2598.0
SAL001542,2026-05-24,STR003,PRD012,5,199.0,995.0
SAL001543,2026-05-24,STR003,PRD016,2,1199.0,2398.0
SAL001544,2026-05-24,STR003,PRD017,5,649.0,3245.0
SAL001545,2026-05-24,STR003,PRD018,4,899.0,3596.0
SAL001546,2026-05-24,STR003,PRD020,4,1499.0,5996.0
SAL001547,2026-05-24,STR003,PRD021,5,1099.0,5495.0
SAL001548,2026-05-24,STR003,PRD026,8,299.0,2392.0
SAL001549,2026-05-24,STR003,PRD028,6,499.0,2994.0
SAL001550,2026-05-24,STR003,PRD030,7,199.0,1393.0
SAL001551,2026-05-24,STR003,PRD033,1,849.0,849.0
SAL001552,2026-05-24,STR003,PRD036,7,329.0,2303.0
SAL001553,2026-05-24,STR003,PRD037,1,379.0,379.0
SAL001554,2026-05-24,STR003,PRD038,4,429.0,1716.0
SAL001555,2026-05-24,STR003,PRD039,2,299.0,598.0
SAL001556,2026-05-24,STR003,PRD040,6,249.0,1494.0
SAL001557,2026-05-24,STR004,PRD001,7,599.0,4193.0
SAL001558,2026-05-24,STR004,PRD002,1,2899.0,2899.0
SAL001559,2026-05-24,STR004,PRD004,9,1199.0,10791.0
SAL001560,2026-05-24,STR004,PRD005,1,2299.0,2299.0
SAL001561,2026-05-24,STR004,PRD006,4,1799.0,7196.0
SAL001562,2026-05-24,STR004,PRD007,4,1999.0,7996.0
SAL001563,2026-05-24,STR004,PRD009,5,299.0,1495.0
SAL001564,2026-05-24,STR004,PRD010,1,1299.0,1299.0
SAL001565,2026-05-24,STR004,PRD012,4,199.0,796.0
SAL001566,2026-05-24,STR004,PRD015,2,449.0,898.0
SAL001567,2026-05-24,STR004,PRD016,1,1199.0,1199.0
SAL001568,2026-05-24,STR004,PRD024,2,1499.0,2998.0
SAL001569,2026-05-24,STR004,PRD025,5,1899.0,9495.0
SAL001570,2026-05-24,STR004,PRD026,5,299.0,1495.0
SAL001571,2026-05-24,STR004,PRD027,1,179.0,179.0
SAL001572,2026-05-24,STR004,PRD028,5,499.0,2495.0
SAL001573,2026-05-24,STR004,PRD029,1,349.0,349.0
SAL001574,2026-05-24,STR004,PRD030,5,199.0,995.0
SAL001575,2026-05-24,STR004,PRD036,4,329.0,1316.0
SAL001576,2026-05-24,STR004,PRD039,6,299.0,1794.0
SAL001577,2026-05-25,STR001,PRD001,5,599.0,2995.0
SAL001578,2026-05-25,STR001,PRD002,1,2899.0,2899.0
SAL001579,2026-05-25,STR001,PRD003,2,3499.0,6998.0
SAL001580,2026-05-25,STR001,PRD004,3,1199.0,3597.0
SAL001581,2026-05-25,STR001,PRD006,3,1799.0,5397.0
SAL001582,2026-05-25,STR001,PRD007,2,1999.0,3998.0
SAL001583,2026-05-25,STR001,PRD009,4,299.0,1196.0
SAL001584,2026-05-25,STR001,PRD010,6,1299.0,7794.0
SAL001585,2026-05-25,STR001,PRD011,2,1599.0,3198.0
SAL001586,2026-05-25,STR001,PRD012,3,199.0,597.0
SAL001587,2026-05-25,STR001,PRD013,3,249.0,747.0
SAL001588,2026-05-25,STR001,PRD014,1,899.0,899.0
SAL001589,2026-05-25,STR001,PRD015,2,449.0,898.0
SAL001590,2026-05-25,STR001,PRD016,2,1199.0,2398.0
SAL001591,2026-05-25,STR001,PRD018,1,899.0,899.0
SAL001592,2026-05-25,STR001,PRD021,1,1099.0,1099.0
SAL001593,2026-05-25,STR001,PRD022,1,599.0,599.0
SAL001594,2026-05-25,STR001,PRD026,6,299.0,1794.0
SAL001595,2026-05-25,STR001,PRD029,3,349.0,1047.0
SAL001596,2026-05-25,STR001,PRD030,6,199.0,1194.0
SAL001597,2026-05-25,STR001,PRD035,5,449.0,2245.0
SAL001598,2026-05-25,STR001,PRD036,3,329.0,987.0
SAL001599,2026-05-25,STR001,PRD037,4,379.0,1516.0
SAL001600,2026-05-25,STR001,PRD038,1,429.0,429.0
SAL001601,2026-05-25,STR001,PRD039,5,299.0,1495.0
SAL001602,2026-05-25,STR002,PRD001,6,599.0,3594.0
SAL001603,2026-05-25,STR002,PRD004,8,1199.0,9592.0
SAL001604,2026-05-25,STR002,PRD005,3,2299.0,6897.0
SAL001605,2026-05-25,STR002,PRD006,1,1799.0,1799.0
SAL001606,2026-05-25,STR002,PRD007,5,1999.0,9995.0
SAL001607,2026-05-25,STR002,PRD008,3,1499.0,4497.0
SAL001608,2026-05-25,STR002,PRD009,6,299.0,1794.0
SAL001609,2026-05-25,STR002,PRD011,2,1599.0,3198.0
SAL001610,2026-05-25,STR002,PRD012,2,199.0,398.0
SAL001611,2026-05-25,STR002,PRD013,3,249.0,747.0
SAL001612,2026-05-25,STR002,PRD015,5,449.0,2245.0
SAL001613,2026-05-25,STR002,PRD016,2,1199.0,2398.0
SAL001614,2026-05-25,STR002,PRD024,2,1499.0,2998.0
SAL001615,2026-05-25,STR002,PRD025,1,1899.0,1899.0
SAL001616,2026-05-25,STR002,PRD026,6,299.0,1794.0
SAL001617,2026-05-25,STR002,PRD027,3,179.0,537.0
SAL001618,2026-05-25,STR002,PRD029,1,349.0,349.0
SAL001619,2026-05-25,STR002,PRD030,8,199.0,1592.0
SAL001620,2026-05-25,STR002,PRD031,2,999.0,1998.0
SAL001621,2026-05-25,STR002,PRD036,5,329.0,1645.0
SAL001622,2026-05-25,STR002,PRD037,3,379.0,1137.0
SAL001623,2026-05-25,STR002,PRD038,5,429.0,2145.0
SAL001624,2026-05-25,STR002,PRD039,8,299.0,2392.0
SAL001625,2026-05-25,STR003,PRD001,6,599.0,3594.0
SAL001626,2026-05-25,STR003,PRD003,3,3499.0,10497.0
SAL001627,2026-05-25,STR003,PRD004,7,1199.0,8393.0
SAL001628,2026-05-25,STR003,PRD007,2,1999.0,3998.0
SAL001629,2026-05-25,STR003,PRD008,3,1499.0,4497.0
SAL001630,2026-05-25,STR003,PRD009,3,299.0,897.0
SAL001631,2026-05-25,STR003,PRD013,4,249.0,996.0
SAL001632,2026-05-25,STR003,PRD015,2,449.0,898.0
SAL001633,2026-05-25,STR003,PRD016,3,1199.0,3597.0
SAL001634,2026-05-25,STR003,PRD017,3,649.0,1947.0
SAL001635,2026-05-25,STR003,PRD020,4,1499.0,5996.0
SAL001636,2026-05-25,STR003,PRD024,4,1499.0,5996.0
SAL001637,2026-05-25,STR003,PRD025,2,1899.0,3798.0
SAL001638,2026-05-25,STR003,PRD027,2,179.0,358.0
SAL001639,2026-05-25,STR003,PRD028,2,499.0,998.0
SAL001640,2026-05-25,STR003,PRD029,4,349.0,1396.0
SAL001641,2026-05-25,STR003,PRD030,2,199.0,398.0
SAL001642,2026-05-25,STR003,PRD033,2,849.0,1698.0
SAL001643,2026-05-25,STR003,PRD034,1,399.0,399.0
SAL001644,2026-05-25,STR003,PRD035,1,449.0,449.0
SAL001645,2026-05-25,STR003,PRD036,5,329.0,1645.0
SAL001646,2026-05-25,STR003,PRD037,2,379.0,758.0
SAL001647,2026-05-25,STR003,PRD039,3,299.0,897.0
SAL001648,2026-05-25,STR003,PRD040,3,249.0,747.0
SAL001649,2026-05-25,STR004,PRD001,7,599.0,4193.0
SAL001650,2026-05-25,STR004,PRD002,3,2899.0,8697.0
SAL001651,2026-05-25,STR004,PRD004,6,1199.0,7194.0
SAL001652,2026-05-25,STR004,PRD006,2,1799.0,3598.0
SAL001653,2026-05-25,STR004,PRD009,6,299.0,1794.0
SAL001654,2026-05-25,STR004,PRD013,3,249.0,747.0
SAL001655,2026-05-25,STR004,PRD015,2,449.0,898.0
SAL001656,2026-05-25,STR004,PRD017,3,649.0,1947.0
SAL001657,2026-05-25,STR004,PRD018,1,899.0,899.0
SAL001658,2026-05-25,STR004,PRD020,2,1499.0,2998.0
SAL001659,2026-05-25,STR004,PRD021,4,1099.0,4396.0
SAL001660,2026-05-25,STR004,PRD024,4,1499.0,5996.0
SAL001661,2026-05-25,STR004,PRD025,4,1899.0,7596.0
SAL001662,2026-05-25,STR004,PRD026,6,299.0,1794.0
SAL001663,2026-05-25,STR004,PRD027,1,179.0,179.0
SAL001664,2026-05-25,STR004,PRD028,3,499.0,1497.0
SAL001665,2026-05-25,STR004,PRD029,4,349.0,1396.0
SAL001666,2026-05-25,STR004,PRD030,3,199.0,597.0
SAL001667,2026-05-25,STR004,PRD034,1,399.0,399.0
SAL001668,2026-05-25,STR004,PRD036,6,329.0,1974.0
SAL001669,2026-05-25,STR004,PRD039,7,299.0,2093.0
SAL001670,2026-05-25,STR004,PRD040,4,249.0,996.0
SAL001671,2026-05-26,STR001,PRD001,2,599.0,1198.0
SAL001672,2026-05-26,STR001,PRD002,3,2899.0,8697.0
SAL001673,2026-05-26,STR001,PRD003,4,3499.0,13996.0
SAL001674,2026-05-26,STR001,PRD004,4,1199.0,4796.0
SAL001675,2026-05-26,STR001,PRD006,3,1799.0,5397.0
SAL001676,2026-05-26,STR001,PRD007,2,1999.0,3998.0
SAL001677,2026-05-26,STR001,PRD009,2,299.0,598.0
SAL001678,2026-05-26,STR001,PRD010,5,1299.0,6495.0
SAL001679,2026-05-26,STR001,PRD013,2,249.0,498.0
SAL001680,2026-05-26,STR001,PRD014,1,899.0,899.0
SAL001681,2026-05-26,STR001,PRD015,3,449.0,1347.0
SAL001682,2026-05-26,STR001,PRD017,3,649.0,1947.0
SAL001683,2026-05-26,STR001,PRD018,1,899.0,899.0
SAL001684,2026-05-26,STR001,PRD022,2,599.0,1198.0
SAL001685,2026-05-26,STR001,PRD023,4,1299.0,5196.0
SAL001686,2026-05-26,STR001,PRD024,3,1499.0,4497.0
SAL001687,2026-05-26,STR001,PRD026,2,299.0,598.0
SAL001688,2026-05-26,STR001,PRD029,4,349.0,1396.0
SAL001689,2026-05-26,STR001,PRD030,2,199.0,398.0
SAL001690,2026-05-26,STR001,PRD031,1,999.0,999.0
SAL001691,2026-05-26,STR001,PRD034,3,399.0,1197.0
SAL001692,2026-05-26,STR001,PRD036,7,329.0,2303.0
SAL001693,2026-05-26,STR001,PRD037,1,379.0,379.0
SAL001694,2026-05-26,STR001,PRD038,3,429.0,1287.0
SAL001695,2026-05-26,STR001,PRD039,2,299.0,598.0
SAL001696,2026-05-26,STR002,PRD001,2,599.0,1198.0
SAL001697,2026-05-26,STR002,PRD002,5,2899.0,14495.0
SAL001698,2026-05-26,STR002,PRD003,2,3499.0,6998.0
SAL001699,2026-05-26,STR002,PRD004,7,1199.0,8393.0
SAL001700,2026-05-26,STR002,PRD005,1,2299.0,2299.0
SAL001701,2026-05-26,STR002,PRD006,1,1799.0,1799.0
SAL001702,2026-05-26,STR002,PRD007,6,1999.0,11994.0
SAL001703,2026-05-26,STR002,PRD009,2,299.0,598.0
SAL001704,2026-05-26,STR002,PRD010,2,1299.0,2598.0
SAL001705,2026-05-26,STR002,PRD011,3,1599.0,4797.0
SAL001706,2026-05-26,STR002,PRD015,2,449.0,898.0
SAL001707,2026-05-26,STR002,PRD018,1,899.0,899.0
SAL001708,2026-05-26,STR002,PRD025,5,1899.0,9495.0
SAL001709,2026-05-26,STR002,PRD026,3,299.0,897.0
SAL001710,2026-05-26,STR002,PRD027,1,179.0,179.0
SAL001711,2026-05-26,STR002,PRD028,6,499.0,2994.0
SAL001712,2026-05-26,STR002,PRD030,6,199.0,1194.0
SAL001713,2026-05-26,STR002,PRD031,2,999.0,1998.0
SAL001714,2026-05-26,STR002,PRD034,2,399.0,798.0
SAL001715,2026-05-26,STR002,PRD035,1,449.0,449.0
SAL001716,2026-05-26,STR002,PRD036,5,329.0,1645.0
SAL001717,2026-05-26,STR002,PRD037,5,379.0,1895.0
SAL001718,2026-05-26,STR002,PRD038,5,429.0,2145.0
SAL001719,2026-05-26,STR002,PRD039,2,299.0,598.0
SAL001720,2026-05-26,STR002,PRD040,5,249.0,1245.0
SAL001721,2026-05-26,STR003,PRD001,3,599.0,1797.0
SAL001722,2026-05-26,STR003,PRD002,1,2899.0,2899.0
SAL001723,2026-05-26,STR003,PRD004,5,1199.0,5995.0
SAL001724,2026-05-26,STR003,PRD005,3,2299.0,6897.0
SAL001725,2026-05-26,STR003,PRD006,2,1799.0,3598.0
SAL001726,2026-05-26,STR003,PRD007,4,1999.0,7996.0
SAL001727,2026-05-26,STR003,PRD008,3,1499.0,4497.0
SAL001728,2026-05-26,STR003,PRD009,6,299.0,1794.0
SAL001729,2026-05-26,STR003,PRD011,2,1599.0,3198.0
SAL001730,2026-05-26,STR003,PRD012,1,199.0,199.0
SAL001731,2026-05-26,STR003,PRD013,4,249.0,996.0
SAL001732,2026-05-26,STR003,PRD014,1,899.0,899.0
SAL001733,2026-05-26,STR003,PRD018,3,899.0,2697.0
SAL001734,2026-05-26,STR003,PRD020,2,1499.0,2998.0
SAL001735,2026-05-26,STR003,PRD022,1,599.0,599.0
SAL001736,2026-05-26,STR003,PRD026,7,299.0,2093.0
SAL001737,2026-05-26,STR003,PRD027,4,179.0,716.0
SAL001738,2026-05-26,STR003,PRD030,6,199.0,1194.0
SAL001739,2026-05-26,STR003,PRD031,1,999.0,999.0
SAL001740,2026-05-26,STR003,PRD034,2,399.0,798.0
SAL001741,2026-05-26,STR003,PRD036,7,329.0,2303.0
SAL001742,2026-05-26,STR003,PRD037,4,379.0,1516.0
SAL001743,2026-05-26,STR003,PRD038,2,429.0,858.0
SAL001744,2026-05-26,STR003,PRD039,3,299.0,897.0
SAL001745,2026-05-26,STR003,PRD040,6,249.0,1494.0
SAL001746,2026-05-26,STR004,PRD001,2,599.0,1198.0
SAL001747,2026-05-26,STR004,PRD004,7,1199.0,8393.0
SAL001748,2026-05-26,STR004,PRD007,3,1999.0,5997.0
SAL001749,2026-05-26,STR004,PRD008,3,1499.0,4497.0
SAL001750,2026-05-26,STR004,PRD009,6,299.0,1794.0
SAL001751,2026-05-26,STR004,PRD011,3,1599.0,4797.0
SAL001752,2026-05-26,STR004,PRD016,4,1199.0,4796.0
SAL001753,2026-05-26,STR004,PRD018,1,899.0,899.0
SAL001754,2026-05-26,STR004,PRD020,3,1499.0,4497.0
SAL001755,2026-05-26,STR004,PRD021,4,1099.0,4396.0
SAL001756,2026-05-26,STR004,PRD023,1,1299.0,1299.0
SAL001757,2026-05-26,STR004,PRD026,4,299.0,1196.0
SAL001758,2026-05-26,STR004,PRD027,2,179.0,358.0
SAL001759,2026-05-26,STR004,PRD028,4,499.0,1996.0
SAL001760,2026-05-26,STR004,PRD029,3,349.0,1047.0
SAL001761,2026-05-26,STR004,PRD031,2,999.0,1998.0
SAL001762,2026-05-26,STR004,PRD032,2,699.0,1398.0
SAL001763,2026-05-26,STR004,PRD034,3,399.0,1197.0
SAL001764,2026-05-26,STR004,PRD036,4,329.0,1316.0
SAL001765,2026-05-26,STR004,PRD038,4,429.0,1716.0
SAL001766,2026-05-26,STR004,PRD039,3,299.0,897.0
SAL001767,2026-05-26,STR004,PRD040,7,249.0,1743.0
SAL001768,2026-05-27,STR001,PRD001,5,599.0,2995.0
SAL001769,2026-05-27,STR001,PRD002,1,2899.0,2899.0
SAL001770,2026-05-27,STR001,PRD003,3,3499.0,10497.0
SAL001771,2026-05-27,STR001,PRD004,6,1199.0,7194.0
SAL001772,2026-05-27,STR001,PRD005,1,2299.0,2299.0
SAL001773,2026-05-27,STR001,PRD007,5,1999.0,9995.0
SAL001774,2026-05-27,STR001,PRD008,1,1499.0,1499.0
SAL001775,2026-05-27,STR001,PRD010,8,1299.0,10392.0
SAL001776,2026-05-27,STR001,PRD014,1,899.0,899.0
SAL001777,2026-05-27,STR001,PRD015,2,449.0,898.0
SAL001778,2026-05-27,STR001,PRD016,2,1199.0,2398.0
SAL001779,2026-05-27,STR001,PRD017,4,649.0,2596.0
SAL001780,2026-05-27,STR001,PRD021,4,1099.0,4396.0
SAL001781,2026-05-27,STR001,PRD023,2,1299.0,2598.0
SAL001782,2026-05-27,STR001,PRD024,4,1499.0,5996.0
SAL001783,2026-05-27,STR001,PRD026,5,299.0,1495.0
SAL001784,2026-05-27,STR001,PRD027,4,179.0,716.0
SAL001785,2026-05-27,STR001,PRD028,3,499.0,1497.0
SAL001786,2026-05-27,STR001,PRD030,3,199.0,597.0
SAL001787,2026-05-27,STR001,PRD031,2,999.0,1998.0
SAL001788,2026-05-27,STR001,PRD034,2,399.0,798.0
SAL001789,2026-05-27,STR001,PRD035,7,449.0,3143.0
SAL001790,2026-05-27,STR001,PRD036,6,329.0,1974.0
SAL001791,2026-05-27,STR001,PRD037,4,379.0,1516.0
SAL001792,2026-05-27,STR001,PRD038,3,429.0,1287.0
SAL001793,2026-05-27,STR001,PRD039,4,299.0,1196.0
SAL001794,2026-05-27,STR001,PRD040,2,249.0,498.0
SAL001795,2026-05-27,STR002,PRD001,3,599.0,1797.0
SAL001796,2026-05-27,STR002,PRD005,1,2299.0,2299.0
SAL001797,2026-05-27,STR002,PRD006,2,1799.0,3598.0
SAL001798,2026-05-27,STR002,PRD007,5,1999.0,9995.0
SAL001799,2026-05-27,STR002,PRD008,1,1499.0,1499.0
SAL001800,2026-05-27,STR002,PRD009,2,299.0,598.0
SAL001801,2026-05-27,STR002,PRD010,1,1299.0,1299.0
SAL001802,2026-05-27,STR002,PRD013,1,249.0,249.0
SAL001803,2026-05-27,STR002,PRD015,3,449.0,1347.0
SAL001804,2026-05-27,STR002,PRD016,2,1199.0,2398.0
SAL001805,2026-05-27,STR002,PRD017,3,649.0,1947.0
SAL001806,2026-05-27,STR002,PRD023,1,1299.0,1299.0
SAL001807,2026-05-27,STR002,PRD024,1,1499.0,1499.0
SAL001808,2026-05-27,STR002,PRD025,3,1899.0,5697.0
SAL001809,2026-05-27,STR002,PRD026,8,299.0,2392.0
SAL001810,2026-05-27,STR002,PRD028,5,499.0,2495.0
SAL001811,2026-05-27,STR002,PRD031,1,999.0,999.0
SAL001812,2026-05-27,STR002,PRD032,2,699.0,1398.0
SAL001813,2026-05-27,STR002,PRD034,1,399.0,399.0
SAL001814,2026-05-27,STR002,PRD036,7,329.0,2303.0
SAL001815,2026-05-27,STR002,PRD037,2,379.0,758.0
SAL001816,2026-05-27,STR002,PRD038,5,429.0,2145.0
SAL001817,2026-05-27,STR002,PRD039,8,299.0,2392.0
SAL001818,2026-05-27,STR002,PRD040,3,249.0,747.0
SAL001819,2026-05-27,STR003,PRD002,4,2899.0,11596.0
SAL001820,2026-05-27,STR003,PRD003,2,3499.0,6998.0
SAL001821,2026-05-27,STR003,PRD004,7,1199.0,8393.0
SAL001822,2026-05-27,STR003,PRD005,3,2299.0,6897.0
SAL001823,2026-05-27,STR003,PRD006,3,1799.0,5397.0
SAL001824,2026-05-27,STR003,PRD012,3,199.0,597.0
SAL001825,2026-05-27,STR003,PRD013,3,249.0,747.0
SAL001826,2026-05-27,STR003,PRD016,4,1199.0,4796.0
SAL001827,2026-05-27,STR003,PRD017,2,649.0,1298.0
SAL001828,2026-05-27,STR003,PRD018,3,899.0,2697.0
SAL001829,2026-05-27,STR003,PRD019,2,1399.0,2798.0
SAL001830,2026-05-27,STR003,PRD021,2,1099.0,2198.0
SAL001831,2026-05-27,STR003,PRD022,1,599.0,599.0
SAL001832,2026-05-27,STR003,PRD025,2,1899.0,3798.0
SAL001833,2026-05-27,STR003,PRD026,7,299.0,2093.0
SAL001834,2026-05-27,STR003,PRD029,2,349.0,698.0
SAL001835,2026-05-27,STR003,PRD030,6,199.0,1194.0
SAL001836,2026-05-27,STR003,PRD035,2,449.0,898.0
SAL001837,2026-05-27,STR003,PRD036,3,329.0,987.0
SAL001838,2026-05-27,STR003,PRD040,5,249.0,1245.0
SAL001839,2026-05-27,STR004,PRD001,7,599.0,4193.0
SAL001840,2026-05-27,STR004,PRD005,1,2299.0,2299.0
SAL001841,2026-05-27,STR004,PRD006,2,1799.0,3598.0
SAL001842,2026-05-27,STR004,PRD007,4,1999.0,7996.0
SAL001843,2026-05-27,STR004,PRD009,6,299.0,1794.0
SAL001844,2026-05-27,STR004,PRD010,1,1299.0,1299.0
SAL001845,2026-05-27,STR004,PRD011,4,1599.0,6396.0
SAL001846,2026-05-27,STR004,PRD012,4,199.0,796.0
SAL001847,2026-05-27,STR004,PRD016,2,1199.0,2398.0
SAL001848,2026-05-27,STR004,PRD017,2,649.0,1298.0
SAL001849,2026-05-27,STR004,PRD018,1,899.0,899.0
SAL001850,2026-05-27,STR004,PRD021,2,1099.0,2198.0
SAL001851,2026-05-27,STR004,PRD023,4,1299.0,5196.0
SAL001852,2026-05-27,STR004,PRD025,3,1899.0,5697.0
SAL001853,2026-05-27,STR004,PRD028,2,499.0,998.0
SAL001854,2026-05-27,STR004,PRD030,7,199.0,1393.0
SAL001855,2026-05-27,STR004,PRD031,1,999.0,999.0
SAL001856,2026-05-27,STR004,PRD035,1,449.0,449.0
SAL001857,2026-05-27,STR004,PRD036,5,329.0,1645.0
SAL001858,2026-05-27,STR004,PRD038,4,429.0,1716.0
SAL001859,2026-05-27,STR004,PRD039,7,299.0,2093.0
SAL001860,2026-05-28,STR001,PRD001,5,599.0,2995.0
SAL001861,2026-05-28,STR001,PRD002,3,2899.0,8697.0
SAL001862,2026-05-28,STR001,PRD004,3,1199.0,3597.0
SAL001863,2026-05-28,STR001,PRD005,3,2299.0,6897.0
SAL001864,2026-05-28,STR001,PRD007,3,1999.0,5997.0
SAL001865,2026-05-28,STR001,PRD008,4,1499.0,5996.0
SAL001866,2026-05-28,STR001,PRD009,6,299.0,1794.0
SAL001867,2026-05-28,STR001,PRD010,8,1299.0,10392.0
SAL001868,2026-05-28,STR001,PRD013,4,249.0,996.0
SAL001869,2026-05-28,STR001,PRD015,4,449.0,1796.0
SAL001870,2026-05-28,STR001,PRD018,2,899.0,1798.0
SAL001871,2026-05-28,STR001,PRD019,2,1399.0,2798.0
SAL001872,2026-05-28,STR001,PRD024,1,1499.0,1499.0
SAL001873,2026-05-28,STR001,PRD026,2,299.0,598.0
SAL001874,2026-05-28,STR001,PRD027,4,179.0,716.0
SAL001875,2026-05-28,STR001,PRD030,3,199.0,597.0
SAL001876,2026-05-28,STR001,PRD031,4,999.0,3996.0
SAL001877,2026-05-28,STR001,PRD032,1,699.0,699.0
SAL001878,2026-05-28,STR001,PRD035,5,449.0,2245.0
SAL001879,2026-05-28,STR001,PRD036,3,329.0,987.0
SAL001880,2026-05-28,STR001,PRD037,1,379.0,379.0
SAL001881,2026-05-28,STR001,PRD038,3,429.0,1287.0
SAL001882,2026-05-28,STR001,PRD039,5,299.0,1495.0
SAL001883,2026-05-28,STR001,PRD040,3,249.0,747.0
SAL001884,2026-05-28,STR002,PRD001,3,599.0,1797.0
SAL001885,2026-05-28,STR002,PRD003,3,3499.0,10497.0
SAL001886,2026-05-28,STR002,PRD004,6,1199.0,7194.0
SAL001887,2026-05-28,STR002,PRD006,1,1799.0,1799.0
SAL001888,2026-05-28,STR002,PRD007,6,1999.0,11994.0
SAL001889,2026-05-28,STR002,PRD008,5,1499.0,7495.0
SAL001890,2026-05-28,STR002,PRD009,6,299.0,1794.0
SAL001891,2026-05-28,STR002,PRD010,1,1299.0,1299.0
SAL001892,2026-05-28,STR002,PRD011,3,1599.0,4797.0
SAL001893,2026-05-28,STR002,PRD012,2,199.0,398.0
SAL001894,2026-05-28,STR002,PRD013,2,249.0,498.0
SAL001895,2026-05-28,STR002,PRD014,2,899.0,1798.0
SAL001896,2026-05-28,STR002,PRD015,1,449.0,449.0
SAL001897,2026-05-28,STR002,PRD018,1,899.0,899.0
SAL001898,2026-05-28,STR002,PRD019,2,1399.0,2798.0
SAL001899,2026-05-28,STR002,PRD021,3,1099.0,3297.0
SAL001900,2026-05-28,STR002,PRD026,6,299.0,1794.0
SAL001901,2026-05-28,STR002,PRD028,2,499.0,998.0
SAL001902,2026-05-28,STR002,PRD029,3,349.0,1047.0
SAL001903,2026-05-28,STR002,PRD030,6,199.0,1194.0
SAL001904,2026-05-28,STR002,PRD034,5,399.0,1995.0
SAL001905,2026-05-28,STR002,PRD035,2,449.0,898.0
SAL001906,2026-05-28,STR002,PRD036,6,329.0,1974.0
SAL001907,2026-05-28,STR002,PRD037,2,379.0,758.0
SAL001908,2026-05-28,STR002,PRD039,8,299.0,2392.0
SAL001909,2026-05-28,STR003,PRD001,2,599.0,1198.0
SAL001910,2026-05-28,STR003,PRD002,3,2899.0,8697.0
SAL001911,2026-05-28,STR003,PRD003,3,3499.0,10497.0
SAL001912,2026-05-28,STR003,PRD004,6,1199.0,7194.0
SAL001913,2026-05-28,STR003,PRD006,2,1799.0,3598.0
SAL001914,2026-05-28,STR003,PRD007,5,1999.0,9995.0
SAL001915,2026-05-28,STR003,PRD008,4,1499.0,5996.0
SAL001916,2026-05-28,STR003,PRD009,3,299.0,897.0
SAL001917,2026-05-28,STR003,PRD011,3,1599.0,4797.0
SAL001918,2026-05-28,STR003,PRD013,1,249.0,249.0
SAL001919,2026-05-28,STR003,PRD017,4,649.0,2596.0
SAL001920,2026-05-28,STR003,PRD018,2,899.0,1798.0
SAL001921,2026-05-28,STR003,PRD021,2,1099.0,2198.0
SAL001922,2026-05-28,STR003,PRD023,1,1299.0,1299.0
SAL001923,2026-05-28,STR003,PRD024,3,1499.0,4497.0
SAL001924,2026-05-28,STR003,PRD026,4,299.0,1196.0
SAL001925,2026-05-28,STR003,PRD027,1,179.0,179.0
SAL001926,2026-05-28,STR003,PRD029,3,349.0,1047.0
SAL001927,2026-05-28,STR003,PRD031,4,999.0,3996.0
SAL001928,2026-05-28,STR003,PRD034,4,399.0,1596.0
SAL001929,2026-05-28,STR003,PRD036,4,329.0,1316.0
SAL001930,2026-05-28,STR003,PRD037,4,379.0,1516.0
SAL001931,2026-05-28,STR003,PRD039,6,299.0,1794.0
SAL001932,2026-05-28,STR003,PRD040,7,249.0,1743.0
SAL001933,2026-05-28,STR004,PRD001,6,599.0,3594.0
SAL001934,2026-05-28,STR004,PRD002,2,2899.0,5798.0
SAL001935,2026-05-28,STR004,PRD004,4,1199.0,4796.0
SAL001936,2026-05-28,STR004,PRD005,1,2299.0,2299.0
SAL001937,2026-05-28,STR004,PRD006,1,1799.0,1799.0
SAL001938,2026-05-28,STR004,PRD007,5,1999.0,9995.0
SAL001939,2026-05-28,STR004,PRD009,6,299.0,1794.0
SAL001940,2026-05-28,STR004,PRD011,1,1599.0,1599.0
SAL001941,2026-05-28,STR004,PRD015,1,449.0,449.0
SAL001942,2026-05-28,STR004,PRD016,1,1199.0,1199.0
SAL001943,2026-05-28,STR004,PRD017,2,649.0,1298.0
SAL001944,2026-05-28,STR004,PRD018,2,899.0,1798.0
SAL001945,2026-05-28,STR004,PRD019,2,1399.0,2798.0
SAL001946,2026-05-28,STR004,PRD020,3,1499.0,4497.0
SAL001947,2026-05-28,STR004,PRD024,1,1499.0,1499.0
SAL001948,2026-05-28,STR004,PRD027,3,179.0,537.0
SAL001949,2026-05-28,STR004,PRD030,4,199.0,796.0
SAL001950,2026-05-28,STR004,PRD031,1,999.0,999.0
SAL001951,2026-05-28,STR004,PRD035,1,449.0,449.0
SAL001952,2026-05-28,STR004,PRD036,7,329.0,2303.0
SAL001953,2026-05-28,STR004,PRD038,3,429.0,1287.0
SAL001954,2026-05-28,STR004,PRD040,6,249.0,1494.0
SAL001955,2026-05-29,STR001,PRD001,4,599.0,2396.0
SAL001956,2026-05-29,STR001,PRD002,1,2899.0,2899.0
SAL001957,2026-05-29,STR001,PRD003,3,3499.0,10497.0
SAL001958,2026-05-29,STR001,PRD004,4,1199.0,4796.0
SAL001959,2026-05-29,STR001,PRD006,2,1799.0,3598.0
SAL001960,2026-05-29,STR001,PRD007,4,1999.0,7996.0
SAL001961,2026-05-29,STR001,PRD008,4,1499.0,5996.0
SAL001962,2026-05-29,STR001,PRD009,4,299.0,1196.0
SAL001963,2026-05-29,STR001,PRD010,6,1299.0,7794.0
SAL001964,2026-05-29,STR001,PRD011,1,1599.0,1599.0
SAL001965,2026-05-29,STR001,PRD012,3,199.0,597.0
SAL001966,2026-05-29,STR001,PRD013,3,249.0,747.0
SAL001967,2026-05-29,STR001,PRD014,2,899.0,1798.0
SAL001968,2026-05-29,STR001,PRD016,3,1199.0,3597.0
SAL001969,2026-05-29,STR001,PRD018,2,899.0,1798.0
SAL001970,2026-05-29,STR001,PRD019,1,1399.0,1399.0
SAL001971,2026-05-29,STR001,PRD020,1,1499.0,1499.0
SAL001972,2026-05-29,STR001,PRD021,1,1099.0,1099.0
SAL001973,2026-05-29,STR001,PRD022,2,599.0,1198.0
SAL001974,2026-05-29,STR001,PRD023,4,1299.0,5196.0
SAL001975,2026-05-29,STR001,PRD025,2,1899.0,3798.0
SAL001976,2026-05-29,STR001,PRD026,7,299.0,2093.0
SAL001977,2026-05-29,STR001,PRD028,5,499.0,2495.0
SAL001978,2026-05-29,STR001,PRD030,7,199.0,1393.0
SAL001979,2026-05-29,STR001,PRD031,4,999.0,3996.0
SAL001980,2026-05-29,STR001,PRD035,5,449.0,2245.0
SAL001981,2026-05-29,STR001,PRD036,6,329.0,1974.0
SAL001982,2026-05-29,STR001,PRD037,3,379.0,1137.0
SAL001983,2026-05-29,STR001,PRD038,3,429.0,1287.0
SAL001984,2026-05-29,STR001,PRD039,4,299.0,1196.0
SAL001985,2026-05-29,STR001,PRD040,2,249.0,498.0
SAL001986,2026-05-29,STR002,PRD001,2,599.0,1198.0
SAL001987,2026-05-29,STR002,PRD002,5,2899.0,14495.0
SAL001988,2026-05-29,STR002,PRD004,5,1199.0,5995.0
SAL001989,2026-05-29,STR002,PRD006,1,1799.0,1799.0
SAL001990,2026-05-29,STR002,PRD007,2,1999.0,3998.0
SAL001991,2026-05-29,STR002,PRD008,1,1499.0,1499.0
SAL001992,2026-05-29,STR002,PRD009,7,299.0,2093.0
SAL001993,2026-05-29,STR002,PRD011,2,1599.0,3198.0
SAL001994,2026-05-29,STR002,PRD012,2,199.0,398.0
SAL001995,2026-05-29,STR002,PRD015,5,449.0,2245.0
SAL001996,2026-05-29,STR002,PRD017,3,649.0,1947.0
SAL001997,2026-05-29,STR002,PRD021,5,1099.0,5495.0
SAL001998,2026-05-29,STR002,PRD022,2,599.0,1198.0
SAL001999,2026-05-29,STR002,PRD023,1,1299.0,1299.0
SAL002000,2026-05-29,STR002,PRD025,5,1899.0,9495.0
SAL002001,2026-05-29,STR002,PRD026,2,299.0,598.0
SAL002002,2026-05-29,STR002,PRD028,6,499.0,2994.0
SAL002003,2026-05-29,STR002,PRD029,1,349.0,349.0
SAL002004,2026-05-29,STR002,PRD030,3,199.0,597.0
SAL002005,2026-05-29,STR002,PRD034,2,399.0,798.0
SAL002006,2026-05-29,STR002,PRD036,5,329.0,1645.0
SAL002007,2026-05-29,STR002,PRD037,5,379.0,1895.0
SAL002008,2026-05-29,STR002,PRD038,3,429.0,1287.0
SAL002009,2026-05-29,STR002,PRD039,8,299.0,2392.0
SAL002010,2026-05-29,STR002,PRD040,6,249.0,1494.0
SAL002011,2026-05-29,STR003,PRD001,4,599.0,2396.0
SAL002012,2026-05-29,STR003,PRD004,6,1199.0,7194.0
SAL002013,2026-05-29,STR003,PRD005,1,2299.0,2299.0
SAL002014,2026-05-29,STR003,PRD007,2,1999.0,3998.0
SAL002015,2026-05-29,STR003,PRD008,3,1499.0,4497.0
SAL002016,2026-05-29,STR003,PRD009,4,299.0,1196.0
SAL002017,2026-05-29,STR003,PRD011,4,1599.0,6396.0
SAL002018,2026-05-29,STR003,PRD015,2,449.0,898.0
SAL002019,2026-05-29,STR003,PRD017,2,649.0,1298.0
SAL002020,2026-05-29,STR003,PRD020,4,1499.0,5996.0
SAL002021,2026-05-29,STR003,PRD021,2,1099.0,2198.0
SAL002022,2026-05-29,STR003,PRD022,1,599.0,599.0
SAL002023,2026-05-29,STR003,PRD024,4,1499.0,5996.0
SAL002024,2026-05-29,STR003,PRD027,2,179.0,358.0
SAL002025,2026-05-29,STR003,PRD028,5,499.0,2495.0
SAL002026,2026-05-29,STR003,PRD034,4,399.0,1596.0
SAL002027,2026-05-29,STR003,PRD036,4,329.0,1316.0
SAL002028,2026-05-29,STR003,PRD037,4,379.0,1516.0
SAL002029,2026-05-29,STR003,PRD039,7,299.0,2093.0
SAL002030,2026-05-29,STR003,PRD040,6,249.0,1494.0
SAL002031,2026-05-29,STR004,PRD001,6,599.0,3594.0
SAL002032,2026-05-29,STR004,PRD003,1,3499.0,3499.0
SAL002033,2026-05-29,STR004,PRD004,7,1199.0,8393.0
SAL002034,2026-05-29,STR004,PRD005,3,2299.0,6897.0
SAL002035,2026-05-29,STR004,PRD006,1,1799.0,1799.0
SAL002036,2026-05-29,STR004,PRD007,4,1999.0,7996.0
SAL002037,2026-05-29,STR004,PRD008,1,1499.0,1499.0
SAL002038,2026-05-29,STR004,PRD009,6,299.0,1794.0
SAL002039,2026-05-29,STR004,PRD010,2,1299.0,2598.0
SAL002040,2026-05-29,STR004,PRD015,3,449.0,1347.0
SAL002041,2026-05-29,STR004,PRD019,2,1399.0,2798.0
SAL002042,2026-05-29,STR004,PRD020,4,1499.0,5996.0
SAL002043,2026-05-29,STR004,PRD023,3,1299.0,3897.0
SAL002044,2026-05-29,STR004,PRD024,1,1499.0,1499.0
SAL002045,2026-05-29,STR004,PRD026,4,299.0,1196.0
SAL002046,2026-05-29,STR004,PRD028,2,499.0,998.0
SAL002047,2026-05-29,STR004,PRD030,6,199.0,1194.0
SAL002048,2026-05-29,STR004,PRD031,3,999.0,2997.0
SAL002049,2026-05-29,STR004,PRD034,1,399.0,399.0
SAL002050,2026-05-29,STR004,PRD035,1,449.0,449.0
SAL002051,2026-05-29,STR004,PRD037,2,379.0,758.0
SAL002052,2026-05-29,STR004,PRD039,4,299.0,1196.0
SAL002053,2026-05-29,STR004,PRD040,2,249.0,498.0
SAL002054,2026-05-30,STR001,PRD001,8,599.0,4792.0
SAL002055,2026-05-30,STR001,PRD004,4,1199.0,4796.0
SAL002056,2026-05-30,STR001,PRD005,4,2299.0,9196.0
SAL002057,2026-05-30,STR001,PRD006,3,1799.0,5397.0
SAL002058,2026-05-30,STR001,PRD007,3,1999.0,5997.0
SAL002059,2026-05-30,STR001,PRD008,1,1499.0,1499.0
SAL002060,2026-05-30,STR001,PRD010,7,1299.0,9093.0
SAL002061,2026-05-30,STR001,PRD013,5,249.0,1245.0
SAL002062,2026-05-30,STR001,PRD015,3,449.0,1347.0
SAL002063,2026-05-30,STR001,PRD016,4,1199.0,4796.0
SAL002064,2026-05-30,STR001,PRD017,4,649.0,2596.0
SAL002065,2026-05-30,STR001,PRD019,1,1399.0,1399.0
SAL002066,2026-05-30,STR001,PRD020,5,1499.0,7495.0
SAL002067,2026-05-30,STR001,PRD021,3,1099.0,3297.0
SAL002068,2026-05-30,STR001,PRD024,3,1499.0,4497.0
SAL002069,2026-05-30,STR001,PRD025,5,1899.0,9495.0
SAL002070,2026-05-30,STR001,PRD026,7,299.0,2093.0
SAL002071,2026-05-30,STR001,PRD027,4,179.0,716.0
SAL002072,2026-05-30,STR001,PRD030,8,199.0,1592.0
SAL002073,2026-05-30,STR001,PRD035,8,449.0,3592.0
SAL002074,2026-05-30,STR001,PRD036,3,329.0,987.0
SAL002075,2026-05-30,STR001,PRD037,5,379.0,1895.0
SAL002076,2026-05-30,STR001,PRD038,3,429.0,1287.0
SAL002077,2026-05-30,STR001,PRD039,8,299.0,2392.0
SAL002078,2026-05-30,STR001,PRD040,8,249.0,1992.0
SAL002079,2026-05-30,STR002,PRD001,10,599.0,5990.0
SAL002080,2026-05-30,STR002,PRD003,1,3499.0,3499.0
SAL002081,2026-05-30,STR002,PRD004,3,1199.0,3597.0
SAL002082,2026-05-30,STR002,PRD005,1,2299.0,2299.0
SAL002083,2026-05-30,STR002,PRD006,6,1799.0,10794.0
SAL002084,2026-05-30,STR002,PRD007,6,1999.0,11994.0
SAL002085,2026-05-30,STR002,PRD008,1,1499.0,1499.0
SAL002086,2026-05-30,STR002,PRD009,3,299.0,897.0
SAL002087,2026-05-30,STR002,PRD010,1,1299.0,1299.0
SAL002088,2026-05-30,STR002,PRD014,1,899.0,899.0
SAL002089,2026-05-30,STR002,PRD015,3,449.0,1347.0
SAL002090,2026-05-30,STR002,PRD018,3,899.0,2697.0
SAL002091,2026-05-30,STR002,PRD020,6,1499.0,8994.0
SAL002092,2026-05-30,STR002,PRD023,4,1299.0,5196.0
SAL002093,2026-05-30,STR002,PRD024,1,1499.0,1499.0
SAL002094,2026-05-30,STR002,PRD025,1,1899.0,1899.0
SAL002095,2026-05-30,STR002,PRD026,6,299.0,1794.0
SAL002096,2026-05-30,STR002,PRD028,6,499.0,2994.0
SAL002097,2026-05-30,STR002,PRD029,1,349.0,349.0
SAL002098,2026-05-30,STR002,PRD030,4,199.0,796.0
SAL002099,2026-05-30,STR002,PRD032,3,699.0,2097.0
SAL002100,2026-05-30,STR002,PRD033,3,849.0,2547.0
SAL002101,2026-05-30,STR002,PRD034,1,399.0,399.0
SAL002102,2026-05-30,STR002,PRD036,3,329.0,987.0
SAL002103,2026-05-30,STR002,PRD037,1,379.0,379.0
SAL002104,2026-05-30,STR002,PRD039,7,299.0,2093.0
SAL002105,2026-05-30,STR002,PRD040,7,249.0,1743.0
SAL002106,2026-05-30,STR003,PRD001,8,599.0,4792.0
SAL002107,2026-05-30,STR003,PRD002,1,2899.0,2899.0
SAL002108,2026-05-30,STR003,PRD004,8,1199.0,9592.0
SAL002109,2026-05-30,STR003,PRD005,2,2299.0,4598.0
SAL002110,2026-05-30,STR003,PRD007,6,1999.0,11994.0
SAL002111,2026-05-30,STR003,PRD008,5,1499.0,7495.0
SAL002112,2026-05-30,STR003,PRD009,2,299.0,598.0
SAL002113,2026-05-30,STR003,PRD011,5,1599.0,7995.0
SAL002114,2026-05-30,STR003,PRD012,4,199.0,796.0
SAL002115,2026-05-30,STR003,PRD013,4,249.0,996.0
SAL002116,2026-05-30,STR003,PRD017,4,649.0,2596.0
SAL002117,2026-05-30,STR003,PRD018,2,899.0,1798.0
SAL002118,2026-05-30,STR003,PRD020,2,1499.0,2998.0
SAL002119,2026-05-30,STR003,PRD021,1,1099.0,1099.0
SAL002120,2026-05-30,STR003,PRD024,5,1499.0,7495.0
SAL002121,2026-05-30,STR003,PRD026,5,299.0,1495.0
SAL002122,2026-05-30,STR003,PRD027,5,179.0,895.0
SAL002123,2026-05-30,STR003,PRD029,2,349.0,698.0
SAL002124,2026-05-30,STR003,PRD030,7,199.0,1393.0
SAL002125,2026-05-30,STR003,PRD031,5,999.0,4995.0
SAL002126,2026-05-30,STR003,PRD032,2,699.0,1398.0
SAL002127,2026-05-30,STR003,PRD037,4,379.0,1516.0
SAL002128,2026-05-30,STR003,PRD038,1,429.0,429.0
SAL002129,2026-05-30,STR003,PRD039,4,299.0,1196.0
SAL002130,2026-05-30,STR003,PRD040,8,249.0,1992.0
SAL002131,2026-05-30,STR004,PRD001,9,599.0,5391.0
SAL002132,2026-05-30,STR004,PRD003,2,3499.0,6998.0
SAL002133,2026-05-30,STR004,PRD005,1,2299.0,2299.0
SAL002134,2026-05-30,STR004,PRD006,1,1799.0,1799.0
SAL002135,2026-05-30,STR004,PRD007,2,1999.0,3998.0
SAL002136,2026-05-30,STR004,PRD008,2,1499.0,2998.0
SAL002137,2026-05-30,STR004,PRD009,9,299.0,2691.0
SAL002138,2026-05-30,STR004,PRD010,2,1299.0,2598.0
SAL002139,2026-05-30,STR004,PRD012,2,199.0,398.0
SAL002140,2026-05-30,STR004,PRD014,1,899.0,899.0
SAL002141,2026-05-30,STR004,PRD015,2,449.0,898.0
SAL002142,2026-05-30,STR004,PRD016,2,1199.0,2398.0
SAL002143,2026-05-30,STR004,PRD017,5,649.0,3245.0
SAL002144,2026-05-30,STR004,PRD018,4,899.0,3596.0
SAL002145,2026-05-30,STR004,PRD020,2,1499.0,2998.0
SAL002146,2026-05-30,STR004,PRD023,1,1299.0,1299.0
SAL002147,2026-05-30,STR004,PRD024,5,1499.0,7495.0
SAL002148,2026-05-30,STR004,PRD025,4,1899.0,7596.0
SAL002149,2026-05-30,STR004,PRD026,6,299.0,1794.0
SAL002150,2026-05-30,STR004,PRD027,1,179.0,179.0
SAL002151,2026-05-30,STR004,PRD028,6,499.0,2994.0
SAL002152,2026-05-30,STR004,PRD030,6,199.0,1194.0
SAL002153,2026-05-30,STR004,PRD031,1,999.0,999.0
SAL002154,2026-05-30,STR004,PRD032,1,699.0,699.0
SAL002155,2026-05-30,STR004,PRD035,2,449.0,898.0
SAL002156,2026-05-30,STR004,PRD036,4,329.0,1316.0
SAL002157,2026-05-30,STR004,PRD037,4,379.0,1516.0
SAL002158,2026-05-30,STR004,PRD038,5,429.0,2145.0
SAL002159,2026-05-30,STR004,PRD039,4,299.0,1196.0
SAL002160,2026-05-30,STR004,PRD040,2,249.0,498.0
SAL002161,2026-05-31,STR001,PRD001,9,599.0,5391.0
SAL002162,2026-05-31,STR001,PRD002,1,2899.0,2899.0
SAL002163,2026-05-31,STR001,PRD003,4,3499.0,13996.0
SAL002164,2026-05-31,STR001,PRD004,3,1199.0,3597.0
SAL002165,2026-05-31,STR001,PRD005,1,2299.0,2299.0
SAL002166,2026-05-31,STR001,PRD006,1,1799.0,1799.0
SAL002167,2026-05-31,STR001,PRD007,4,1999.0,7996.0
SAL002168,2026-05-31,STR001,PRD008,3,1499.0,4497.0
SAL002169,2026-05-31,STR001,PRD009,4,299.0,1196.0
SAL002170,2026-05-31,STR001,PRD010,7,1299.0,9093.0
SAL002171,2026-05-31,STR001,PRD013,3,249.0,747.0
SAL002172,2026-05-31,STR001,PRD014,1,899.0,899.0
SAL002173,2026-05-31,STR001,PRD015,4,449.0,1796.0
SAL002174,2026-05-31,STR001,PRD016,5,1199.0,5995.0
SAL002175,2026-05-31,STR001,PRD017,5,649.0,3245.0
SAL002176,2026-05-31,STR001,PRD018,4,899.0,3596.0
SAL002177,2026-05-31,STR001,PRD019,1,1399.0,1399.0
SAL002178,2026-05-31,STR001,PRD020,1,1499.0,1499.0
SAL002179,2026-05-31,STR001,PRD021,1,1099.0,1099.0
SAL002180,2026-05-31,STR001,PRD022,1,599.0,599.0
SAL002181,2026-05-31,STR001,PRD025,3,1899.0,5697.0
SAL002182,2026-05-31,STR001,PRD026,5,299.0,1495.0
SAL002183,2026-05-31,STR001,PRD027,1,179.0,179.0
SAL002184,2026-05-31,STR001,PRD028,3,499.0,1497.0
SAL002185,2026-05-31,STR001,PRD029,5,349.0,1745.0
SAL002186,2026-05-31,STR001,PRD031,3,999.0,2997.0
SAL002187,2026-05-31,STR001,PRD032,3,699.0,2097.0
SAL002188,2026-05-31,STR001,PRD033,3,849.0,2547.0
SAL002189,2026-05-31,STR001,PRD034,5,399.0,1995.0
SAL002190,2026-05-31,STR001,PRD035,8,449.0,3592.0
SAL002191,2026-05-31,STR001,PRD036,9,329.0,2961.0
SAL002192,2026-05-31,STR001,PRD037,4,379.0,1516.0
SAL002193,2026-05-31,STR001,PRD039,4,299.0,1196.0
SAL002194,2026-05-31,STR001,PRD040,8,249.0,1992.0
SAL002195,2026-05-31,STR002,PRD001,4,599.0,2396.0
SAL002196,2026-05-31,STR002,PRD002,6,2899.0,17394.0
SAL002197,2026-05-31,STR002,PRD003,3,3499.0,10497.0
SAL002198,2026-05-31,STR002,PRD004,4,1199.0,4796.0
SAL002199,2026-05-31,STR002,PRD009,4,299.0,1196.0
SAL002200,2026-05-31,STR002,PRD011,3,1599.0,4797.0
SAL002201,2026-05-31,STR002,PRD012,6,199.0,1194.0
SAL002202,2026-05-31,STR002,PRD014,3,899.0,2697.0
SAL002203,2026-05-31,STR002,PRD016,6,1199.0,7194.0
SAL002204,2026-05-31,STR002,PRD018,3,899.0,2697.0
SAL002205,2026-05-31,STR002,PRD020,3,1499.0,4497.0
SAL002206,2026-05-31,STR002,PRD023,1,1299.0,1299.0
SAL002207,2026-05-31,STR002,PRD024,6,1499.0,8994.0
SAL002208,2026-05-31,STR002,PRD026,7,299.0,2093.0
SAL002209,2026-05-31,STR002,PRD027,6,179.0,1074.0
SAL002210,2026-05-31,STR002,PRD030,7,199.0,1393.0
SAL002211,2026-05-31,STR002,PRD031,1,999.0,999.0
SAL002212,2026-05-31,STR002,PRD034,4,399.0,1596.0
SAL002213,2026-05-31,STR002,PRD035,1,449.0,449.0
SAL002214,2026-05-31,STR002,PRD036,10,329.0,3290.0
SAL002215,2026-05-31,STR002,PRD037,6,379.0,2274.0
SAL002216,2026-05-31,STR002,PRD039,3,299.0,897.0
SAL002217,2026-05-31,STR003,PRD001,4,599.0,2396.0
SAL002218,2026-05-31,STR003,PRD003,4,3499.0,13996.0
SAL002219,2026-05-31,STR003,PRD004,8,1199.0,9592.0
SAL002220,2026-05-31,STR003,PRD007,5,1999.0,9995.0
SAL002221,2026-05-31,STR003,PRD008,4,1499.0,5996.0
SAL002222,2026-05-31,STR003,PRD009,5,299.0,1495.0
SAL002223,2026-05-31,STR003,PRD013,1,249.0,249.0
SAL002224,2026-05-31,STR003,PRD015,1,449.0,449.0
SAL002225,2026-05-31,STR003,PRD016,4,1199.0,4796.0
SAL002226,2026-05-31,STR003,PRD018,2,899.0,1798.0
SAL002227,2026-05-31,STR003,PRD020,4,1499.0,5996.0
SAL002228,2026-05-31,STR003,PRD021,1,1099.0,1099.0
SAL002229,2026-05-31,STR003,PRD024,4,1499.0,5996.0
SAL002230,2026-05-31,STR003,PRD025,1,1899.0,1899.0
SAL002231,2026-05-31,STR003,PRD026,8,299.0,2392.0
SAL002232,2026-05-31,STR003,PRD028,4,499.0,1996.0
SAL002233,2026-05-31,STR003,PRD030,5,199.0,995.0
SAL002234,2026-05-31,STR003,PRD031,4,999.0,3996.0
SAL002235,2026-05-31,STR003,PRD034,4,399.0,1596.0
SAL002236,2026-05-31,STR003,PRD036,7,329.0,2303.0
SAL002237,2026-05-31,STR003,PRD038,4,429.0,1716.0
SAL002238,2026-05-31,STR003,PRD039,5,299.0,1495.0
SAL002239,2026-05-31,STR003,PRD040,8,249.0,1992.0
SAL002240,2026-05-31,STR004,PRD001,2,599.0,1198.0
SAL002241,2026-05-31,STR004,PRD002,5,2899.0,14495.0
SAL002242,2026-05-31,STR004,PRD003,5,3499.0,17495.0
SAL002243,2026-05-31,STR004,PRD005,1,2299.0,2299.0
SAL002244,2026-05-31,STR004,PRD006,4,1799.0,7196.0
SAL002245,2026-05-31,STR004,PRD007,4,1999.0,7996.0
SAL002246,2026-05-31,STR004,PRD008,2,1499.0,2998.0
SAL002247,2026-05-31,STR004,PRD009,9,299.0,2691.0
SAL002248,2026-05-31,STR004,PRD010,2,1299.0,2598.0
SAL002249,2026-05-31,STR004,PRD012,2,199.0,398.0
SAL002250,2026-05-31,STR004,PRD013,5,249.0,1245.0
SAL002251,2026-05-31,STR004,PRD016,1,1199.0,1199.0
SAL002252,2026-05-31,STR004,PRD017,2,649.0,1298.0
SAL002253,2026-05-31,STR004,PRD020,4,1499.0,5996.0
SAL002254,2026-05-31,STR004,PRD023,5,1299.0,6495.0
SAL002255,2026-05-31,STR004,PRD024,2,1499.0,2998.0
SAL002256,2026-05-31,STR004,PRD026,5,299.0,1495.0
SAL002257,2026-05-31,STR004,PRD027,4,179.0,716.0
SAL002258,2026-05-31,STR004,PRD030,5,199.0,995.0
SAL002259,2026-05-31,STR004,PRD031,2,999.0,1998.0
SAL002260,2026-05-31,STR004,PRD033,2,849.0,1698.0
SAL002261,2026-05-31,STR004,PRD034,2,399.0,798.0
SAL002262,2026-05-31,STR004,PRD036,9,329.0,2961.0
SAL002263,2026-05-31,STR004,PRD038,1,429.0,429.0
SAL002264,2026-05-31,STR004,PRD039,5,299.0,1495.0
SAL002265,2026-05-31,STR004,PRD040,6,249.0,1494.0
SAL002266,2026-06-01,STR001,PRD001,3,599.0,1797.0
SAL002267,2026-06-01,STR001,PRD002,1,2899.0,2899.0
SAL002268,2026-06-01,STR001,PRD005,2,2299.0,4598.0
SAL002269,2026-06-01,STR001,PRD006,2,1799.0,3598.0
SAL002270,2026-06-01,STR001,PRD007,2,1999.0,3998.0
SAL002271,2026-06-01,STR001,PRD009,5,299.0,1495.0
SAL002272,2026-06-01,STR001,PRD010,7,1299.0,9093.0
SAL002273,2026-06-01,STR001,PRD012,3,199.0,597.0
SAL002274,2026-06-01,STR001,PRD023,1,1299.0,1299.0
SAL002275,2026-06-01,STR001,PRD026,6,299.0,1794.0
SAL002276,2026-06-01,STR001,PRD027,1,179.0,179.0
SAL002277,2026-06-01,STR001,PRD028,3,499.0,1497.0
SAL002278,2026-06-01,STR001,PRD029,1,349.0,349.0
SAL002279,2026-06-01,STR001,PRD030,6,199.0,1194.0
SAL002280,2026-06-01,STR001,PRD035,4,449.0,1796.0
SAL002281,2026-06-01,STR001,PRD036,5,329.0,1645.0
SAL002282,2026-06-01,STR001,PRD040,5,249.0,1245.0
SAL002283,2026-06-01,STR002,PRD001,7,599.0,4193.0
SAL002284,2026-06-01,STR002,PRD002,1,2899.0,2899.0
SAL002285,2026-06-01,STR002,PRD004,3,1199.0,3597.0
SAL002286,2026-06-01,STR002,PRD006,5,1799.0,8995.0
SAL002287,2026-06-01,STR002,PRD007,5,1999.0,9995.0
SAL002288,2026-06-01,STR002,PRD008,3,1499.0,4497.0
SAL002289,2026-06-01,STR002,PRD011,5,1599.0,7995.0
SAL002290,2026-06-01,STR002,PRD013,5,249.0,1245.0
SAL002291,2026-06-01,STR002,PRD017,5,649.0,3245.0
SAL002292,2026-06-01,STR002,PRD018,3,899.0,2697.0
SAL002293,2026-06-01,STR002,PRD020,3,1499.0,4497.0
SAL002294,2026-06-01,STR002,PRD021,3,1099.0,3297.0
SAL002295,2026-06-01,STR002,PRD022,2,599.0,1198.0
SAL002296,2026-06-01,STR002,PRD023,5,1299.0,6495.0
SAL002297,2026-06-01,STR002,PRD025,2,1899.0,3798.0
SAL002298,2026-06-01,STR002,PRD026,8,299.0,2392.0
SAL002299,2026-06-01,STR002,PRD029,5,349.0,1745.0
SAL002300,2026-06-01,STR002,PRD030,6,199.0,1194.0
SAL002301,2026-06-01,STR002,PRD031,3,999.0,2997.0
SAL002302,2026-06-01,STR002,PRD036,2,329.0,658.0
SAL002303,2026-06-01,STR002,PRD037,3,379.0,1137.0
SAL002304,2026-06-01,STR002,PRD039,6,299.0,1794.0
SAL002305,2026-06-01,STR002,PRD040,8,249.0,1992.0
SAL002306,2026-06-01,STR003,PRD002,4,2899.0,11596.0
SAL002307,2026-06-01,STR003,PRD004,2,1199.0,2398.0
SAL002308,2026-06-01,STR003,PRD005,2,2299.0,4598.0
SAL002309,2026-06-01,STR003,PRD006,1,1799.0,1799.0
SAL002310,2026-06-01,STR003,PRD007,4,1999.0,7996.0
SAL002311,2026-06-01,STR003,PRD009,4,299.0,1196.0
SAL002312,2026-06-01,STR003,PRD011,1,1599.0,1599.0
SAL002313,2026-06-01,STR003,PRD012,1,199.0,199.0
SAL002314,2026-06-01,STR003,PRD014,1,899.0,899.0
SAL002315,2026-06-01,STR003,PRD015,4,449.0,1796.0
SAL002316,2026-06-01,STR003,PRD017,2,649.0,1298.0
SAL002317,2026-06-01,STR003,PRD018,2,899.0,1798.0
SAL002318,2026-06-01,STR003,PRD021,3,1099.0,3297.0
SAL002319,2026-06-01,STR003,PRD024,2,1499.0,2998.0
SAL002320,2026-06-01,STR003,PRD026,2,299.0,598.0
SAL002321,2026-06-01,STR003,PRD028,4,499.0,1996.0
SAL002322,2026-06-01,STR003,PRD030,7,199.0,1393.0
SAL002323,2026-06-01,STR003,PRD034,3,399.0,1197.0
SAL002324,2026-06-01,STR003,PRD036,6,329.0,1974.0
SAL002325,2026-06-01,STR003,PRD037,4,379.0,1516.0
SAL002326,2026-06-01,STR003,PRD038,2,429.0,858.0
SAL002327,2026-06-01,STR003,PRD039,3,299.0,897.0
SAL002328,2026-06-01,STR003,PRD040,3,249.0,747.0
SAL002329,2026-06-01,STR004,PRD001,6,599.0,3594.0
SAL002330,2026-06-01,STR004,PRD004,6,1199.0,7194.0
SAL002331,2026-06-01,STR004,PRD008,1,1499.0,1499.0
SAL002332,2026-06-01,STR004,PRD009,3,299.0,897.0
SAL002333,2026-06-01,STR004,PRD011,3,1599.0,4797.0
SAL002334,2026-06-01,STR004,PRD013,4,249.0,996.0
SAL002335,2026-06-01,STR004,PRD017,3,649.0,1947.0
SAL002336,2026-06-01,STR004,PRD018,1,899.0,899.0
SAL002337,2026-06-01,STR004,PRD021,2,1099.0,2198.0
SAL002338,2026-06-01,STR004,PRD023,1,1299.0,1299.0
SAL002339,2026-06-01,STR004,PRD024,1,1499.0,1499.0
SAL002340,2026-06-01,STR004,PRD025,4,1899.0,7596.0
SAL002341,2026-06-01,STR004,PRD026,2,299.0,598.0
SAL002342,2026-06-01,STR004,PRD027,1,179.0,179.0
SAL002343,2026-06-01,STR004,PRD029,1,349.0,349.0
SAL002344,2026-06-01,STR004,PRD030,4,199.0,796.0
SAL002345,2026-06-01,STR004,PRD031,3,999.0,2997.0
SAL002346,2026-06-01,STR004,PRD036,3,329.0,987.0
SAL002347,2026-06-01,STR004,PRD037,3,379.0,1137.0
SAL002348,2026-06-01,STR004,PRD038,2,429.0,858.0
SAL002349,2026-06-01,STR004,PRD039,4,299.0,1196.0
SAL002350,2026-06-02,STR001,PRD001,3,599.0,1797.0
SAL002351,2026-06-02,STR001,PRD004,6,1199.0,7194.0
SAL002352,2026-06-02,STR001,PRD005,1,2299.0,2299.0
SAL002353,2026-06-02,STR001,PRD007,3,1999.0,5997.0
SAL002354,2026-06-02,STR001,PRD010,8,1299.0,10392.0
SAL002355,2026-06-02,STR001,PRD011,1,1599.0,1599.0
SAL002356,2026-06-02,STR001,PRD015,2,449.0,898.0
SAL002357,2026-06-02,STR001,PRD016,1,1199.0,1199.0
SAL002358,2026-06-02,STR001,PRD017,3,649.0,1947.0
SAL002359,2026-06-02,STR001,PRD020,4,1499.0,5996.0
SAL002360,2026-06-02,STR001,PRD021,3,1099.0,3297.0
SAL002361,2026-06-02,STR001,PRD022,1,599.0,599.0
SAL002362,2026-06-02,STR001,PRD023,4,1299.0,5196.0
SAL002363,2026-06-02,STR001,PRD026,2,299.0,598.0
SAL002364,2026-06-02,STR001,PRD027,4,179.0,716.0
SAL002365,2026-06-02,STR001,PRD028,4,499.0,1996.0
SAL002366,2026-06-02,STR001,PRD029,3,349.0,1047.0
SAL002367,2026-06-02,STR001,PRD030,5,199.0,995.0
SAL002368,2026-06-02,STR001,PRD031,4,999.0,3996.0
SAL002369,2026-06-02,STR001,PRD034,1,399.0,399.0
SAL002370,2026-06-02,STR001,PRD035,7,449.0,3143.0
SAL002371,2026-06-02,STR001,PRD037,1,379.0,379.0
SAL002372,2026-06-02,STR001,PRD039,2,299.0,598.0
SAL002373,2026-06-02,STR001,PRD040,6,249.0,1494.0
SAL002374,2026-06-02,STR002,PRD001,2,599.0,1198.0
SAL002375,2026-06-02,STR002,PRD002,5,2899.0,14495.0
SAL002376,2026-06-02,STR002,PRD003,1,3499.0,3499.0
SAL002377,2026-06-02,STR002,PRD004,3,1199.0,3597.0
SAL002378,2026-06-02,STR002,PRD005,1,2299.0,2299.0
SAL002379,2026-06-02,STR002,PRD006,5,1799.0,8995.0
SAL002380,2026-06-02,STR002,PRD007,6,1999.0,11994.0
SAL002381,2026-06-02,STR002,PRD009,8,299.0,2392.0
SAL002382,2026-06-02,STR002,PRD011,5,1599.0,7995.0
SAL002383,2026-06-02,STR002,PRD012,5,199.0,995.0
SAL002384,2026-06-02,STR002,PRD015,5,449.0,2245.0
SAL002385,2026-06-02,STR002,PRD016,3,1199.0,3597.0
SAL002386,2026-06-02,STR002,PRD017,2,649.0,1298.0
SAL002387,2026-06-02,STR002,PRD019,1,1399.0,1399.0
SAL002388,2026-06-02,STR002,PRD023,2,1299.0,2598.0
SAL002389,2026-06-02,STR002,PRD024,3,1499.0,4497.0
SAL002390,2026-06-02,STR002,PRD025,1,1899.0,1899.0
SAL002391,2026-06-02,STR002,PRD026,8,299.0,2392.0
SAL002392,2026-06-02,STR002,PRD030,8,199.0,1592.0
SAL002393,2026-06-02,STR002,PRD031,3,999.0,2997.0
SAL002394,2026-06-02,STR002,PRD034,1,399.0,399.0
SAL002395,2026-06-02,STR002,PRD036,6,329.0,1974.0
SAL002396,2026-06-02,STR002,PRD038,5,429.0,2145.0
SAL002397,2026-06-02,STR002,PRD039,6,299.0,1794.0
SAL002398,2026-06-02,STR002,PRD040,2,249.0,498.0
SAL002399,2026-06-02,STR003,PRD001,6,599.0,3594.0
SAL002400,2026-06-02,STR003,PRD005,2,2299.0,4598.0
SAL002401,2026-06-02,STR003,PRD006,4,1799.0,7196.0
SAL002402,2026-06-02,STR003,PRD007,2,1999.0,3998.0
SAL002403,2026-06-02,STR003,PRD009,6,299.0,1794.0
SAL002404,2026-06-02,STR003,PRD012,2,199.0,398.0
SAL002405,2026-06-02,STR003,PRD013,4,249.0,996.0
SAL002406,2026-06-02,STR003,PRD016,3,1199.0,3597.0
SAL002407,2026-06-02,STR003,PRD018,1,899.0,899.0
SAL002408,2026-06-02,STR003,PRD019,1,1399.0,1399.0
SAL002409,2026-06-02,STR003,PRD020,3,1499.0,4497.0
SAL002410,2026-06-02,STR003,PRD021,1,1099.0,1099.0
SAL002411,2026-06-02,STR003,PRD024,4,1499.0,5996.0
SAL002412,2026-06-02,STR003,PRD025,3,1899.0,5697.0
SAL002413,2026-06-02,STR003,PRD026,2,299.0,598.0
SAL002414,2026-06-02,STR003,PRD028,4,499.0,1996.0
SAL002415,2026-06-02,STR003,PRD031,3,999.0,2997.0
SAL002416,2026-06-02,STR003,PRD032,1,699.0,699.0
SAL002417,2026-06-02,STR003,PRD033,2,849.0,1698.0
SAL002418,2026-06-02,STR003,PRD034,4,399.0,1596.0
SAL002419,2026-06-02,STR003,PRD037,4,379.0,1516.0
SAL002420,2026-06-02,STR003,PRD040,5,249.0,1245.0
SAL002421,2026-06-02,STR004,PRD001,2,599.0,1198.0
SAL002422,2026-06-02,STR004,PRD003,2,3499.0,6998.0
SAL002423,2026-06-02,STR004,PRD004,6,1199.0,7194.0
SAL002424,2026-06-02,STR004,PRD007,4,1999.0,7996.0
SAL002425,2026-06-02,STR004,PRD008,4,1499.0,5996.0
SAL002426,2026-06-02,STR004,PRD009,7,299.0,2093.0
SAL002427,2026-06-02,STR004,PRD013,3,249.0,747.0
SAL002428,2026-06-02,STR004,PRD015,4,449.0,1796.0
SAL002429,2026-06-02,STR004,PRD024,4,1499.0,5996.0
SAL002430,2026-06-02,STR004,PRD025,1,1899.0,1899.0
SAL002431,2026-06-02,STR004,PRD026,4,299.0,1196.0
SAL002432,2026-06-02,STR004,PRD027,3,179.0,537.0
SAL002433,2026-06-02,STR004,PRD028,4,499.0,1996.0
SAL002434,2026-06-02,STR004,PRD029,4,349.0,1396.0
SAL002435,2026-06-02,STR004,PRD030,6,199.0,1194.0
SAL002436,2026-06-02,STR004,PRD031,2,999.0,1998.0
SAL002437,2026-06-02,STR004,PRD034,2,399.0,798.0
SAL002438,2026-06-02,STR004,PRD036,7,329.0,2303.0
SAL002439,2026-06-02,STR004,PRD038,4,429.0,1716.0
SAL002440,2026-06-02,STR004,PRD040,2,249.0,498.0
SAL002441,2026-06-03,STR001,PRD001,4,599.0,2396.0
SAL002442,2026-06-03,STR001,PRD002,2,2899.0,5798.0
SAL002443,2026-06-03,STR001,PRD003,3,3499.0,10497.0
SAL002444,2026-06-03,STR001,PRD004,5,1199.0,5995.0
SAL002445,2026-06-03,STR001,PRD005,1,2299.0,2299.0
SAL002446,2026-06-03,STR001,PRD008,3,1499.0,4497.0
SAL002447,2026-06-03,STR001,PRD009,4,299.0,1196.0
SAL002448,2026-06-03,STR001,PRD010,5,1299.0,6495.0
SAL002449,2026-06-03,STR001,PRD011,1,1599.0,1599.0
SAL002450,2026-06-03,STR001,PRD012,1,199.0,199.0
SAL002451,2026-06-03,STR001,PRD013,3,249.0,747.0
SAL002452,2026-06-03,STR001,PRD016,1,1199.0,1199.0
SAL002453,2026-06-03,STR001,PRD017,3,649.0,1947.0
SAL002454,2026-06-03,STR001,PRD018,2,899.0,1798.0
SAL002455,2026-06-03,STR001,PRD020,2,1499.0,2998.0
SAL002456,2026-06-03,STR001,PRD022,2,599.0,1198.0
SAL002457,2026-06-03,STR001,PRD024,1,1499.0,1499.0
SAL002458,2026-06-03,STR001,PRD025,3,1899.0,5697.0
SAL002459,2026-06-03,STR001,PRD028,4,499.0,1996.0
SAL002460,2026-06-03,STR001,PRD031,2,999.0,1998.0
SAL002461,2026-06-03,STR001,PRD034,1,399.0,399.0
SAL002462,2026-06-03,STR001,PRD035,8,449.0,3592.0
SAL002463,2026-06-03,STR001,PRD038,1,429.0,429.0
SAL002464,2026-06-03,STR001,PRD039,2,299.0,598.0
SAL002465,2026-06-03,STR001,PRD040,4,249.0,996.0
SAL002466,2026-06-03,STR002,PRD001,7,599.0,4193.0
SAL002467,2026-06-03,STR002,PRD004,6,1199.0,7194.0
SAL002468,2026-06-03,STR002,PRD005,1,2299.0,2299.0
SAL002469,2026-06-03,STR002,PRD006,3,1799.0,5397.0
SAL002470,2026-06-03,STR002,PRD007,5,1999.0,9995.0
SAL002471,2026-06-03,STR002,PRD009,7,299.0,2093.0
SAL002472,2026-06-03,STR002,PRD012,5,199.0,995.0
SAL002473,2026-06-03,STR002,PRD013,2,249.0,498.0
SAL002474,2026-06-03,STR002,PRD017,3,649.0,1947.0
SAL002475,2026-06-03,STR002,PRD019,1,1399.0,1399.0
SAL002476,2026-06-03,STR002,PRD025,5,1899.0,9495.0
SAL002477,2026-06-03,STR002,PRD026,8,299.0,2392.0
SAL002478,2026-06-03,STR002,PRD027,1,179.0,179.0
SAL002479,2026-06-03,STR002,PRD028,3,499.0,1497.0
SAL002480,2026-06-03,STR002,PRD030,6,199.0,1194.0
SAL002481,2026-06-03,STR002,PRD036,3,329.0,987.0
SAL002482,2026-06-03,STR002,PRD040,6,249.0,1494.0
SAL002483,2026-06-03,STR003,PRD001,4,599.0,2396.0
SAL002484,2026-06-03,STR003,PRD005,2,2299.0,4598.0
SAL002485,2026-06-03,STR003,PRD007,5,1999.0,9995.0
SAL002486,2026-06-03,STR003,PRD009,3,299.0,897.0
SAL002487,2026-06-03,STR003,PRD011,3,1599.0,4797.0
SAL002488,2026-06-03,STR003,PRD012,3,199.0,597.0
SAL002489,2026-06-03,STR003,PRD013,1,249.0,249.0
SAL002490,2026-06-03,STR003,PRD016,4,1199.0,4796.0
SAL002491,2026-06-03,STR003,PRD018,2,899.0,1798.0
SAL002492,2026-06-03,STR003,PRD019,2,1399.0,2798.0
SAL002493,2026-06-03,STR003,PRD020,1,1499.0,1499.0
SAL002494,2026-06-03,STR003,PRD021,2,1099.0,2198.0
SAL002495,2026-06-03,STR003,PRD026,7,299.0,2093.0
SAL002496,2026-06-03,STR003,PRD027,3,179.0,537.0
SAL002497,2026-06-03,STR003,PRD028,3,499.0,1497.0
SAL002498,2026-06-03,STR003,PRD029,3,349.0,1047.0
SAL002499,2026-06-03,STR003,PRD030,3,199.0,597.0
SAL002500,2026-06-03,STR003,PRD031,3,999.0,2997.0
SAL002501,2026-06-03,STR003,PRD032,2,699.0,1398.0
SAL002502,2026-06-03,STR003,PRD035,1,449.0,449.0
SAL002503,2026-06-03,STR004,PRD001,7,599.0,4193.0
SAL002504,2026-06-03,STR004,PRD003,4,3499.0,13996.0
SAL002505,2026-06-03,STR004,PRD004,3,1199.0,3597.0
SAL002506,2026-06-03,STR004,PRD005,2,2299.0,4598.0
SAL002507,2026-06-03,STR004,PRD006,1,1799.0,1799.0
SAL002508,2026-06-03,STR004,PRD007,5,1999.0,9995.0
SAL002509,2026-06-03,STR004,PRD011,2,1599.0,3198.0
SAL002510,2026-06-03,STR004,PRD013,3,249.0,747.0
SAL002511,2026-06-03,STR004,PRD015,2,449.0,898.0
SAL002512,2026-06-03,STR004,PRD016,2,1199.0,2398.0
SAL002513,2026-06-03,STR004,PRD021,4,1099.0,4396.0
SAL002514,2026-06-03,STR004,PRD023,3,1299.0,3897.0
SAL002515,2026-06-03,STR004,PRD024,4,1499.0,5996.0
SAL002516,2026-06-03,STR004,PRD026,7,299.0,2093.0
SAL002517,2026-06-03,STR004,PRD028,5,499.0,2495.0
SAL002518,2026-06-03,STR004,PRD029,3,349.0,1047.0
SAL002519,2026-06-03,STR004,PRD031,2,999.0,1998.0
SAL002520,2026-06-03,STR004,PRD035,1,449.0,449.0
SAL002521,2026-06-03,STR004,PRD036,2,329.0,658.0
SAL002522,2026-06-03,STR004,PRD037,2,379.0,758.0
SAL002523,2026-06-03,STR004,PRD038,3,429.0,1287.0
SAL002524,2026-06-04,STR001,PRD002,1,2899.0,2899.0
SAL002525,2026-06-04,STR001,PRD003,4,3499.0,13996.0
SAL002526,2026-06-04,STR001,PRD004,5,1199.0,5995.0
SAL002527,2026-06-04,STR001,PRD006,1,1799.0,1799.0
SAL002528,2026-06-04,STR001,PRD007,4,1999.0,7996.0
SAL002529,2026-06-04,STR001,PRD008,4,1499.0,5996.0
SAL002530,2026-06-04,STR001,PRD010,5,1299.0,6495.0
SAL002531,2026-06-04,STR001,PRD011,4,1599.0,6396.0
SAL002532,2026-06-04,STR001,PRD012,1,199.0,199.0
SAL002533,2026-06-04,STR001,PRD013,2,249.0,498.0
SAL002534,2026-06-04,STR001,PRD016,3,1199.0,3597.0
SAL002535,2026-06-04,STR001,PRD018,2,899.0,1798.0
SAL002536,2026-06-04,STR001,PRD021,3,1099.0,3297.0
SAL002537,2026-06-04,STR001,PRD023,4,1299.0,5196.0
SAL002538,2026-06-04,STR001,PRD025,4,1899.0,7596.0
SAL002539,2026-06-04,STR001,PRD026,3,299.0,897.0
SAL002540,2026-06-04,STR001,PRD027,2,179.0,358.0
SAL002541,2026-06-04,STR001,PRD028,4,499.0,1996.0
SAL002542,2026-06-04,STR001,PRD029,4,349.0,1396.0
SAL002543,2026-06-04,STR001,PRD030,5,199.0,995.0
SAL002544,2026-06-04,STR001,PRD031,3,999.0,2997.0
SAL002545,2026-06-04,STR001,PRD034,1,399.0,399.0
SAL002546,2026-06-04,STR001,PRD035,5,449.0,2245.0
SAL002547,2026-06-04,STR001,PRD036,2,329.0,658.0
SAL002548,2026-06-04,STR001,PRD037,3,379.0,1137.0
SAL002549,2026-06-04,STR001,PRD038,2,429.0,858.0
SAL002550,2026-06-04,STR001,PRD039,4,299.0,1196.0
SAL002551,2026-06-04,STR001,PRD040,7,249.0,1743.0
SAL002552,2026-06-04,STR002,PRD001,7,599.0,4193.0
SAL002553,2026-06-04,STR002,PRD003,2,3499.0,6998.0
SAL002554,2026-06-04,STR002,PRD004,2,1199.0,2398.0
SAL002555,2026-06-04,STR002,PRD005,2,2299.0,4598.0
SAL002556,2026-06-04,STR002,PRD008,1,1499.0,1499.0
SAL002557,2026-06-04,STR002,PRD009,7,299.0,2093.0
SAL002558,2026-06-04,STR002,PRD011,3,1599.0,4797.0
SAL002559,2026-06-04,STR002,PRD012,1,199.0,199.0
SAL002560,2026-06-04,STR002,PRD013,5,249.0,1245.0
SAL002561,2026-06-04,STR002,PRD017,1,649.0,649.0
SAL002562,2026-06-04,STR002,PRD020,2,1499.0,2998.0
SAL002563,2026-06-04,STR002,PRD021,1,1099.0,1099.0
SAL002564,2026-06-04,STR002,PRD023,1,1299.0,1299.0
SAL002565,2026-06-04,STR002,PRD025,5,1899.0,9495.0
SAL002566,2026-06-04,STR002,PRD026,5,299.0,1495.0
SAL002567,2026-06-04,STR002,PRD027,5,179.0,895.0
SAL002568,2026-06-04,STR002,PRD028,3,499.0,1497.0
SAL002569,2026-06-04,STR002,PRD029,5,349.0,1745.0
SAL002570,2026-06-04,STR002,PRD030,8,199.0,1592.0
SAL002571,2026-06-04,STR002,PRD031,3,999.0,2997.0
SAL002572,2026-06-04,STR002,PRD036,3,329.0,987.0
SAL002573,2026-06-04,STR002,PRD037,1,379.0,379.0
SAL002574,2026-06-04,STR002,PRD039,6,299.0,1794.0
SAL002575,2026-06-04,STR002,PRD040,6,249.0,1494.0
SAL002576,2026-06-04,STR003,PRD001,6,599.0,3594.0
SAL002577,2026-06-04,STR003,PRD003,4,3499.0,13996.0
SAL002578,2026-06-04,STR003,PRD004,6,1199.0,7194.0
SAL002579,2026-06-04,STR003,PRD005,3,2299.0,6897.0
SAL002580,2026-06-04,STR003,PRD006,1,1799.0,1799.0
SAL002581,2026-06-04,STR003,PRD007,5,1999.0,9995.0
SAL002582,2026-06-04,STR003,PRD009,7,299.0,2093.0
SAL002583,2026-06-04,STR003,PRD010,2,1299.0,2598.0
SAL002584,2026-06-04,STR003,PRD011,1,1599.0,1599.0
SAL002585,2026-06-04,STR003,PRD012,4,199.0,796.0
SAL002586,2026-06-04,STR003,PRD013,4,249.0,996.0
SAL002587,2026-06-04,STR003,PRD017,2,649.0,1298.0
SAL002588,2026-06-04,STR003,PRD018,2,899.0,1798.0
SAL002589,2026-06-04,STR003,PRD020,1,1499.0,1499.0
SAL002590,2026-06-04,STR003,PRD021,4,1099.0,4396.0
SAL002591,2026-06-04,STR003,PRD023,3,1299.0,3897.0
SAL002592,2026-06-04,STR003,PRD024,1,1499.0,1499.0
SAL002593,2026-06-04,STR003,PRD026,7,299.0,2093.0
SAL002594,2026-06-04,STR003,PRD028,3,499.0,1497.0
SAL002595,2026-06-04,STR003,PRD030,5,199.0,995.0
SAL002596,2026-06-04,STR003,PRD034,4,399.0,1596.0
SAL002597,2026-06-04,STR003,PRD036,3,329.0,987.0
SAL002598,2026-06-04,STR003,PRD037,1,379.0,379.0
SAL002599,2026-06-04,STR003,PRD039,7,299.0,2093.0
SAL002600,2026-06-04,STR003,PRD040,6,249.0,1494.0
SAL002601,2026-06-04,STR004,PRD001,5,599.0,2995.0
SAL002602,2026-06-04,STR004,PRD002,2,2899.0,5798.0
SAL002603,2026-06-04,STR004,PRD004,5,1199.0,5995.0
SAL002604,2026-06-04,STR004,PRD007,5,1999.0,9995.0
SAL002605,2026-06-04,STR004,PRD008,3,1499.0,4497.0
SAL002606,2026-06-04,STR004,PRD009,7,299.0,2093.0
SAL002607,2026-06-04,STR004,PRD012,2,199.0,398.0
SAL002608,2026-06-04,STR004,PRD013,1,249.0,249.0
SAL002609,2026-06-04,STR004,PRD016,1,1199.0,1199.0
SAL002610,2026-06-04,STR004,PRD017,2,649.0,1298.0
SAL002611,2026-06-04,STR004,PRD022,2,599.0,1198.0
SAL002612,2026-06-04,STR004,PRD024,4,1499.0,5996.0
SAL002613,2026-06-04,STR004,PRD025,2,1899.0,3798.0
SAL002614,2026-06-04,STR004,PRD028,5,499.0,2495.0
SAL002615,2026-06-04,STR004,PRD029,4,349.0,1396.0
SAL002616,2026-06-04,STR004,PRD030,3,199.0,597.0
SAL002617,2026-06-04,STR004,PRD031,4,999.0,3996.0
SAL002618,2026-06-04,STR004,PRD032,1,699.0,699.0
SAL002619,2026-06-04,STR004,PRD033,2,849.0,1698.0
SAL002620,2026-06-04,STR004,PRD036,6,329.0,1974.0
SAL002621,2026-06-04,STR004,PRD039,5,299.0,1495.0
SAL002622,2026-06-04,STR004,PRD040,6,249.0,1494.0
SAL002623,2026-06-05,STR001,PRD001,7,599.0,4193.0
SAL002624,2026-06-05,STR001,PRD004,2,1199.0,2398.0
SAL002625,2026-06-05,STR001,PRD005,2,2299.0,4598.0
SAL002626,2026-06-05,STR001,PRD006,1,1799.0,1799.0
SAL002627,2026-06-05,STR001,PRD007,5,1999.0,9995.0
SAL002628,2026-06-05,STR001,PRD009,6,299.0,1794.0
SAL002629,2026-06-05,STR001,PRD011,4,1599.0,6396.0
SAL002630,2026-06-05,STR001,PRD012,3,199.0,597.0
SAL002631,2026-06-05,STR001,PRD015,2,449.0,898.0
SAL002632,2026-06-05,STR001,PRD021,3,1099.0,3297.0
SAL002633,2026-06-05,STR001,PRD023,4,1299.0,5196.0
SAL002634,2026-06-05,STR001,PRD026,5,299.0,1495.0
SAL002635,2026-06-05,STR001,PRD030,7,199.0,1393.0
SAL002636,2026-06-05,STR001,PRD031,4,999.0,3996.0
SAL002637,2026-06-05,STR001,PRD032,1,699.0,699.0
SAL002638,2026-06-05,STR001,PRD033,2,849.0,1698.0
SAL002639,2026-06-05,STR001,PRD034,4,399.0,1596.0
SAL002640,2026-06-05,STR001,PRD036,3,329.0,987.0
SAL002641,2026-06-05,STR001,PRD037,1,379.0,379.0
SAL002642,2026-06-05,STR001,PRD039,4,299.0,1196.0
SAL002643,2026-06-05,STR001,PRD040,3,249.0,747.0
SAL002644,2026-06-05,STR002,PRD001,7,599.0,4193.0
SAL002645,2026-06-05,STR002,PRD002,1,2899.0,2899.0
SAL002646,2026-06-05,STR002,PRD003,1,3499.0,3499.0
SAL002647,2026-06-05,STR002,PRD004,2,1199.0,2398.0
SAL002648,2026-06-05,STR002,PRD006,3,1799.0,5397.0
SAL002649,2026-06-05,STR002,PRD009,7,299.0,2093.0
SAL002650,2026-06-05,STR002,PRD010,1,1299.0,1299.0
SAL002651,2026-06-05,STR002,PRD013,1,249.0,249.0
SAL002652,2026-06-05,STR002,PRD016,5,1199.0,5995.0
SAL002653,2026-06-05,STR002,PRD023,1,1299.0,1299.0
SAL002654,2026-06-05,STR002,PRD024,2,1499.0,2998.0
SAL002655,2026-06-05,STR002,PRD028,5,499.0,2495.0
SAL002656,2026-06-05,STR002,PRD030,6,199.0,1194.0
SAL002657,2026-06-05,STR002,PRD032,2,699.0,1398.0
SAL002658,2026-06-05,STR002,PRD034,2,399.0,798.0
SAL002659,2026-06-05,STR002,PRD036,2,329.0,658.0
SAL002660,2026-06-05,STR002,PRD037,5,379.0,1895.0
SAL002661,2026-06-05,STR002,PRD038,2,429.0,858.0
SAL002662,2026-06-05,STR002,PRD039,5,299.0,1495.0
SAL002663,2026-06-05,STR002,PRD040,6,249.0,1494.0
SAL002664,2026-06-05,STR003,PRD001,7,599.0,4193.0
SAL002665,2026-06-05,STR003,PRD002,4,2899.0,11596.0
SAL002666,2026-06-05,STR003,PRD004,5,1199.0,5995.0
SAL002667,2026-06-05,STR003,PRD005,2,2299.0,4598.0
SAL002668,2026-06-05,STR003,PRD008,3,1499.0,4497.0
SAL002669,2026-06-05,STR003,PRD013,1,249.0,249.0
SAL002670,2026-06-05,STR003,PRD014,2,899.0,1798.0
SAL002671,2026-06-05,STR003,PRD015,2,449.0,898.0
SAL002672,2026-06-05,STR003,PRD016,4,1199.0,4796.0
SAL002673,2026-06-05,STR003,PRD021,3,1099.0,3297.0
SAL002674,2026-06-05,STR003,PRD026,4,299.0,1196.0
SAL002675,2026-06-05,STR003,PRD028,4,499.0,1996.0
SAL002676,2026-06-05,STR003,PRD030,3,199.0,597.0
SAL002677,2026-06-05,STR003,PRD033,2,849.0,1698.0
SAL002678,2026-06-05,STR003,PRD036,5,329.0,1645.0
SAL002679,2026-06-05,STR003,PRD039,6,299.0,1794.0
SAL002680,2026-06-05,STR003,PRD040,7,249.0,1743.0
SAL002681,2026-06-05,STR004,PRD001,3,599.0,1797.0
SAL002682,2026-06-05,STR004,PRD002,3,2899.0,8697.0
SAL002683,2026-06-05,STR004,PRD003,3,3499.0,10497.0
SAL002684,2026-06-05,STR004,PRD004,7,1199.0,8393.0
SAL002685,2026-06-05,STR004,PRD005,1,2299.0,2299.0
SAL002686,2026-06-05,STR004,PRD007,4,1999.0,7996.0
SAL002687,2026-06-05,STR004,PRD008,3,1499.0,4497.0
SAL002688,2026-06-05,STR004,PRD009,6,299.0,1794.0
SAL002689,2026-06-05,STR004,PRD010,1,1299.0,1299.0
SAL002690,2026-06-05,STR004,PRD012,3,199.0,597.0
SAL002691,2026-06-05,STR004,PRD013,1,249.0,249.0
SAL002692,2026-06-05,STR004,PRD016,3,1199.0,3597.0
SAL002693,2026-06-05,STR004,PRD023,2,1299.0,2598.0
SAL002694,2026-06-05,STR004,PRD024,3,1499.0,4497.0
SAL002695,2026-06-05,STR004,PRD026,6,299.0,1794.0
SAL002696,2026-06-05,STR004,PRD029,2,349.0,698.0
SAL002697,2026-06-05,STR004,PRD030,6,199.0,1194.0
SAL002698,2026-06-05,STR004,PRD034,4,399.0,1596.0
SAL002699,2026-06-05,STR004,PRD036,2,329.0,658.0
SAL002700,2026-06-05,STR004,PRD037,2,379.0,758.0
SAL002701,2026-06-05,STR004,PRD038,4,429.0,1716.0
SAL002702,2026-06-05,STR004,PRD039,7,299.0,2093.0
SAL002703,2026-06-05,STR004,PRD040,6,249.0,1494.0
SAL002704,2026-06-06,STR001,PRD001,7,599.0,4193.0
SAL002705,2026-06-06,STR001,PRD003,5,3499.0,17495.0
SAL002706,2026-06-06,STR001,PRD007,7,1999.0,13993.0
SAL002707,2026-06-06,STR001,PRD009,4,299.0,1196.0
SAL002708,2026-06-06,STR001,PRD010,9,1299.0,11691.0
SAL002709,2026-06-06,STR001,PRD011,1,1599.0,1599.0
SAL002710,2026-06-06,STR001,PRD013,1,249.0,249.0
SAL002711,2026-06-06,STR001,PRD016,1,1199.0,1199.0
SAL002712,2026-06-06,STR001,PRD018,1,899.0,899.0
SAL002713,2026-06-06,STR001,PRD020,3,1499.0,4497.0
SAL002714,2026-06-06,STR001,PRD021,4,1099.0,4396.0
SAL002715,2026-06-06,STR001,PRD023,5,1299.0,6495.0
SAL002716,2026-06-06,STR001,PRD024,3,1499.0,4497.0
SAL002717,2026-06-06,STR001,PRD025,5,1899.0,9495.0
SAL002718,2026-06-06,STR001,PRD026,5,299.0,1495.0
SAL002719,2026-06-06,STR001,PRD028,7,499.0,3493.0
SAL002720,2026-06-06,STR001,PRD029,4,349.0,1396.0
SAL002721,2026-06-06,STR001,PRD030,3,199.0,597.0
SAL002722,2026-06-06,STR001,PRD031,4,999.0,3996.0
SAL002723,2026-06-06,STR001,PRD035,10,449.0,4490.0
SAL002724,2026-06-06,STR001,PRD036,4,329.0,1316.0
SAL002725,2026-06-06,STR001,PRD037,5,379.0,1895.0
SAL002726,2026-06-06,STR001,PRD039,4,299.0,1196.0
SAL002727,2026-06-06,STR002,PRD001,9,599.0,5391.0
SAL002728,2026-06-06,STR002,PRD003,3,3499.0,10497.0
SAL002729,2026-06-06,STR002,PRD005,1,2299.0,2299.0
SAL002730,2026-06-06,STR002,PRD009,4,299.0,1196.0
SAL002731,2026-06-06,STR002,PRD011,4,1599.0,6396.0
SAL002732,2026-06-06,STR002,PRD012,1,199.0,199.0
SAL002733,2026-06-06,STR002,PRD014,1,899.0,899.0
SAL002734,2026-06-06,STR002,PRD016,6,1199.0,7194.0
SAL002735,2026-06-06,STR002,PRD017,1,649.0,649.0
SAL002736,2026-06-06,STR002,PRD018,4,899.0,3596.0
SAL002737,2026-06-06,STR002,PRD019,1,1399.0,1399.0
SAL002738,2026-06-06,STR002,PRD020,3,1499.0,4497.0
SAL002739,2026-06-06,STR002,PRD021,6,1099.0,6594.0
SAL002740,2026-06-06,STR002,PRD022,3,599.0,1797.0
SAL002741,2026-06-06,STR002,PRD023,1,1299.0,1299.0
SAL002742,2026-06-06,STR002,PRD024,1,1499.0,1499.0
SAL002743,2026-06-06,STR002,PRD025,3,1899.0,5697.0
SAL002744,2026-06-06,STR002,PRD026,9,299.0,2691.0
SAL002745,2026-06-06,STR002,PRD027,4,179.0,716.0
SAL002746,2026-06-06,STR002,PRD028,3,499.0,1497.0
SAL002747,2026-06-06,STR002,PRD029,4,349.0,1396.0
SAL002748,2026-06-06,STR002,PRD030,6,199.0,1194.0
SAL002749,2026-06-06,STR002,PRD032,3,699.0,2097.0
SAL002750,2026-06-06,STR002,PRD034,4,399.0,1596.0
SAL002751,2026-06-06,STR002,PRD035,1,449.0,449.0
SAL002752,2026-06-06,STR002,PRD036,3,329.0,987.0
SAL002753,2026-06-06,STR002,PRD037,6,379.0,2274.0
SAL002754,2026-06-06,STR002,PRD039,3,299.0,897.0
SAL002755,2026-06-06,STR002,PRD040,4,249.0,996.0
SAL002756,2026-06-06,STR003,PRD001,7,599.0,4193.0
SAL002757,2026-06-06,STR003,PRD002,5,2899.0,14495.0
SAL002758,2026-06-06,STR003,PRD004,5,1199.0,5995.0
SAL002759,2026-06-06,STR003,PRD005,2,2299.0,4598.0
SAL002760,2026-06-06,STR003,PRD006,1,1799.0,1799.0
SAL002761,2026-06-06,STR003,PRD007,4,1999.0,7996.0
SAL002762,2026-06-06,STR003,PRD009,7,299.0,2093.0
SAL002763,2026-06-06,STR003,PRD012,2,199.0,398.0
SAL002764,2026-06-06,STR003,PRD013,5,249.0,1245.0
SAL002765,2026-06-06,STR003,PRD016,2,1199.0,2398.0
SAL002766,2026-06-06,STR003,PRD017,2,649.0,1298.0
SAL002767,2026-06-06,STR003,PRD020,5,1499.0,7495.0
SAL002768,2026-06-06,STR003,PRD021,5,1099.0,5495.0
SAL002769,2026-06-06,STR003,PRD025,1,1899.0,1899.0
SAL002770,2026-06-06,STR003,PRD027,4,179.0,716.0
SAL002771,2026-06-06,STR003,PRD029,4,349.0,1396.0
SAL002772,2026-06-06,STR003,PRD030,4,199.0,796.0
SAL002773,2026-06-06,STR003,PRD033,1,849.0,849.0
SAL002774,2026-06-06,STR003,PRD034,5,399.0,1995.0
SAL002775,2026-06-06,STR003,PRD036,8,329.0,2632.0
SAL002776,2026-06-06,STR003,PRD038,5,429.0,2145.0
SAL002777,2026-06-06,STR003,PRD039,7,299.0,2093.0
SAL002778,2026-06-06,STR004,PRD001,9,599.0,5391.0
SAL002779,2026-06-06,STR004,PRD006,4,1799.0,7196.0
SAL002780,2026-06-06,STR004,PRD007,6,1999.0,11994.0
SAL002781,2026-06-06,STR004,PRD009,9,299.0,2691.0
SAL002782,2026-06-06,STR004,PRD010,1,1299.0,1299.0
SAL002783,2026-06-06,STR004,PRD012,1,199.0,199.0
SAL002784,2026-06-06,STR004,PRD021,1,1099.0,1099.0
SAL002785,2026-06-06,STR004,PRD024,1,1499.0,1499.0
SAL002786,2026-06-06,STR004,PRD025,5,1899.0,9495.0
SAL002787,2026-06-06,STR004,PRD026,5,299.0,1495.0
SAL002788,2026-06-06,STR004,PRD027,1,179.0,179.0
SAL002789,2026-06-06,STR004,PRD028,5,499.0,2495.0
SAL002790,2026-06-06,STR004,PRD030,4,199.0,796.0
SAL002791,2026-06-06,STR004,PRD035,2,449.0,898.0
SAL002792,2026-06-06,STR004,PRD036,4,329.0,1316.0
SAL002793,2026-06-06,STR004,PRD037,5,379.0,1895.0
SAL002794,2026-06-06,STR004,PRD039,6,299.0,1794.0
SAL002795,2026-06-07,STR001,PRD001,4,599.0,2396.0
SAL002796,2026-06-07,STR001,PRD002,5,2899.0,14495.0
SAL002797,2026-06-07,STR001,PRD003,4,3499.0,13996.0
SAL002798,2026-06-07,STR001,PRD004,7,1199.0,8393.0
SAL002799,2026-06-07,STR001,PRD005,1,2299.0,2299.0
SAL002800,2026-06-07,STR001,PRD007,4,1999.0,7996.0
SAL002801,2026-06-07,STR001,PRD008,3,1499.0,4497.0
SAL002802,2026-06-07,STR001,PRD009,4,299.0,1196.0
SAL002803,2026-06-07,STR001,PRD010,10,1299.0,12990.0
SAL002804,2026-06-07,STR001,PRD016,4,1199.0,4796.0
SAL002805,2026-06-07,STR001,PRD019,3,1399.0,4197.0
SAL002806,2026-06-07,STR001,PRD022,3,599.0,1797.0
SAL002807,2026-06-07,STR001,PRD023,5,1299.0,6495.0
SAL002808,2026-06-07,STR001,PRD024,5,1499.0,7495.0
SAL002809,2026-06-07,STR001,PRD025,1,1899.0,1899.0
SAL002810,2026-06-07,STR001,PRD027,4,179.0,716.0
SAL002811,2026-06-07,STR001,PRD029,4,349.0,1396.0
SAL002812,2026-06-07,STR001,PRD030,4,199.0,796.0
SAL002813,2026-06-07,STR001,PRD031,1,999.0,999.0
SAL002814,2026-06-07,STR001,PRD037,4,379.0,1516.0
SAL002815,2026-06-07,STR001,PRD038,1,429.0,429.0
SAL002816,2026-06-07,STR001,PRD039,7,299.0,2093.0
SAL002817,2026-06-07,STR001,PRD040,8,249.0,1992.0
SAL002818,2026-06-07,STR002,PRD001,6,599.0,3594.0
SAL002819,2026-06-07,STR002,PRD003,6,3499.0,20994.0
SAL002820,2026-06-07,STR002,PRD004,6,1199.0,7194.0
SAL002821,2026-06-07,STR002,PRD007,4,1999.0,7996.0
SAL002822,2026-06-07,STR002,PRD009,9,299.0,2691.0
SAL002823,2026-06-07,STR002,PRD011,6,1599.0,9594.0
SAL002824,2026-06-07,STR002,PRD012,1,199.0,199.0
SAL002825,2026-06-07,STR002,PRD015,1,449.0,449.0
SAL002826,2026-06-07,STR002,PRD017,6,649.0,3894.0
SAL002827,2026-06-07,STR002,PRD018,4,899.0,3596.0
SAL002828,2026-06-07,STR002,PRD020,1,1499.0,1499.0
SAL002829,2026-06-07,STR002,PRD023,1,1299.0,1299.0
SAL002830,2026-06-07,STR002,PRD025,1,1899.0,1899.0
SAL002831,2026-06-07,STR002,PRD026,7,299.0,2093.0
SAL002832,2026-06-07,STR002,PRD030,10,199.0,1990.0
SAL002833,2026-06-07,STR002,PRD034,1,399.0,399.0
SAL002834,2026-06-07,STR002,PRD035,1,449.0,449.0
SAL002835,2026-06-07,STR002,PRD036,4,329.0,1316.0
SAL002836,2026-06-07,STR002,PRD038,4,429.0,1716.0
SAL002837,2026-06-07,STR002,PRD039,7,299.0,2093.0
SAL002838,2026-06-07,STR002,PRD040,7,249.0,1743.0
SAL002839,2026-06-07,STR003,PRD001,4,599.0,2396.0
SAL002840,2026-06-07,STR003,PRD003,4,3499.0,13996.0
SAL002841,2026-06-07,STR003,PRD004,7,1199.0,8393.0
SAL002842,2026-06-07,STR003,PRD007,4,1999.0,7996.0
SAL002843,2026-06-07,STR003,PRD008,4,1499.0,5996.0
SAL002844,2026-06-07,STR003,PRD009,5,299.0,1495.0
SAL002845,2026-06-07,STR003,PRD011,2,1599.0,3198.0
SAL002846,2026-06-07,STR003,PRD012,1,199.0,199.0
SAL002847,2026-06-07,STR003,PRD013,2,249.0,498.0
SAL002848,2026-06-07,STR003,PRD016,1,1199.0,1199.0
SAL002849,2026-06-07,STR003,PRD017,5,649.0,3245.0
SAL002850,2026-06-07,STR003,PRD020,4,1499.0,5996.0
SAL002851,2026-06-07,STR003,PRD023,4,1299.0,5196.0
SAL002852,2026-06-07,STR003,PRD024,2,1499.0,2998.0
SAL002853,2026-06-07,STR003,PRD025,1,1899.0,1899.0
SAL002854,2026-06-07,STR003,PRD026,2,299.0,598.0
SAL002855,2026-06-07,STR003,PRD028,6,499.0,2994.0
SAL002856,2026-06-07,STR003,PRD030,8,199.0,1592.0
SAL002857,2026-06-07,STR003,PRD034,5,399.0,1995.0
SAL002858,2026-06-07,STR003,PRD035,1,449.0,449.0
SAL002859,2026-06-07,STR003,PRD036,2,329.0,658.0
SAL002860,2026-06-07,STR003,PRD037,1,379.0,379.0
SAL002861,2026-06-07,STR003,PRD038,5,429.0,2145.0
SAL002862,2026-06-07,STR003,PRD039,7,299.0,2093.0
SAL002863,2026-06-07,STR004,PRD001,2,599.0,1198.0
SAL002864,2026-06-07,STR004,PRD002,4,2899.0,11596.0
SAL002865,2026-06-07,STR004,PRD003,4,3499.0,13996.0
SAL002866,2026-06-07,STR004,PRD004,5,1199.0,5995.0
SAL002867,2026-06-07,STR004,PRD006,2,1799.0,3598.0
SAL002868,2026-06-07,STR004,PRD007,5,1999.0,9995.0
SAL002869,2026-06-07,STR004,PRD009,9,299.0,2691.0
SAL002870,2026-06-07,STR004,PRD010,1,1299.0,1299.0
SAL002871,2026-06-07,STR004,PRD011,2,1599.0,3198.0
SAL002872,2026-06-07,STR004,PRD012,2,199.0,398.0
SAL002873,2026-06-07,STR004,PRD013,4,249.0,996.0
SAL002874,2026-06-07,STR004,PRD020,2,1499.0,2998.0
SAL002875,2026-06-07,STR004,PRD022,1,599.0,599.0
SAL002876,2026-06-07,STR004,PRD023,5,1299.0,6495.0
SAL002877,2026-06-07,STR004,PRD025,5,1899.0,9495.0
SAL002878,2026-06-07,STR004,PRD027,1,179.0,179.0
SAL002879,2026-06-07,STR004,PRD031,2,999.0,1998.0
SAL002880,2026-06-07,STR004,PRD033,2,849.0,1698.0
SAL002881,2026-06-07,STR004,PRD038,1,429.0,429.0
SAL002882,2026-06-07,STR004,PRD039,9,299.0,2691.0
SAL002883,2026-06-07,STR004,PRD040,4,249.0,996.0
SAL002884,2026-06-08,STR001,PRD001,7,599.0,4193.0
SAL002885,2026-06-08,STR001,PRD003,4,3499.0,13996.0
SAL002886,2026-06-08,STR001,PRD004,7,1199.0,8393.0
SAL002887,2026-06-08,STR001,PRD005,3,2299.0,6897.0
SAL002888,2026-06-08,STR001,PRD006,4,1799.0,7196.0
SAL002889,2026-06-08,STR001,PRD007,5,1999.0,9995.0
SAL002890,2026-06-08,STR001,PRD009,7,299.0,2093.0
SAL002891,2026-06-08,STR001,PRD010,5,1299.0,6495.0
SAL002892,2026-06-08,STR001,PRD012,2,199.0,398.0
SAL002893,2026-06-08,STR001,PRD013,3,249.0,747.0
SAL002894,2026-06-08,STR001,PRD015,2,449.0,898.0
SAL002895,2026-06-08,STR001,PRD017,1,649.0,649.0
SAL002896,2026-06-08,STR001,PRD018,1,899.0,899.0
SAL002897,2026-06-08,STR001,PRD020,2,1499.0,2998.0
SAL002898,2026-06-08,STR001,PRD024,4,1499.0,5996.0
SAL002899,2026-06-08,STR001,PRD025,3,1899.0,5697.0
SAL002900,2026-06-08,STR001,PRD026,4,299.0,1196.0
SAL002901,2026-06-08,STR001,PRD027,1,179.0,179.0
SAL002902,2026-06-08,STR001,PRD028,3,499.0,1497.0
SAL002903,2026-06-08,STR001,PRD029,1,349.0,349.0
SAL002904,2026-06-08,STR001,PRD030,2,199.0,398.0
SAL002905,2026-06-08,STR001,PRD031,1,999.0,999.0
SAL002906,2026-06-08,STR001,PRD034,1,399.0,399.0
SAL002907,2026-06-08,STR001,PRD035,8,449.0,3592.0
SAL002908,2026-06-08,STR001,PRD036,3,329.0,987.0
SAL002909,2026-06-08,STR001,PRD038,3,429.0,1287.0
SAL002910,2026-06-08,STR001,PRD039,6,299.0,1794.0
SAL002911,2026-06-08,STR002,PRD005,2,2299.0,4598.0
SAL002912,2026-06-08,STR002,PRD006,3,1799.0,5397.0
SAL002913,2026-06-08,STR002,PRD008,5,1499.0,7495.0
SAL002914,2026-06-08,STR002,PRD009,8,299.0,2392.0
SAL002915,2026-06-08,STR002,PRD010,1,1299.0,1299.0
SAL002916,2026-06-08,STR002,PRD012,2,199.0,398.0
SAL002917,2026-06-08,STR002,PRD013,5,249.0,1245.0
SAL002918,2026-06-08,STR002,PRD015,1,449.0,449.0
SAL002919,2026-06-08,STR002,PRD016,2,1199.0,2398.0
SAL002920,2026-06-08,STR002,PRD017,5,649.0,3245.0
SAL002921,2026-06-08,STR002,PRD018,2,899.0,1798.0
SAL002922,2026-06-08,STR002,PRD020,2,1499.0,2998.0
SAL002923,2026-06-08,STR002,PRD022,1,599.0,599.0
SAL002924,2026-06-08,STR002,PRD023,3,1299.0,3897.0
SAL002925,2026-06-08,STR002,PRD024,5,1499.0,7495.0
SAL002926,2026-06-08,STR002,PRD025,5,1899.0,9495.0
SAL002927,2026-06-08,STR002,PRD026,8,299.0,2392.0
SAL002928,2026-06-08,STR002,PRD027,3,179.0,537.0
SAL002929,2026-06-08,STR002,PRD028,2,499.0,998.0
SAL002930,2026-06-08,STR002,PRD030,5,199.0,995.0
SAL002931,2026-06-08,STR002,PRD036,6,329.0,1974.0
SAL002932,2026-06-08,STR002,PRD037,5,379.0,1895.0
SAL002933,2026-06-08,STR002,PRD038,1,429.0,429.0
SAL002934,2026-06-08,STR002,PRD039,6,299.0,1794.0
SAL002935,2026-06-08,STR002,PRD040,5,249.0,1245.0
SAL002936,2026-06-08,STR003,PRD001,2,599.0,1198.0
SAL002937,2026-06-08,STR003,PRD003,4,3499.0,13996.0
SAL002938,2026-06-08,STR003,PRD004,3,1199.0,3597.0
SAL002939,2026-06-08,STR003,PRD005,2,2299.0,4598.0
SAL002940,2026-06-08,STR003,PRD006,2,1799.0,3598.0
SAL002941,2026-06-08,STR003,PRD007,2,1999.0,3998.0
SAL002942,2026-06-08,STR003,PRD008,3,1499.0,4497.0
SAL002943,2026-06-08,STR003,PRD009,3,299.0,897.0
SAL002944,2026-06-08,STR003,PRD012,1,199.0,199.0
SAL002945,2026-06-08,STR003,PRD013,4,249.0,996.0
SAL002946,2026-06-08,STR003,PRD015,2,449.0,898.0
SAL002947,2026-06-08,STR003,PRD016,2,1199.0,2398.0
SAL002948,2026-06-08,STR003,PRD017,4,649.0,2596.0
SAL002949,2026-06-08,STR003,PRD018,3,899.0,2697.0
SAL002950,2026-06-08,STR003,PRD020,4,1499.0,5996.0
SAL002951,2026-06-08,STR003,PRD021,1,1099.0,1099.0
SAL002952,2026-06-08,STR003,PRD023,4,1299.0,5196.0
SAL002953,2026-06-08,STR003,PRD025,3,1899.0,5697.0
SAL002954,2026-06-08,STR003,PRD028,2,499.0,998.0
SAL002955,2026-06-08,STR003,PRD030,5,199.0,995.0
SAL002956,2026-06-08,STR003,PRD031,3,999.0,2997.0
SAL002957,2026-06-08,STR003,PRD036,6,329.0,1974.0
SAL002958,2026-06-08,STR003,PRD038,2,429.0,858.0
SAL002959,2026-06-08,STR003,PRD039,2,299.0,598.0
SAL002960,2026-06-08,STR003,PRD040,2,249.0,498.0
SAL002961,2026-06-08,STR004,PRD001,3,599.0,1797.0
SAL002962,2026-06-08,STR004,PRD002,3,2899.0,8697.0
SAL002963,2026-06-08,STR004,PRD004,7,1199.0,8393.0
SAL002964,2026-06-08,STR004,PRD006,4,1799.0,7196.0
SAL002965,2026-06-08,STR004,PRD007,2,1999.0,3998.0
SAL002966,2026-06-08,STR004,PRD009,2,299.0,598.0
SAL002967,2026-06-08,STR004,PRD012,2,199.0,398.0
SAL002968,2026-06-08,STR004,PRD013,1,249.0,249.0
SAL002969,2026-06-08,STR004,PRD015,4,449.0,1796.0
SAL002970,2026-06-08,STR004,PRD016,4,1199.0,4796.0
SAL002971,2026-06-08,STR004,PRD018,1,899.0,899.0
SAL002972,2026-06-08,STR004,PRD021,4,1099.0,4396.0
SAL002973,2026-06-08,STR004,PRD023,2,1299.0,2598.0
SAL002974,2026-06-08,STR004,PRD025,4,1899.0,7596.0
SAL002975,2026-06-08,STR004,PRD026,3,299.0,897.0
SAL002976,2026-06-08,STR004,PRD027,1,179.0,179.0
SAL002977,2026-06-08,STR004,PRD028,3,499.0,1497.0
SAL002978,2026-06-08,STR004,PRD029,4,349.0,1396.0
SAL002979,2026-06-08,STR004,PRD030,7,199.0,1393.0
SAL002980,2026-06-08,STR004,PRD033,2,849.0,1698.0
SAL002981,2026-06-08,STR004,PRD034,1,399.0,399.0
SAL002982,2026-06-08,STR004,PRD036,5,329.0,1645.0
SAL002983,2026-06-08,STR004,PRD039,7,299.0,2093.0
SAL002984,2026-06-08,STR004,PRD040,7,249.0,1743.0
SAL002985,2026-06-09,STR001,PRD001,5,599.0,2995.0
SAL002986,2026-06-09,STR001,PRD003,1,3499.0,3499.0
SAL002987,2026-06-09,STR001,PRD004,5,1199.0,5995.0
SAL002988,2026-06-09,STR001,PRD007,3,1999.0,5997.0
SAL002989,2026-06-09,STR001,PRD008,1,1499.0,1499.0
SAL002990,2026-06-09,STR001,PRD009,2,299.0,598.0
SAL002991,2026-06-09,STR001,PRD010,5,1299.0,6495.0
SAL002992,2026-06-09,STR001,PRD012,1,199.0,199.0
SAL002993,2026-06-09,STR001,PRD015,2,449.0,898.0
SAL002994,2026-06-09,STR001,PRD016,1,1199.0,1199.0
SAL002995,2026-06-09,STR001,PRD018,3,899.0,2697.0
SAL002996,2026-06-09,STR001,PRD019,1,1399.0,1399.0
SAL002997,2026-06-09,STR001,PRD021,4,1099.0,4396.0
SAL002998,2026-06-09,STR001,PRD022,1,599.0,599.0
SAL002999,2026-06-09,STR001,PRD023,3,1299.0,3897.0
SAL003000,2026-06-09,STR001,PRD024,4,1499.0,5996.0
SAL003001,2026-06-09,STR001,PRD026,3,299.0,897.0
SAL003002,2026-06-09,STR001,PRD027,1,179.0,179.0
SAL003003,2026-06-09,STR001,PRD028,4,499.0,1996.0
SAL003004,2026-06-09,STR001,PRD030,2,199.0,398.0
SAL003005,2026-06-09,STR001,PRD034,1,399.0,399.0
SAL003006,2026-06-09,STR001,PRD035,8,449.0,3592.0
SAL003007,2026-06-09,STR001,PRD036,2,329.0,658.0
SAL003008,2026-06-09,STR001,PRD039,7,299.0,2093.0
SAL003009,2026-06-09,STR002,PRD001,3,599.0,1797.0
SAL003010,2026-06-09,STR002,PRD002,3,2899.0,8697.0
SAL003011,2026-06-09,STR002,PRD004,2,1199.0,2398.0
SAL003012,2026-06-09,STR002,PRD005,3,2299.0,6897.0
SAL003013,2026-06-09,STR002,PRD007,3,1999.0,5997.0
SAL003014,2026-06-09,STR002,PRD008,1,1499.0,1499.0
SAL003015,2026-06-09,STR002,PRD009,7,299.0,2093.0
SAL003016,2026-06-09,STR002,PRD011,2,1599.0,3198.0
SAL003017,2026-06-09,STR002,PRD015,3,449.0,1347.0
SAL003018,2026-06-09,STR002,PRD016,2,1199.0,2398.0
SAL003019,2026-06-09,STR002,PRD017,2,649.0,1298.0
SAL003020,2026-06-09,STR002,PRD024,3,1499.0,4497.0
SAL003021,2026-06-09,STR002,PRD026,7,299.0,2093.0
SAL003022,2026-06-09,STR002,PRD028,5,499.0,2495.0
SAL003023,2026-06-09,STR002,PRD030,8,199.0,1592.0
SAL003024,2026-06-09,STR002,PRD031,2,999.0,1998.0
SAL003025,2026-06-09,STR002,PRD032,1,699.0,699.0
SAL003026,2026-06-09,STR002,PRD035,1,449.0,449.0
SAL003027,2026-06-09,STR002,PRD036,6,329.0,1974.0
SAL003028,2026-06-09,STR002,PRD037,2,379.0,758.0
SAL003029,2026-06-09,STR002,PRD038,1,429.0,429.0
SAL003030,2026-06-09,STR002,PRD039,6,299.0,1794.0
SAL003031,2026-06-09,STR002,PRD040,3,249.0,747.0
SAL003032,2026-06-09,STR003,PRD001,3,599.0,1797.0
SAL003033,2026-06-09,STR003,PRD003,2,3499.0,6998.0
SAL003034,2026-06-09,STR003,PRD004,3,1199.0,3597.0
SAL003035,2026-06-09,STR003,PRD005,1,2299.0,2299.0
SAL003036,2026-06-09,STR003,PRD006,4,1799.0,7196.0
SAL003037,2026-06-09,STR003,PRD007,3,1999.0,5997.0
SAL003038,2026-06-09,STR003,PRD008,2,1499.0,2998.0
SAL003039,2026-06-09,STR003,PRD009,4,299.0,1196.0
SAL003040,2026-06-09,STR003,PRD010,2,1299.0,2598.0
SAL003041,2026-06-09,STR003,PRD012,4,199.0,796.0
SAL003042,2026-06-09,STR003,PRD013,3,249.0,747.0
SAL003043,2026-06-09,STR003,PRD015,4,449.0,1796.0
SAL003044,2026-06-09,STR003,PRD016,4,1199.0,4796.0
SAL003045,2026-06-09,STR003,PRD020,4,1499.0,5996.0
SAL003046,2026-06-09,STR003,PRD021,1,1099.0,1099.0
SAL003047,2026-06-09,STR003,PRD025,2,1899.0,3798.0
SAL003048,2026-06-09,STR003,PRD026,5,299.0,1495.0
SAL003049,2026-06-09,STR003,PRD027,3,179.0,537.0
SAL003050,2026-06-09,STR003,PRD028,5,499.0,2495.0
SAL003051,2026-06-09,STR003,PRD029,2,349.0,698.0
SAL003052,2026-06-09,STR003,PRD030,3,199.0,597.0
SAL003053,2026-06-09,STR003,PRD031,2,999.0,1998.0
SAL003054,2026-06-09,STR003,PRD032,2,699.0,1398.0
SAL003055,2026-06-09,STR003,PRD037,4,379.0,1516.0
SAL003056,2026-06-09,STR003,PRD038,1,429.0,429.0
SAL003057,2026-06-09,STR003,PRD039,2,299.0,598.0
SAL003058,2026-06-09,STR004,PRD001,6,599.0,3594.0
SAL003059,2026-06-09,STR004,PRD002,4,2899.0,11596.0
SAL003060,2026-06-09,STR004,PRD004,7,1199.0,8393.0
SAL003061,2026-06-09,STR004,PRD005,3,2299.0,6897.0
SAL003062,2026-06-09,STR004,PRD006,3,1799.0,5397.0
SAL003063,2026-06-09,STR004,PRD007,5,1999.0,9995.0
SAL003064,2026-06-09,STR004,PRD009,3,299.0,897.0
SAL003065,2026-06-09,STR004,PRD012,1,199.0,199.0
SAL003066,2026-06-09,STR004,PRD015,4,449.0,1796.0
SAL003067,2026-06-09,STR004,PRD017,2,649.0,1298.0
SAL003068,2026-06-09,STR004,PRD021,1,1099.0,1099.0
SAL003069,2026-06-09,STR004,PRD024,1,1499.0,1499.0
SAL003070,2026-06-09,STR004,PRD025,2,1899.0,3798.0
SAL003071,2026-06-09,STR004,PRD027,4,179.0,716.0
SAL003072,2026-06-09,STR004,PRD028,4,499.0,1996.0
SAL003073,2026-06-09,STR004,PRD029,4,349.0,1396.0
SAL003074,2026-06-09,STR004,PRD030,7,199.0,1393.0
SAL003075,2026-06-09,STR004,PRD031,1,999.0,999.0
SAL003076,2026-06-09,STR004,PRD032,2,699.0,1398.0
SAL003077,2026-06-09,STR004,PRD034,2,399.0,798.0
SAL003078,2026-06-09,STR004,PRD036,4,329.0,1316.0
SAL003079,2026-06-09,STR004,PRD037,2,379.0,758.0
SAL003080,2026-06-09,STR004,PRD039,2,299.0,598.0
SAL003081,2026-06-09,STR004,PRD040,5,249.0,1245.0
SAL003082,2026-06-10,STR001,PRD001,7,599.0,4193.0
SAL003083,2026-06-10,STR001,PRD002,4,2899.0,11596.0
SAL003084,2026-06-10,STR001,PRD003,3,3499.0,10497.0
SAL003085,2026-06-10,STR001,PRD004,3,1199.0,3597.0
SAL003086,2026-06-10,STR001,PRD005,1,2299.0,2299.0
SAL003087,2026-06-10,STR001,PRD006,1,1799.0,1799.0
SAL003088,2026-06-10,STR001,PRD007,3,1999.0,5997.0
SAL003089,2026-06-10,STR001,PRD008,1,1499.0,1499.0
SAL003090,2026-06-10,STR001,PRD009,3,299.0,897.0
SAL003091,2026-06-10,STR001,PRD010,7,1299.0,9093.0
SAL003092,2026-06-10,STR001,PRD011,1,1599.0,1599.0
SAL003093,2026-06-10,STR001,PRD013,3,249.0,747.0
SAL003094,2026-06-10,STR001,PRD014,1,899.0,899.0
SAL003095,2026-06-10,STR001,PRD015,3,449.0,1347.0
SAL003096,2026-06-10,STR001,PRD016,2,1199.0,2398.0
SAL003097,2026-06-10,STR001,PRD017,1,649.0,649.0
SAL003098,2026-06-10,STR001,PRD018,2,899.0,1798.0
SAL003099,2026-06-10,STR001,PRD020,1,1499.0,1499.0
SAL003100,2026-06-10,STR001,PRD021,1,1099.0,1099.0
SAL003101,2026-06-10,STR001,PRD023,3,1299.0,3897.0
SAL003102,2026-06-10,STR001,PRD025,3,1899.0,5697.0
SAL003103,2026-06-10,STR001,PRD026,4,299.0,1196.0
SAL003104,2026-06-10,STR001,PRD027,3,179.0,537.0
SAL003105,2026-06-10,STR001,PRD033,2,849.0,1698.0
SAL003106,2026-06-10,STR001,PRD035,4,449.0,1796.0
SAL003107,2026-06-10,STR001,PRD036,7,329.0,2303.0
SAL003108,2026-06-10,STR001,PRD037,2,379.0,758.0
SAL003109,2026-06-10,STR001,PRD038,1,429.0,429.0
SAL003110,2026-06-10,STR001,PRD040,7,249.0,1743.0
SAL003111,2026-06-10,STR002,PRD001,3,599.0,1797.0
SAL003112,2026-06-10,STR002,PRD002,5,2899.0,14495.0
SAL003113,2026-06-10,STR002,PRD003,2,3499.0,6998.0
SAL003114,2026-06-10,STR002,PRD004,8,1199.0,9592.0
SAL003115,2026-06-10,STR002,PRD007,5,1999.0,9995.0
SAL003116,2026-06-10,STR002,PRD012,5,199.0,995.0
SAL003117,2026-06-10,STR002,PRD013,1,249.0,249.0
SAL003118,2026-06-10,STR002,PRD017,1,649.0,649.0
SAL003119,2026-06-10,STR002,PRD020,2,1499.0,2998.0
SAL003120,2026-06-10,STR002,PRD025,5,1899.0,9495.0
SAL003121,2026-06-10,STR002,PRD026,5,299.0,1495.0
SAL003122,2026-06-10,STR002,PRD030,6,199.0,1194.0
SAL003123,2026-06-10,STR002,PRD034,2,399.0,798.0
SAL003124,2026-06-10,STR002,PRD036,2,329.0,658.0
SAL003125,2026-06-10,STR002,PRD037,1,379.0,379.0
SAL003126,2026-06-10,STR002,PRD038,3,429.0,1287.0
SAL003127,2026-06-10,STR002,PRD040,3,249.0,747.0
SAL003128,2026-06-10,STR003,PRD001,7,599.0,4193.0
SAL003129,2026-06-10,STR003,PRD002,1,2899.0,2899.0
SAL003130,2026-06-10,STR003,PRD006,3,1799.0,5397.0
SAL003131,2026-06-10,STR003,PRD009,6,299.0,1794.0
SAL003132,2026-06-10,STR003,PRD010,2,1299.0,2598.0
SAL003133,2026-06-10,STR003,PRD011,4,1599.0,6396.0
SAL003134,2026-06-10,STR003,PRD015,2,449.0,898.0
SAL003135,2026-06-10,STR003,PRD016,1,1199.0,1199.0
SAL003136,2026-06-10,STR003,PRD017,1,649.0,649.0
SAL003137,2026-06-10,STR003,PRD018,3,899.0,2697.0
SAL003138,2026-06-10,STR003,PRD020,1,1499.0,1499.0
SAL003139,2026-06-10,STR003,PRD021,2,1099.0,2198.0
SAL003140,2026-06-10,STR003,PRD025,1,1899.0,1899.0
SAL003141,2026-06-10,STR003,PRD026,3,299.0,897.0
SAL003142,2026-06-10,STR003,PRD029,3,349.0,1047.0
SAL003143,2026-06-10,STR003,PRD030,3,199.0,597.0
SAL003144,2026-06-10,STR003,PRD031,2,999.0,1998.0
SAL003145,2026-06-10,STR003,PRD032,1,699.0,699.0
SAL003146,2026-06-10,STR003,PRD034,2,399.0,798.0
SAL003147,2026-06-10,STR003,PRD036,3,329.0,987.0
SAL003148,2026-06-10,STR003,PRD037,4,379.0,1516.0
SAL003149,2026-06-10,STR003,PRD038,3,429.0,1287.0
SAL003150,2026-06-10,STR003,PRD039,7,299.0,2093.0
SAL003151,2026-06-10,STR003,PRD040,7,249.0,1743.0
SAL003152,2026-06-10,STR004,PRD001,4,599.0,2396.0
SAL003153,2026-06-10,STR004,PRD002,1,2899.0,2899.0
SAL003154,2026-06-10,STR004,PRD003,4,3499.0,13996.0
SAL003155,2026-06-10,STR004,PRD004,3,1199.0,3597.0
SAL003156,2026-06-10,STR004,PRD005,3,2299.0,6897.0
SAL003157,2026-06-10,STR004,PRD007,4,1999.0,7996.0
SAL003158,2026-06-10,STR004,PRD008,2,1499.0,2998.0
SAL003159,2026-06-10,STR004,PRD009,3,299.0,897.0
SAL003160,2026-06-10,STR004,PRD011,2,1599.0,3198.0
SAL003161,2026-06-10,STR004,PRD017,1,649.0,649.0
SAL003162,2026-06-10,STR004,PRD023,3,1299.0,3897.0
SAL003163,2026-06-10,STR004,PRD024,2,1499.0,2998.0
SAL003164,2026-06-10,STR004,PRD026,2,299.0,598.0
SAL003165,2026-06-10,STR004,PRD027,1,179.0,179.0
SAL003166,2026-06-10,STR004,PRD030,3,199.0,597.0
SAL003167,2026-06-10,STR004,PRD035,1,449.0,449.0
SAL003168,2026-06-10,STR004,PRD036,2,329.0,658.0
SAL003169,2026-06-10,STR004,PRD037,1,379.0,379.0
SAL003170,2026-06-10,STR004,PRD040,5,249.0,1245.0
SAL003171,2026-06-11,STR001,PRD001,3,599.0,1797.0
SAL003172,2026-06-11,STR001,PRD003,4,3499.0,13996.0
SAL003173,2026-06-11,STR001,PRD004,2,1199.0,2398.0
SAL003174,2026-06-11,STR001,PRD005,3,2299.0,6897.0
SAL003175,2026-06-11,STR001,PRD007,3,1999.0,5997.0
SAL003176,2026-06-11,STR001,PRD008,4,1499.0,5996.0
SAL003177,2026-06-11,STR001,PRD009,2,299.0,598.0
SAL003178,2026-06-11,STR001,PRD010,7,1299.0,9093.0
SAL003179,2026-06-11,STR001,PRD011,2,1599.0,3198.0
SAL003180,2026-06-11,STR001,PRD013,1,249.0,249.0
SAL003181,2026-06-11,STR001,PRD017,4,649.0,2596.0
SAL003182,2026-06-11,STR001,PRD018,1,899.0,899.0
SAL003183,2026-06-11,STR001,PRD019,1,1399.0,1399.0
SAL003184,2026-06-11,STR001,PRD020,2,1499.0,2998.0
SAL003185,2026-06-11,STR001,PRD021,4,1099.0,4396.0
SAL003186,2026-06-11,STR001,PRD025,4,1899.0,7596.0
SAL003187,2026-06-11,STR001,PRD028,3,499.0,1497.0
SAL003188,2026-06-11,STR001,PRD029,1,349.0,349.0
SAL003189,2026-06-11,STR001,PRD030,6,199.0,1194.0
SAL003190,2026-06-11,STR001,PRD031,1,999.0,999.0
SAL003191,2026-06-11,STR001,PRD035,4,449.0,1796.0
SAL003192,2026-06-11,STR001,PRD036,6,329.0,1974.0
SAL003193,2026-06-11,STR001,PRD037,1,379.0,379.0
SAL003194,2026-06-11,STR001,PRD039,7,299.0,2093.0
SAL003195,2026-06-11,STR002,PRD001,7,599.0,4193.0
SAL003196,2026-06-11,STR002,PRD003,5,3499.0,17495.0
SAL003197,2026-06-11,STR002,PRD004,2,1199.0,2398.0
SAL003198,2026-06-11,STR002,PRD005,3,2299.0,6897.0
SAL003199,2026-06-11,STR002,PRD006,2,1799.0,3598.0
SAL003200,2026-06-11,STR002,PRD007,5,1999.0,9995.0
SAL003201,2026-06-11,STR002,PRD009,2,299.0,598.0
SAL003202,2026-06-11,STR002,PRD011,2,1599.0,3198.0
SAL003203,2026-06-11,STR002,PRD012,1,199.0,199.0
SAL003204,2026-06-11,STR002,PRD013,1,249.0,249.0
SAL003205,2026-06-11,STR002,PRD015,3,449.0,1347.0
SAL003206,2026-06-11,STR002,PRD017,5,649.0,3245.0
SAL003207,2026-06-11,STR002,PRD021,2,1099.0,2198.0
SAL003208,2026-06-11,STR002,PRD024,1,1499.0,1499.0
SAL003209,2026-06-11,STR002,PRD025,3,1899.0,5697.0
SAL003210,2026-06-11,STR002,PRD027,2,179.0,358.0
SAL003211,2026-06-11,STR002,PRD028,3,499.0,1497.0
SAL003212,2026-06-11,STR002,PRD030,8,199.0,1592.0
SAL003213,2026-06-11,STR002,PRD032,2,699.0,1398.0
SAL003214,2026-06-11,STR002,PRD035,2,449.0,898.0
SAL003215,2026-06-11,STR002,PRD036,5,329.0,1645.0
SAL003216,2026-06-11,STR002,PRD039,3,299.0,897.0
SAL003217,2026-06-11,STR002,PRD040,8,249.0,1992.0
SAL003218,2026-06-11,STR003,PRD001,7,599.0,4193.0
SAL003219,2026-06-11,STR003,PRD003,3,3499.0,10497.0
SAL003220,2026-06-11,STR003,PRD004,7,1199.0,8393.0
SAL003221,2026-06-11,STR003,PRD007,3,1999.0,5997.0
SAL003222,2026-06-11,STR003,PRD008,4,1499.0,5996.0
SAL003223,2026-06-11,STR003,PRD009,6,299.0,1794.0
SAL003224,2026-06-11,STR003,PRD010,2,1299.0,2598.0
SAL003225,2026-06-11,STR003,PRD011,1,1599.0,1599.0
SAL003226,2026-06-11,STR003,PRD013,3,249.0,747.0
SAL003227,2026-06-11,STR003,PRD015,3,449.0,1347.0
SAL003228,2026-06-11,STR003,PRD017,2,649.0,1298.0
SAL003229,2026-06-11,STR003,PRD018,1,899.0,899.0
SAL003230,2026-06-11,STR003,PRD021,1,1099.0,1099.0
SAL003231,2026-06-11,STR003,PRD023,3,1299.0,3897.0
SAL003232,2026-06-11,STR003,PRD026,4,299.0,1196.0
SAL003233,2026-06-11,STR003,PRD030,2,199.0,398.0
SAL003234,2026-06-11,STR003,PRD031,4,999.0,3996.0
SAL003235,2026-06-11,STR003,PRD032,2,699.0,1398.0
SAL003236,2026-06-11,STR003,PRD034,1,399.0,399.0
SAL003237,2026-06-11,STR003,PRD036,7,329.0,2303.0
SAL003238,2026-06-11,STR003,PRD037,4,379.0,1516.0
SAL003239,2026-06-11,STR003,PRD039,7,299.0,2093.0
SAL003240,2026-06-11,STR003,PRD040,4,249.0,996.0
SAL003241,2026-06-11,STR004,PRD001,3,599.0,1797.0
SAL003242,2026-06-11,STR004,PRD003,4,3499.0,13996.0
SAL003243,2026-06-11,STR004,PRD004,4,1199.0,4796.0
SAL003244,2026-06-11,STR004,PRD006,3,1799.0,5397.0
SAL003245,2026-06-11,STR004,PRD008,2,1499.0,2998.0
SAL003246,2026-06-11,STR004,PRD009,2,299.0,598.0
SAL003247,2026-06-11,STR004,PRD011,3,1599.0,4797.0
SAL003248,2026-06-11,STR004,PRD014,1,899.0,899.0
SAL003249,2026-06-11,STR004,PRD016,1,1199.0,1199.0
SAL003250,2026-06-11,STR004,PRD017,3,649.0,1947.0
SAL003251,2026-06-11,STR004,PRD023,2,1299.0,2598.0
SAL003252,2026-06-11,STR004,PRD024,1,1499.0,1499.0
SAL003253,2026-06-11,STR004,PRD025,2,1899.0,3798.0
SAL003254,2026-06-11,STR004,PRD030,3,199.0,597.0
SAL003255,2026-06-11,STR004,PRD036,2,329.0,658.0
SAL003256,2026-06-11,STR004,PRD039,6,299.0,1794.0
SAL003257,2026-06-12,STR001,PRD001,4,599.0,2396.0
SAL003258,2026-06-12,STR001,PRD003,1,3499.0,3499.0
SAL003259,2026-06-12,STR001,PRD004,5,1199.0,5995.0
SAL003260,2026-06-12,STR001,PRD005,1,2299.0,2299.0
SAL003261,2026-06-12,STR001,PRD006,2,1799.0,3598.0
SAL003262,2026-06-12,STR001,PRD010,7,1299.0,9093.0
SAL003263,2026-06-12,STR001,PRD011,2,1599.0,3198.0
SAL003264,2026-06-12,STR001,PRD012,4,199.0,796.0
SAL003265,2026-06-12,STR001,PRD013,3,249.0,747.0
SAL003266,2026-06-12,STR001,PRD016,1,1199.0,1199.0
SAL003267,2026-06-12,STR001,PRD020,1,1499.0,1499.0
SAL003268,2026-06-12,STR001,PRD023,1,1299.0,1299.0
SAL003269,2026-06-12,STR001,PRD024,2,1499.0,2998.0
SAL003270,2026-06-12,STR001,PRD025,1,1899.0,1899.0
SAL003271,2026-06-12,STR001,PRD026,5,299.0,1495.0
SAL003272,2026-06-12,STR001,PRD027,2,179.0,358.0
SAL003273,2026-06-12,STR001,PRD028,5,499.0,2495.0
SAL003274,2026-06-12,STR001,PRD029,3,349.0,1047.0
SAL003275,2026-06-12,STR001,PRD030,5,199.0,995.0
SAL003276,2026-06-12,STR001,PRD031,3,999.0,2997.0
SAL003277,2026-06-12,STR001,PRD033,2,849.0,1698.0
SAL003278,2026-06-12,STR001,PRD034,4,399.0,1596.0
SAL003279,2026-06-12,STR001,PRD035,7,449.0,3143.0
SAL003280,2026-06-12,STR001,PRD036,4,329.0,1316.0
SAL003281,2026-06-12,STR001,PRD038,2,429.0,858.0
SAL003282,2026-06-12,STR001,PRD039,4,299.0,1196.0
SAL003283,2026-06-12,STR001,PRD040,5,249.0,1245.0
SAL003284,2026-06-12,STR002,PRD001,5,599.0,2995.0
SAL003285,2026-06-12,STR002,PRD003,2,3499.0,6998.0
SAL003286,2026-06-12,STR002,PRD007,6,1999.0,11994.0
SAL003287,2026-06-12,STR002,PRD009,8,299.0,2392.0
SAL003288,2026-06-12,STR002,PRD010,2,1299.0,2598.0
SAL003289,2026-06-12,STR002,PRD011,5,1599.0,7995.0
SAL003290,2026-06-12,STR002,PRD012,1,199.0,199.0
SAL003291,2026-06-12,STR002,PRD014,2,899.0,1798.0
SAL003292,2026-06-12,STR002,PRD015,2,449.0,898.0
SAL003293,2026-06-12,STR002,PRD016,3,1199.0,3597.0
SAL003294,2026-06-12,STR002,PRD017,1,649.0,649.0
SAL003295,2026-06-12,STR002,PRD018,2,899.0,1798.0
SAL003296,2026-06-12,STR002,PRD020,5,1499.0,7495.0
SAL003297,2026-06-12,STR002,PRD021,2,1099.0,2198.0
SAL003298,2026-06-12,STR002,PRD023,3,1299.0,3897.0
SAL003299,2026-06-12,STR002,PRD027,5,179.0,895.0
SAL003300,2026-06-12,STR002,PRD028,2,499.0,998.0
SAL003301,2026-06-12,STR002,PRD030,3,199.0,597.0
SAL003302,2026-06-12,STR002,PRD031,2,999.0,1998.0
SAL003303,2026-06-12,STR002,PRD033,1,849.0,849.0
SAL003304,2026-06-12,STR002,PRD034,2,399.0,798.0
SAL003305,2026-06-12,STR002,PRD036,7,329.0,2303.0
SAL003306,2026-06-12,STR002,PRD037,1,379.0,379.0
SAL003307,2026-06-12,STR002,PRD038,3,429.0,1287.0
SAL003308,2026-06-12,STR002,PRD039,3,299.0,897.0
SAL003309,2026-06-12,STR002,PRD040,6,249.0,1494.0
SAL003310,2026-06-12,STR003,PRD001,6,599.0,3594.0
SAL003311,2026-06-12,STR003,PRD002,1,2899.0,2899.0
SAL003312,2026-06-12,STR003,PRD003,3,3499.0,10497.0
SAL003313,2026-06-12,STR003,PRD004,4,1199.0,4796.0
SAL003314,2026-06-12,STR003,PRD006,1,1799.0,1799.0
SAL003315,2026-06-12,STR003,PRD007,2,1999.0,3998.0
SAL003316,2026-06-12,STR003,PRD008,3,1499.0,4497.0
SAL003317,2026-06-12,STR003,PRD009,5,299.0,1495.0
SAL003318,2026-06-12,STR003,PRD010,1,1299.0,1299.0
SAL003319,2026-06-12,STR003,PRD011,3,1599.0,4797.0
SAL003320,2026-06-12,STR003,PRD013,3,249.0,747.0
SAL003321,2026-06-12,STR003,PRD014,1,899.0,899.0
SAL003322,2026-06-12,STR003,PRD017,3,649.0,1947.0
SAL003323,2026-06-12,STR003,PRD021,3,1099.0,3297.0
SAL003324,2026-06-12,STR003,PRD022,2,599.0,1198.0
SAL003325,2026-06-12,STR003,PRD023,4,1299.0,5196.0
SAL003326,2026-06-12,STR003,PRD024,1,1499.0,1499.0
SAL003327,2026-06-12,STR003,PRD025,1,1899.0,1899.0
SAL003328,2026-06-12,STR003,PRD026,7,299.0,2093.0
SAL003329,2026-06-12,STR003,PRD028,5,499.0,2495.0
SAL003330,2026-06-12,STR003,PRD030,6,199.0,1194.0
SAL003331,2026-06-12,STR003,PRD036,3,329.0,987.0
SAL003332,2026-06-12,STR003,PRD037,3,379.0,1137.0
SAL003333,2026-06-12,STR003,PRD039,6,299.0,1794.0
SAL003334,2026-06-12,STR004,PRD002,1,2899.0,2899.0
SAL003335,2026-06-12,STR004,PRD004,5,1199.0,5995.0
SAL003336,2026-06-12,STR004,PRD008,3,1499.0,4497.0
SAL003337,2026-06-12,STR004,PRD009,3,299.0,897.0
SAL003338,2026-06-12,STR004,PRD010,1,1299.0,1299.0
SAL003339,2026-06-12,STR004,PRD018,3,899.0,2697.0
SAL003340,2026-06-12,STR004,PRD021,3,1099.0,3297.0
SAL003341,2026-06-12,STR004,PRD022,1,599.0,599.0
SAL003342,2026-06-12,STR004,PRD023,2,1299.0,2598.0
SAL003343,2026-06-12,STR004,PRD025,4,1899.0,7596.0
SAL003344,2026-06-12,STR004,PRD026,7,299.0,2093.0
SAL003345,2026-06-12,STR004,PRD027,3,179.0,537.0
SAL003346,2026-06-12,STR004,PRD029,3,349.0,1047.0
SAL003347,2026-06-12,STR004,PRD030,3,199.0,597.0
SAL003348,2026-06-12,STR004,PRD031,2,999.0,1998.0
SAL003349,2026-06-12,STR004,PRD035,1,449.0,449.0
SAL003350,2026-06-12,STR004,PRD036,2,329.0,658.0
SAL003351,2026-06-12,STR004,PRD038,2,429.0,858.0
SAL003352,2026-06-12,STR004,PRD039,2,299.0,598.0
SAL003353,2026-06-12,STR004,PRD040,7,249.0,1743.0
SAL003354,2026-06-13,STR001,PRD001,5,599.0,2995.0
SAL003355,2026-06-13,STR001,PRD002,4,2899.0,11596.0
SAL003356,2026-06-13,STR001,PRD004,8,1199.0,9592.0
SAL003357,2026-06-13,STR001,PRD005,1,2299.0,2299.0
SAL003358,2026-06-13,STR001,PRD006,1,1799.0,1799.0
SAL003359,2026-06-13,STR001,PRD008,4,1499.0,5996.0
SAL003360,2026-06-13,STR001,PRD009,3,299.0,897.0
SAL003361,2026-06-13,STR001,PRD010,10,1299.0,12990.0
SAL003362,2026-06-13,STR001,PRD011,5,1599.0,7995.0
SAL003363,2026-06-13,STR001,PRD013,3,249.0,747.0
SAL003364,2026-06-13,STR001,PRD015,4,449.0,1796.0
SAL003365,2026-06-13,STR001,PRD016,5,1199.0,5995.0
SAL003366,2026-06-13,STR001,PRD017,3,649.0,1947.0
SAL003367,2026-06-13,STR001,PRD020,5,1499.0,7495.0
SAL003368,2026-06-13,STR001,PRD021,3,1099.0,3297.0
SAL003369,2026-06-13,STR001,PRD024,5,1499.0,7495.0
SAL003370,2026-06-13,STR001,PRD026,5,299.0,1495.0
SAL003371,2026-06-13,STR001,PRD027,3,179.0,537.0
SAL003372,2026-06-13,STR001,PRD030,4,199.0,796.0
SAL003373,2026-06-13,STR001,PRD031,1,999.0,999.0
SAL003374,2026-06-13,STR001,PRD035,10,449.0,4490.0
SAL003375,2026-06-13,STR001,PRD036,3,329.0,987.0
SAL003376,2026-06-13,STR001,PRD038,1,429.0,429.0
SAL003377,2026-06-13,STR001,PRD039,3,299.0,897.0
SAL003378,2026-06-13,STR001,PRD040,9,249.0,2241.0
SAL003379,2026-06-13,STR002,PRD002,1,2899.0,2899.0
SAL003380,2026-06-13,STR002,PRD003,1,3499.0,3499.0
SAL003381,2026-06-13,STR002,PRD004,3,1199.0,3597.0
SAL003382,2026-06-13,STR002,PRD006,4,1799.0,7196.0
SAL003383,2026-06-13,STR002,PRD008,3,1499.0,4497.0
SAL003384,2026-06-13,STR002,PRD009,9,299.0,2691.0
SAL003385,2026-06-13,STR002,PRD012,6,199.0,1194.0
SAL003386,2026-06-13,STR002,PRD013,1,249.0,249.0
SAL003387,2026-06-13,STR002,PRD015,1,449.0,449.0
SAL003388,2026-06-13,STR002,PRD016,1,1199.0,1199.0
SAL003389,2026-06-13,STR002,PRD017,4,649.0,2596.0
SAL003390,2026-06-13,STR002,PRD018,3,899.0,2697.0
SAL003391,2026-06-13,STR002,PRD019,1,1399.0,1399.0
SAL003392,2026-06-13,STR002,PRD020,6,1499.0,8994.0
SAL003393,2026-06-13,STR002,PRD021,4,1099.0,4396.0
SAL003394,2026-06-13,STR002,PRD023,6,1299.0,7794.0
SAL003395,2026-06-13,STR002,PRD027,1,179.0,179.0
SAL003396,2026-06-13,STR002,PRD028,6,499.0,2994.0
SAL003397,2026-06-13,STR002,PRD029,4,349.0,1396.0
SAL003398,2026-06-13,STR002,PRD030,3,199.0,597.0
SAL003399,2026-06-13,STR002,PRD033,3,849.0,2547.0
SAL003400,2026-06-13,STR002,PRD036,10,329.0,3290.0
SAL003401,2026-06-13,STR002,PRD039,3,299.0,897.0
SAL003402,2026-06-13,STR002,PRD040,7,249.0,1743.0
SAL003403,2026-06-13,STR003,PRD001,5,599.0,2995.0
SAL003404,2026-06-13,STR003,PRD004,2,1199.0,2398.0
SAL003405,2026-06-13,STR003,PRD008,2,1499.0,2998.0
SAL003406,2026-06-13,STR003,PRD009,8,299.0,2392.0
SAL003407,2026-06-13,STR003,PRD013,5,249.0,1245.0
SAL003408,2026-06-13,STR003,PRD015,1,449.0,449.0
SAL003409,2026-06-13,STR003,PRD016,2,1199.0,2398.0
SAL003410,2026-06-13,STR003,PRD017,5,649.0,3245.0
SAL003411,2026-06-13,STR003,PRD018,2,899.0,1798.0
SAL003412,2026-06-13,STR003,PRD021,4,1099.0,4396.0
SAL003413,2026-06-13,STR003,PRD022,1,599.0,599.0
SAL003414,2026-06-13,STR003,PRD023,5,1299.0,6495.0
SAL003415,2026-06-13,STR003,PRD024,5,1499.0,7495.0
SAL003416,2026-06-13,STR003,PRD025,2,1899.0,3798.0
SAL003417,2026-06-13,STR003,PRD026,7,299.0,2093.0
SAL003418,2026-06-13,STR003,PRD028,4,499.0,1996.0
SAL003419,2026-06-13,STR003,PRD030,2,199.0,398.0
SAL003420,2026-06-13,STR003,PRD031,1,999.0,999.0
SAL003421,2026-06-13,STR003,PRD034,1,399.0,399.0
SAL003422,2026-06-13,STR003,PRD035,2,449.0,898.0
SAL003423,2026-06-13,STR003,PRD036,4,329.0,1316.0
SAL003424,2026-06-13,STR003,PRD037,2,379.0,758.0
SAL003425,2026-06-13,STR003,PRD039,6,299.0,1794.0
SAL003426,2026-06-13,STR003,PRD040,4,249.0,996.0
SAL003427,2026-06-13,STR004,PRD001,4,599.0,2396.0
SAL003428,2026-06-13,STR004,PRD002,2,2899.0,5798.0
SAL003429,2026-06-13,STR004,PRD003,1,3499.0,3499.0
SAL003430,2026-06-13,STR004,PRD004,6,1199.0,7194.0
SAL003431,2026-06-13,STR004,PRD005,4,2299.0,9196.0
SAL003432,2026-06-13,STR004,PRD006,1,1799.0,1799.0
SAL003433,2026-06-13,STR004,PRD007,4,1999.0,7996.0
SAL003434,2026-06-13,STR004,PRD008,4,1499.0,5996.0
SAL003435,2026-06-13,STR004,PRD009,4,299.0,1196.0
SAL003436,2026-06-13,STR004,PRD010,2,1299.0,2598.0
SAL003437,2026-06-13,STR004,PRD011,2,1599.0,3198.0
SAL003438,2026-06-13,STR004,PRD012,2,199.0,398.0
SAL003439,2026-06-13,STR004,PRD015,5,449.0,2245.0
SAL003440,2026-06-13,STR004,PRD017,1,649.0,649.0
SAL003441,2026-06-13,STR004,PRD018,1,899.0,899.0
SAL003442,2026-06-13,STR004,PRD019,1,1399.0,1399.0
SAL003443,2026-06-13,STR004,PRD021,2,1099.0,2198.0
SAL003444,2026-06-13,STR004,PRD022,2,599.0,1198.0
SAL003445,2026-06-13,STR004,PRD026,7,299.0,2093.0
SAL003446,2026-06-13,STR004,PRD027,2,179.0,358.0
SAL003447,2026-06-13,STR004,PRD028,4,499.0,1996.0
SAL003448,2026-06-13,STR004,PRD029,1,349.0,349.0
SAL003449,2026-06-13,STR004,PRD030,4,199.0,796.0
SAL003450,2026-06-13,STR004,PRD033,2,849.0,1698.0
SAL003451,2026-06-13,STR004,PRD034,1,399.0,399.0
SAL003452,2026-06-13,STR004,PRD036,5,329.0,1645.0
SAL003453,2026-06-13,STR004,PRD038,5,429.0,2145.0
SAL003454,2026-06-13,STR004,PRD039,5,299.0,1495.0
SAL003455,2026-06-13,STR004,PRD040,4,249.0,996.0
SAL003456,2026-06-14,STR001,PRD001,3,599.0,1797.0
SAL003457,2026-06-14,STR001,PRD002,4,2899.0,11596.0
SAL003458,2026-06-14,STR001,PRD003,4,3499.0,13996.0
SAL003459,2026-06-14,STR001,PRD004,3,1199.0,3597.0
SAL003460,2026-06-14,STR001,PRD005,4,2299.0,9196.0
SAL003461,2026-06-14,STR001,PRD006,4,1799.0,7196.0
SAL003462,2026-06-14,STR001,PRD007,4,1999.0,7996.0
SAL003463,2026-06-14,STR001,PRD009,5,299.0,1495.0
SAL003464,2026-06-14,STR001,PRD010,10,1299.0,12990.0
SAL003465,2026-06-14,STR001,PRD014,3,899.0,2697.0
SAL003466,2026-06-14,STR001,PRD015,4,449.0,1796.0
SAL003467,2026-06-14,STR001,PRD016,4,1199.0,4796.0
SAL003468,2026-06-14,STR001,PRD020,5,1499.0,7495.0
SAL003469,2026-06-14,STR001,PRD024,5,1499.0,7495.0
SAL003470,2026-06-14,STR001,PRD026,8,299.0,2392.0
SAL003471,2026-06-14,STR001,PRD028,7,499.0,3493.0
SAL003472,2026-06-14,STR001,PRD029,1,349.0,349.0
SAL003473,2026-06-14,STR001,PRD030,4,199.0,796.0
SAL003474,2026-06-14,STR001,PRD032,1,699.0,699.0
SAL003475,2026-06-14,STR001,PRD034,3,399.0,1197.0
SAL003476,2026-06-14,STR001,PRD035,7,449.0,3143.0
SAL003477,2026-06-14,STR001,PRD036,4,329.0,1316.0
SAL003478,2026-06-14,STR001,PRD038,4,429.0,1716.0
SAL003479,2026-06-14,STR001,PRD039,4,299.0,1196.0
SAL003480,2026-06-14,STR001,PRD040,5,249.0,1245.0
SAL003481,2026-06-14,STR002,PRD001,7,599.0,4193.0
SAL003482,2026-06-14,STR002,PRD002,6,2899.0,17394.0
SAL003483,2026-06-14,STR002,PRD003,1,3499.0,3499.0
SAL003484,2026-06-14,STR002,PRD007,3,1999.0,5997.0
SAL003485,2026-06-14,STR002,PRD008,4,1499.0,5996.0
SAL003486,2026-06-14,STR002,PRD009,3,299.0,897.0
SAL003487,2026-06-14,STR002,PRD011,3,1599.0,4797.0
SAL003488,2026-06-14,STR002,PRD013,4,249.0,996.0
SAL003489,2026-06-14,STR002,PRD015,1,449.0,449.0
SAL003490,2026-06-14,STR002,PRD016,6,1199.0,7194.0
SAL003491,2026-06-14,STR002,PRD017,6,649.0,3894.0
SAL003492,2026-06-14,STR002,PRD020,3,1499.0,4497.0
SAL003493,2026-06-14,STR002,PRD023,4,1299.0,5196.0
SAL003494,2026-06-14,STR002,PRD025,3,1899.0,5697.0
SAL003495,2026-06-14,STR002,PRD026,9,299.0,2691.0
SAL003496,2026-06-14,STR002,PRD029,6,349.0,2094.0
SAL003497,2026-06-14,STR002,PRD030,6,199.0,1194.0
SAL003498,2026-06-14,STR002,PRD033,1,849.0,849.0
SAL003499,2026-06-14,STR002,PRD035,1,449.0,449.0
SAL003500,2026-06-14,STR002,PRD036,3,329.0,987.0
SAL003501,2026-06-14,STR002,PRD037,3,379.0,1137.0
SAL003502,2026-06-14,STR002,PRD040,7,249.0,1743.0
SAL003503,2026-06-14,STR003,PRD001,5,599.0,2995.0
SAL003504,2026-06-14,STR003,PRD002,5,2899.0,14495.0
SAL003505,2026-06-14,STR003,PRD003,2,3499.0,6998.0
SAL003506,2026-06-14,STR003,PRD004,6,1199.0,7194.0
SAL003507,2026-06-14,STR003,PRD006,4,1799.0,7196.0
SAL003508,2026-06-14,STR003,PRD007,5,1999.0,9995.0
SAL003509,2026-06-14,STR003,PRD009,8,299.0,2392.0
SAL003510,2026-06-14,STR003,PRD011,5,1599.0,7995.0
SAL003511,2026-06-14,STR003,PRD012,2,199.0,398.0
SAL003512,2026-06-14,STR003,PRD014,1,899.0,899.0
SAL003513,2026-06-14,STR003,PRD015,1,449.0,449.0
SAL003514,2026-06-14,STR003,PRD018,2,899.0,1798.0
SAL003515,2026-06-14,STR003,PRD021,2,1099.0,2198.0
SAL003516,2026-06-14,STR003,PRD025,2,1899.0,3798.0
SAL003517,2026-06-14,STR003,PRD026,2,299.0,598.0
SAL003518,2026-06-14,STR003,PRD027,1,179.0,179.0
SAL003519,2026-06-14,STR003,PRD028,6,499.0,2994.0
SAL003520,2026-06-14,STR003,PRD030,8,199.0,1592.0
SAL003521,2026-06-14,STR003,PRD032,1,699.0,699.0
SAL003522,2026-06-14,STR003,PRD033,2,849.0,1698.0
SAL003523,2026-06-14,STR003,PRD034,4,399.0,1596.0
SAL003524,2026-06-14,STR003,PRD035,2,449.0,898.0
SAL003525,2026-06-14,STR003,PRD037,2,379.0,758.0
SAL003526,2026-06-14,STR003,PRD039,8,299.0,2392.0
SAL003527,2026-06-14,STR003,PRD040,2,249.0,498.0
SAL003528,2026-06-14,STR004,PRD001,7,599.0,4193.0
SAL003529,2026-06-14,STR004,PRD002,2,2899.0,5798.0
SAL003530,2026-06-14,STR004,PRD003,4,3499.0,13996.0
SAL003531,2026-06-14,STR004,PRD004,6,1199.0,7194.0
SAL003532,2026-06-14,STR004,PRD006,4,1799.0,7196.0
SAL003533,2026-06-14,STR004,PRD007,6,1999.0,11994.0
SAL003534,2026-06-14,STR004,PRD008,1,1499.0,1499.0
SAL003535,2026-06-14,STR004,PRD015,2,449.0,898.0
SAL003536,2026-06-14,STR004,PRD016,2,1199.0,2398.0
SAL003537,2026-06-14,STR004,PRD018,1,899.0,899.0
SAL003538,2026-06-14,STR004,PRD022,2,599.0,1198.0
SAL003539,2026-06-14,STR004,PRD023,4,1299.0,5196.0
SAL003540,2026-06-14,STR004,PRD024,1,1499.0,1499.0
SAL003541,2026-06-14,STR004,PRD026,6,299.0,1794.0
SAL003542,2026-06-14,STR004,PRD027,4,179.0,716.0
SAL003543,2026-06-14,STR004,PRD028,6,499.0,2994.0
SAL003544,2026-06-14,STR004,PRD029,4,349.0,1396.0
SAL003545,2026-06-14,STR004,PRD030,4,199.0,796.0
SAL003546,2026-06-14,STR004,PRD031,4,999.0,3996.0
SAL003547,2026-06-14,STR004,PRD032,1,699.0,699.0
SAL003548,2026-06-14,STR004,PRD034,5,399.0,1995.0
SAL003549,2026-06-14,STR004,PRD036,2,329.0,658.0
SAL003550,2026-06-14,STR004,PRD039,9,299.0,2691.0
SAL003551,2026-06-14,STR004,PRD040,6,249.0,1494.0
SAL003552,2026-06-15,STR001,PRD001,7,599.0,4193.0
SAL003553,2026-06-15,STR001,PRD004,5,1199.0,5995.0
SAL003554,2026-06-15,STR001,PRD005,1,2299.0,2299.0
SAL003555,2026-06-15,STR001,PRD008,4,1499.0,5996.0
SAL003556,2026-06-15,STR001,PRD009,2,299.0,598.0
SAL003557,2026-06-15,STR001,PRD010,7,1299.0,9093.0
SAL003558,2026-06-15,STR001,PRD012,4,199.0,796.0
SAL003559,2026-06-15,STR001,PRD013,4,249.0,996.0
SAL003560,2026-06-15,STR001,PRD014,2,899.0,1798.0
SAL003561,2026-06-15,STR001,PRD016,3,1199.0,3597.0
SAL003562,2026-06-15,STR001,PRD018,2,899.0,1798.0
SAL003563,2026-06-15,STR001,PRD020,4,1499.0,5996.0
SAL003564,2026-06-15,STR001,PRD021,1,1099.0,1099.0
SAL003565,2026-06-15,STR001,PRD022,2,599.0,1198.0
SAL003566,2026-06-15,STR001,PRD024,3,1499.0,4497.0
SAL003567,2026-06-15,STR001,PRD025,4,1899.0,7596.0
SAL003568,2026-06-15,STR001,PRD026,5,299.0,1495.0
SAL003569,2026-06-15,STR001,PRD027,4,179.0,716.0
SAL003570,2026-06-15,STR001,PRD030,3,199.0,597.0
SAL003571,2026-06-15,STR001,PRD034,3,399.0,1197.0
SAL003572,2026-06-15,STR001,PRD035,7,449.0,3143.0
SAL003573,2026-06-15,STR001,PRD036,7,329.0,2303.0
SAL003574,2026-06-15,STR001,PRD038,4,429.0,1716.0
SAL003575,2026-06-15,STR001,PRD039,7,299.0,2093.0
SAL003576,2026-06-15,STR002,PRD001,3,599.0,1797.0
SAL003577,2026-06-15,STR002,PRD003,1,3499.0,3499.0
SAL003578,2026-06-15,STR002,PRD004,2,1199.0,2398.0
SAL003579,2026-06-15,STR002,PRD007,2,1999.0,3998.0
SAL003580,2026-06-15,STR002,PRD009,8,299.0,2392.0
SAL003581,2026-06-15,STR002,PRD010,2,1299.0,2598.0
SAL003582,2026-06-15,STR002,PRD013,2,249.0,498.0
SAL003583,2026-06-15,STR002,PRD015,2,449.0,898.0
SAL003584,2026-06-15,STR002,PRD018,2,899.0,1798.0
SAL003585,2026-06-15,STR002,PRD020,2,1499.0,2998.0
SAL003586,2026-06-15,STR002,PRD024,5,1499.0,7495.0
SAL003587,2026-06-15,STR002,PRD026,3,299.0,897.0
SAL003588,2026-06-15,STR002,PRD027,2,179.0,358.0
SAL003589,2026-06-15,STR002,PRD028,6,499.0,2994.0
SAL003590,2026-06-15,STR002,PRD031,1,999.0,999.0
SAL003591,2026-06-15,STR002,PRD033,1,849.0,849.0
SAL003592,2026-06-15,STR002,PRD034,1,399.0,399.0
SAL003593,2026-06-15,STR002,PRD035,2,449.0,898.0
SAL003594,2026-06-15,STR002,PRD036,5,329.0,1645.0
SAL003595,2026-06-15,STR002,PRD038,2,429.0,858.0
SAL003596,2026-06-15,STR002,PRD039,2,299.0,598.0
SAL003597,2026-06-15,STR003,PRD001,7,599.0,4193.0
SAL003598,2026-06-15,STR003,PRD003,3,3499.0,10497.0
SAL003599,2026-06-15,STR003,PRD005,3,2299.0,6897.0
SAL003600,2026-06-15,STR003,PRD007,4,1999.0,7996.0
SAL003601,2026-06-15,STR003,PRD009,2,299.0,598.0
SAL003602,2026-06-15,STR003,PRD011,2,1599.0,3198.0
SAL003603,2026-06-15,STR003,PRD012,3,199.0,597.0
SAL003604,2026-06-15,STR003,PRD013,2,249.0,498.0
SAL003605,2026-06-15,STR003,PRD014,1,899.0,899.0
SAL003606,2026-06-15,STR003,PRD015,2,449.0,898.0
SAL003607,2026-06-15,STR003,PRD016,4,1199.0,4796.0
SAL003608,2026-06-15,STR003,PRD017,1,649.0,649.0
SAL003609,2026-06-15,STR003,PRD018,3,899.0,2697.0
SAL003610,2026-06-15,STR003,PRD020,4,1499.0,5996.0
SAL003611,2026-06-15,STR003,PRD021,4,1099.0,4396.0
SAL003612,2026-06-15,STR003,PRD023,2,1299.0,2598.0
SAL003613,2026-06-15,STR003,PRD026,5,299.0,1495.0
SAL003614,2026-06-15,STR003,PRD027,3,179.0,537.0
SAL003615,2026-06-15,STR003,PRD028,3,499.0,1497.0
SAL003616,2026-06-15,STR003,PRD030,5,199.0,995.0
SAL003617,2026-06-15,STR003,PRD031,3,999.0,2997.0
SAL003618,2026-06-15,STR003,PRD036,4,329.0,1316.0
SAL003619,2026-06-15,STR003,PRD039,2,299.0,598.0
SAL003620,2026-06-15,STR004,PRD001,5,599.0,2995.0
SAL003621,2026-06-15,STR004,PRD002,3,2899.0,8697.0
SAL003622,2026-06-15,STR004,PRD003,1,3499.0,3499.0
SAL003623,2026-06-15,STR004,PRD004,4,1199.0,4796.0
SAL003624,2026-06-15,STR004,PRD005,1,2299.0,2299.0
SAL003625,2026-06-15,STR004,PRD006,1,1799.0,1799.0
SAL003626,2026-06-15,STR004,PRD007,4,1999.0,7996.0
SAL003627,2026-06-15,STR004,PRD008,3,1499.0,4497.0
SAL003628,2026-06-15,STR004,PRD009,4,299.0,1196.0
SAL003629,2026-06-15,STR004,PRD012,3,199.0,597.0
SAL003630,2026-06-15,STR004,PRD015,2,449.0,898.0
SAL003631,2026-06-15,STR004,PRD016,1,1199.0,1199.0
SAL003632,2026-06-15,STR004,PRD025,3,1899.0,5697.0
SAL003633,2026-06-15,STR004,PRD026,2,299.0,598.0
SAL003634,2026-06-15,STR004,PRD028,4,499.0,1996.0
SAL003635,2026-06-15,STR004,PRD029,1,349.0,349.0
SAL003636,2026-06-15,STR004,PRD030,6,199.0,1194.0
SAL003637,2026-06-15,STR004,PRD031,4,999.0,3996.0
SAL003638,2026-06-15,STR004,PRD033,1,849.0,849.0
SAL003639,2026-06-15,STR004,PRD038,4,429.0,1716.0
SAL003640,2026-06-15,STR004,PRD039,6,299.0,1794.0
SAL003641,2026-06-16,STR001,PRD001,7,599.0,4193.0
SAL003642,2026-06-16,STR001,PRD002,4,2899.0,11596.0
SAL003643,2026-06-16,STR001,PRD003,4,3499.0,13996.0
SAL003644,2026-06-16,STR001,PRD004,4,1199.0,4796.0
SAL003645,2026-06-16,STR001,PRD005,2,2299.0,4598.0
SAL003646,2026-06-16,STR001,PRD006,3,1799.0,5397.0
SAL003647,2026-06-16,STR001,PRD007,2,1999.0,3998.0
SAL003648,2026-06-16,STR001,PRD008,4,1499.0,5996.0
SAL003649,2026-06-16,STR001,PRD009,7,299.0,2093.0
SAL003650,2026-06-16,STR001,PRD011,3,1599.0,4797.0
SAL003651,2026-06-16,STR001,PRD013,2,249.0,498.0
SAL003652,2026-06-16,STR001,PRD014,1,899.0,899.0
SAL003653,2026-06-16,STR001,PRD015,3,449.0,1347.0
SAL003654,2026-06-16,STR001,PRD018,1,899.0,899.0
SAL003655,2026-06-16,STR001,PRD019,2,1399.0,2798.0
SAL003656,2026-06-16,STR001,PRD021,1,1099.0,1099.0
SAL003657,2026-06-16,STR001,PRD024,1,1499.0,1499.0
SAL003658,2026-06-16,STR001,PRD025,3,1899.0,5697.0
SAL003659,2026-06-16,STR001,PRD026,4,299.0,1196.0
SAL003660,2026-06-16,STR001,PRD029,2,349.0,698.0
SAL003661,2026-06-16,STR001,PRD032,2,699.0,1398.0
SAL003662,2026-06-16,STR001,PRD035,7,449.0,3143.0
SAL003663,2026-06-16,STR001,PRD036,7,329.0,2303.0
SAL003664,2026-06-16,STR001,PRD037,2,379.0,758.0
SAL003665,2026-06-16,STR001,PRD039,4,299.0,1196.0
SAL003666,2026-06-16,STR001,PRD040,7,249.0,1743.0
SAL003667,2026-06-16,STR002,PRD001,2,599.0,1198.0
SAL003668,2026-06-16,STR002,PRD002,3,2899.0,8697.0
SAL003669,2026-06-16,STR002,PRD004,3,1199.0,3597.0
SAL003670,2026-06-16,STR002,PRD007,2,1999.0,3998.0
SAL003671,2026-06-16,STR002,PRD008,5,1499.0,7495.0
SAL003672,2026-06-16,STR002,PRD009,2,299.0,598.0
SAL003673,2026-06-16,STR002,PRD011,5,1599.0,7995.0
SAL003674,2026-06-16,STR002,PRD012,1,199.0,199.0
SAL003675,2026-06-16,STR002,PRD013,3,249.0,747.0
SAL003676,2026-06-16,STR002,PRD015,5,449.0,2245.0
SAL003677,2026-06-16,STR002,PRD018,1,899.0,899.0
SAL003678,2026-06-16,STR002,PRD019,2,1399.0,2798.0
SAL003679,2026-06-16,STR002,PRD020,5,1499.0,7495.0
SAL003680,2026-06-16,STR002,PRD024,3,1499.0,4497.0
SAL003681,2026-06-16,STR002,PRD025,3,1899.0,5697.0
SAL003682,2026-06-16,STR002,PRD028,6,499.0,2994.0
SAL003683,2026-06-16,STR002,PRD030,3,199.0,597.0
SAL003684,2026-06-16,STR002,PRD031,5,999.0,4995.0
SAL003685,2026-06-16,STR002,PRD032,1,699.0,699.0
SAL003686,2026-06-16,STR002,PRD034,3,399.0,1197.0
SAL003687,2026-06-16,STR002,PRD035,1,449.0,449.0
SAL003688,2026-06-16,STR002,PRD036,3,329.0,987.0
SAL003689,2026-06-16,STR002,PRD037,5,379.0,1895.0
SAL003690,2026-06-16,STR002,PRD038,1,429.0,429.0
SAL003691,2026-06-16,STR002,PRD039,5,299.0,1495.0
SAL003692,2026-06-16,STR002,PRD040,8,249.0,1992.0
SAL003693,2026-06-16,STR003,PRD001,5,599.0,2995.0
SAL003694,2026-06-16,STR003,PRD002,2,2899.0,5798.0
SAL003695,2026-06-16,STR003,PRD003,3,3499.0,10497.0
SAL003696,2026-06-16,STR003,PRD004,5,1199.0,5995.0
SAL003697,2026-06-16,STR003,PRD006,1,1799.0,1799.0
SAL003698,2026-06-16,STR003,PRD007,2,1999.0,3998.0
SAL003699,2026-06-16,STR003,PRD008,1,1499.0,1499.0
SAL003700,2026-06-16,STR003,PRD011,1,1599.0,1599.0
SAL003701,2026-06-16,STR003,PRD012,4,199.0,796.0
SAL003702,2026-06-16,STR003,PRD013,1,249.0,249.0
SAL003703,2026-06-16,STR003,PRD014,2,899.0,1798.0
SAL003704,2026-06-16,STR003,PRD015,2,449.0,898.0
SAL003705,2026-06-16,STR003,PRD017,3,649.0,1947.0
SAL003706,2026-06-16,STR003,PRD020,2,1499.0,2998.0
SAL003707,2026-06-16,STR003,PRD021,4,1099.0,4396.0
SAL003708,2026-06-16,STR003,PRD025,1,1899.0,1899.0
SAL003709,2026-06-16,STR003,PRD026,4,299.0,1196.0
SAL003710,2026-06-16,STR003,PRD028,2,499.0,998.0
SAL003711,2026-06-16,STR003,PRD030,2,199.0,398.0
SAL003712,2026-06-16,STR003,PRD031,3,999.0,2997.0
SAL003713,2026-06-16,STR003,PRD033,1,849.0,849.0
SAL003714,2026-06-16,STR003,PRD036,5,329.0,1645.0
SAL003715,2026-06-16,STR003,PRD038,1,429.0,429.0
SAL003716,2026-06-16,STR003,PRD039,6,299.0,1794.0
SAL003717,2026-06-16,STR003,PRD040,4,249.0,996.0
SAL003718,2026-06-16,STR004,PRD001,6,599.0,3594.0
SAL003719,2026-06-16,STR004,PRD002,2,2899.0,5798.0
SAL003720,2026-06-16,STR004,PRD004,7,1199.0,8393.0
SAL003721,2026-06-16,STR004,PRD005,2,2299.0,4598.0
SAL003722,2026-06-16,STR004,PRD008,4,1499.0,5996.0
SAL003723,2026-06-16,STR004,PRD009,5,299.0,1495.0
SAL003724,2026-06-16,STR004,PRD010,2,1299.0,2598.0
SAL003725,2026-06-16,STR004,PRD011,3,1599.0,4797.0
SAL003726,2026-06-16,STR004,PRD017,1,649.0,649.0
SAL003727,2026-06-16,STR004,PRD018,2,899.0,1798.0
SAL003728,2026-06-16,STR004,PRD021,4,1099.0,4396.0
SAL003729,2026-06-16,STR004,PRD022,2,599.0,1198.0
SAL003730,2026-06-16,STR004,PRD023,1,1299.0,1299.0
SAL003731,2026-06-16,STR004,PRD024,4,1499.0,5996.0
SAL003732,2026-06-16,STR004,PRD028,5,499.0,2495.0
SAL003733,2026-06-16,STR004,PRD031,3,999.0,2997.0
SAL003734,2026-06-16,STR004,PRD034,3,399.0,1197.0
SAL003735,2026-06-16,STR004,PRD036,6,329.0,1974.0
SAL003736,2026-06-16,STR004,PRD039,5,299.0,1495.0
SAL003737,2026-06-16,STR004,PRD040,4,249.0,996.0
SAL003738,2026-06-17,STR001,PRD001,2,599.0,1198.0
SAL003739,2026-06-17,STR001,PRD002,2,2899.0,5798.0
SAL003740,2026-06-17,STR001,PRD003,2,3499.0,6998.0
SAL003741,2026-06-17,STR001,PRD004,4,1199.0,4796.0
SAL003742,2026-06-17,STR001,PRD007,4,1999.0,7996.0
SAL003743,2026-06-17,STR001,PRD008,3,1499.0,4497.0
SAL003744,2026-06-17,STR001,PRD009,2,299.0,598.0
SAL003745,2026-06-17,STR001,PRD010,8,1299.0,10392.0
SAL003746,2026-06-17,STR001,PRD011,4,1599.0,6396.0
SAL003747,2026-06-17,STR001,PRD012,4,199.0,796.0
SAL003748,2026-06-17,STR001,PRD013,1,249.0,249.0
SAL003749,2026-06-17,STR001,PRD014,1,899.0,899.0
SAL003750,2026-06-17,STR001,PRD015,3,449.0,1347.0
SAL003751,2026-06-17,STR001,PRD017,2,649.0,1298.0
SAL003752,2026-06-17,STR001,PRD020,2,1499.0,2998.0
SAL003753,2026-06-17,STR001,PRD021,1,1099.0,1099.0
SAL003754,2026-06-17,STR001,PRD023,3,1299.0,3897.0
SAL003755,2026-06-17,STR001,PRD024,4,1499.0,5996.0
SAL003756,2026-06-17,STR001,PRD025,1,1899.0,1899.0
SAL003757,2026-06-17,STR001,PRD028,3,499.0,1497.0
SAL003758,2026-06-17,STR001,PRD030,4,199.0,796.0
SAL003759,2026-06-17,STR001,PRD032,1,699.0,699.0
SAL003760,2026-06-17,STR001,PRD034,2,399.0,798.0
SAL003761,2026-06-17,STR001,PRD035,4,449.0,1796.0
SAL003762,2026-06-17,STR001,PRD036,7,329.0,2303.0
SAL003763,2026-06-17,STR001,PRD037,2,379.0,758.0
SAL003764,2026-06-17,STR001,PRD038,4,429.0,1716.0
SAL003765,2026-06-17,STR001,PRD039,6,299.0,1794.0
SAL003766,2026-06-17,STR001,PRD040,4,249.0,996.0
SAL003767,2026-06-17,STR002,PRD001,8,599.0,4792.0
SAL003768,2026-06-17,STR002,PRD003,5,3499.0,17495.0
SAL003769,2026-06-17,STR002,PRD004,6,1199.0,7194.0
SAL003770,2026-06-17,STR002,PRD005,3,2299.0,6897.0
SAL003771,2026-06-17,STR002,PRD006,5,1799.0,8995.0
SAL003772,2026-06-17,STR002,PRD007,3,1999.0,5997.0
SAL003773,2026-06-17,STR002,PRD009,3,299.0,897.0
SAL003774,2026-06-17,STR002,PRD011,3,1599.0,4797.0
SAL003775,2026-06-17,STR002,PRD012,5,199.0,995.0
SAL003776,2026-06-17,STR002,PRD013,1,249.0,249.0
SAL003777,2026-06-17,STR002,PRD016,1,1199.0,1199.0
SAL003778,2026-06-17,STR002,PRD017,3,649.0,1947.0
SAL003779,2026-06-17,STR002,PRD020,1,1499.0,1499.0
SAL003780,2026-06-17,STR002,PRD025,1,1899.0,1899.0
SAL003781,2026-06-17,STR002,PRD026,7,299.0,2093.0
SAL003782,2026-06-17,STR002,PRD027,5,179.0,895.0
SAL003783,2026-06-17,STR002,PRD028,3,499.0,1497.0
SAL003784,2026-06-17,STR002,PRD029,3,349.0,1047.0
SAL003785,2026-06-17,STR002,PRD030,2,199.0,398.0
SAL003786,2026-06-17,STR002,PRD033,1,849.0,849.0
SAL003787,2026-06-17,STR002,PRD034,1,399.0,399.0
SAL003788,2026-06-17,STR002,PRD036,2,329.0,658.0
SAL003789,2026-06-17,STR002,PRD037,5,379.0,1895.0
SAL003790,2026-06-17,STR002,PRD038,1,429.0,429.0
SAL003791,2026-06-17,STR002,PRD039,6,299.0,1794.0
SAL003792,2026-06-17,STR003,PRD001,6,599.0,3594.0
SAL003793,2026-06-17,STR003,PRD002,4,2899.0,11596.0
SAL003794,2026-06-17,STR003,PRD004,5,1199.0,5995.0
SAL003795,2026-06-17,STR003,PRD005,1,2299.0,2299.0
SAL003796,2026-06-17,STR003,PRD006,2,1799.0,3598.0
SAL003797,2026-06-17,STR003,PRD007,3,1999.0,5997.0
SAL003798,2026-06-17,STR003,PRD008,3,1499.0,4497.0
SAL003799,2026-06-17,STR003,PRD009,2,299.0,598.0
SAL003800,2026-06-17,STR003,PRD011,3,1599.0,4797.0
SAL003801,2026-06-17,STR003,PRD012,1,199.0,199.0
SAL003802,2026-06-17,STR003,PRD013,4,249.0,996.0
SAL003803,2026-06-17,STR003,PRD014,2,899.0,1798.0
SAL003804,2026-06-17,STR003,PRD015,4,449.0,1796.0
SAL003805,2026-06-17,STR003,PRD016,3,1199.0,3597.0
SAL003806,2026-06-17,STR003,PRD017,4,649.0,2596.0
SAL003807,2026-06-17,STR003,PRD018,2,899.0,1798.0
SAL003808,2026-06-17,STR003,PRD020,4,1499.0,5996.0
SAL003809,2026-06-17,STR003,PRD021,2,1099.0,2198.0
SAL003810,2026-06-17,STR003,PRD024,3,1499.0,4497.0
SAL003811,2026-06-17,STR003,PRD026,6,299.0,1794.0
SAL003812,2026-06-17,STR003,PRD027,2,179.0,358.0
SAL003813,2026-06-17,STR003,PRD028,4,499.0,1996.0
SAL003814,2026-06-17,STR003,PRD029,2,349.0,698.0
SAL003815,2026-06-17,STR003,PRD030,7,199.0,1393.0
SAL003816,2026-06-17,STR003,PRD031,4,999.0,3996.0
SAL003817,2026-06-17,STR003,PRD032,2,699.0,1398.0
SAL003818,2026-06-17,STR003,PRD034,2,399.0,798.0
SAL003819,2026-06-17,STR003,PRD038,2,429.0,858.0
SAL003820,2026-06-17,STR003,PRD039,6,299.0,1794.0
SAL003821,2026-06-17,STR004,PRD001,6,599.0,3594.0
SAL003822,2026-06-17,STR004,PRD003,1,3499.0,3499.0
SAL003823,2026-06-17,STR004,PRD005,1,2299.0,2299.0
SAL003824,2026-06-17,STR004,PRD007,5,1999.0,9995.0
SAL003825,2026-06-17,STR004,PRD008,2,1499.0,2998.0
SAL003826,2026-06-17,STR004,PRD012,2,199.0,398.0
SAL003827,2026-06-17,STR004,PRD017,3,649.0,1947.0
SAL003828,2026-06-17,STR004,PRD018,3,899.0,2697.0
SAL003829,2026-06-17,STR004,PRD019,2,1399.0,2798.0
SAL003830,2026-06-17,STR004,PRD023,4,1299.0,5196.0
SAL003831,2026-06-17,STR004,PRD024,2,1499.0,2998.0
SAL003832,2026-06-17,STR004,PRD025,4,1899.0,7596.0
SAL003833,2026-06-17,STR004,PRD026,4,299.0,1196.0
SAL003834,2026-06-17,STR004,PRD027,2,179.0,358.0
SAL003835,2026-06-17,STR004,PRD028,3,499.0,1497.0
SAL003836,2026-06-17,STR004,PRD029,1,349.0,349.0
SAL003837,2026-06-17,STR004,PRD030,7,199.0,1393.0
SAL003838,2026-06-17,STR004,PRD031,1,999.0,999.0
SAL003839,2026-06-17,STR004,PRD034,4,399.0,1596.0
SAL003840,2026-06-17,STR004,PRD037,4,379.0,1516.0
SAL003841,2026-06-17,STR004,PRD038,2,429.0,858.0
SAL003842,2026-06-17,STR004,PRD039,5,299.0,1495.0
SAL003843,2026-06-17,STR004,PRD040,4,249.0,996.0
SAL003844,2026-06-18,STR001,PRD001,6,599.0,3594.0
SAL003845,2026-06-18,STR001,PRD004,7,1199.0,8393.0
SAL003846,2026-06-18,STR001,PRD005,1,2299.0,2299.0
SAL003847,2026-06-18,STR001,PRD006,2,1799.0,3598.0
SAL003848,2026-06-18,STR001,PRD007,4,1999.0,7996.0
SAL003849,2026-06-18,STR001,PRD008,4,1499.0,5996.0
SAL003850,2026-06-18,STR001,PRD009,6,299.0,1794.0
SAL003851,2026-06-18,STR001,PRD010,4,1299.0,5196.0
SAL003852,2026-06-18,STR001,PRD011,3,1599.0,4797.0
SAL003853,2026-06-18,STR001,PRD013,3,249.0,747.0
SAL003854,2026-06-18,STR001,PRD014,1,899.0,899.0
SAL003855,2026-06-18,STR001,PRD016,2,1199.0,2398.0
SAL003856,2026-06-18,STR001,PRD020,1,1499.0,1499.0
SAL003857,2026-06-18,STR001,PRD021,1,1099.0,1099.0
SAL003858,2026-06-18,STR001,PRD026,5,299.0,1495.0
SAL003859,2026-06-18,STR001,PRD027,3,179.0,537.0
SAL003860,2026-06-18,STR001,PRD029,2,349.0,698.0
SAL003861,2026-06-18,STR001,PRD030,7,199.0,1393.0
SAL003862,2026-06-18,STR001,PRD031,1,999.0,999.0
SAL003863,2026-06-18,STR001,PRD033,1,849.0,849.0
SAL003864,2026-06-18,STR001,PRD034,1,399.0,399.0
SAL003865,2026-06-18,STR001,PRD036,6,329.0,1974.0
SAL003866,2026-06-18,STR001,PRD039,3,299.0,897.0
SAL003867,2026-06-18,STR001,PRD040,2,249.0,498.0
SAL003868,2026-06-18,STR002,PRD001,6,599.0,3594.0
SAL003869,2026-06-18,STR002,PRD002,3,2899.0,8697.0
SAL003870,2026-06-18,STR002,PRD003,3,3499.0,10497.0
SAL003871,2026-06-18,STR002,PRD004,3,1199.0,3597.0
SAL003872,2026-06-18,STR002,PRD005,1,2299.0,2299.0
SAL003873,2026-06-18,STR002,PRD006,2,1799.0,3598.0
SAL003874,2026-06-18,STR002,PRD007,6,1999.0,11994.0
SAL003875,2026-06-18,STR002,PRD009,7,299.0,2093.0
SAL003876,2026-06-18,STR002,PRD011,5,1599.0,7995.0
SAL003877,2026-06-18,STR002,PRD013,5,249.0,1245.0
SAL003878,2026-06-18,STR002,PRD015,1,449.0,449.0
SAL003879,2026-06-18,STR002,PRD018,1,899.0,899.0
SAL003880,2026-06-18,STR002,PRD021,1,1099.0,1099.0
SAL003881,2026-06-18,STR002,PRD023,1,1299.0,1299.0
SAL003882,2026-06-18,STR002,PRD025,2,1899.0,3798.0
SAL003883,2026-06-18,STR002,PRD026,2,299.0,598.0
SAL003884,2026-06-18,STR002,PRD027,5,179.0,895.0
SAL003885,2026-06-18,STR002,PRD028,2,499.0,998.0
SAL003886,2026-06-18,STR002,PRD029,2,349.0,698.0
SAL003887,2026-06-18,STR002,PRD031,5,999.0,4995.0
SAL003888,2026-06-18,STR002,PRD033,1,849.0,849.0
SAL003889,2026-06-18,STR002,PRD034,2,399.0,798.0
SAL003890,2026-06-18,STR002,PRD036,5,329.0,1645.0
SAL003891,2026-06-18,STR002,PRD039,5,299.0,1495.0
SAL003892,2026-06-18,STR003,PRD001,4,599.0,2396.0
SAL003893,2026-06-18,STR003,PRD003,3,3499.0,10497.0
SAL003894,2026-06-18,STR003,PRD004,6,1199.0,7194.0
SAL003895,2026-06-18,STR003,PRD006,4,1799.0,7196.0
SAL003896,2026-06-18,STR003,PRD009,3,299.0,897.0
SAL003897,2026-06-18,STR003,PRD012,3,199.0,597.0
SAL003898,2026-06-18,STR003,PRD014,2,899.0,1798.0
SAL003899,2026-06-18,STR003,PRD017,2,649.0,1298.0
SAL003900,2026-06-18,STR003,PRD020,1,1499.0,1499.0
SAL003901,2026-06-18,STR003,PRD021,1,1099.0,1099.0
SAL003902,2026-06-18,STR003,PRD024,1,1499.0,1499.0
SAL003903,2026-06-18,STR003,PRD025,4,1899.0,7596.0
SAL003904,2026-06-18,STR003,PRD026,5,299.0,1495.0
SAL003905,2026-06-18,STR003,PRD027,1,179.0,179.0
SAL003906,2026-06-18,STR003,PRD028,5,499.0,2495.0
SAL003907,2026-06-18,STR003,PRD029,4,349.0,1396.0
SAL003908,2026-06-18,STR003,PRD030,7,199.0,1393.0
SAL003909,2026-06-18,STR003,PRD031,3,999.0,2997.0
SAL003910,2026-06-18,STR003,PRD036,4,329.0,1316.0
SAL003911,2026-06-18,STR003,PRD039,4,299.0,1196.0
SAL003912,2026-06-18,STR003,PRD040,6,249.0,1494.0
SAL003913,2026-06-18,STR004,PRD001,5,599.0,2995.0
SAL003914,2026-06-18,STR004,PRD004,2,1199.0,2398.0
SAL003915,2026-06-18,STR004,PRD008,4,1499.0,5996.0
SAL003916,2026-06-18,STR004,PRD009,7,299.0,2093.0
SAL003917,2026-06-18,STR004,PRD011,2,1599.0,3198.0
SAL003918,2026-06-18,STR004,PRD013,2,249.0,498.0
SAL003919,2026-06-18,STR004,PRD014,1,899.0,899.0
SAL003920,2026-06-18,STR004,PRD015,3,449.0,1347.0
SAL003921,2026-06-18,STR004,PRD016,2,1199.0,2398.0
SAL003922,2026-06-18,STR004,PRD018,3,899.0,2697.0
SAL003923,2026-06-18,STR004,PRD021,3,1099.0,3297.0
SAL003924,2026-06-18,STR004,PRD025,3,1899.0,5697.0
SAL003925,2026-06-18,STR004,PRD026,3,299.0,897.0
SAL003926,2026-06-18,STR004,PRD027,1,179.0,179.0
SAL003927,2026-06-18,STR004,PRD028,5,499.0,2495.0
SAL003928,2026-06-18,STR004,PRD029,3,349.0,1047.0
SAL003929,2026-06-18,STR004,PRD030,6,199.0,1194.0
SAL003930,2026-06-18,STR004,PRD031,1,999.0,999.0
SAL003931,2026-06-18,STR004,PRD033,2,849.0,1698.0
SAL003932,2026-06-18,STR004,PRD036,4,329.0,1316.0
SAL003933,2026-06-18,STR004,PRD037,4,379.0,1516.0
SAL003934,2026-06-18,STR004,PRD038,2,429.0,858.0
SAL003935,2026-06-18,STR004,PRD039,6,299.0,1794.0
SAL003936,2026-06-18,STR004,PRD040,3,249.0,747.0
SAL003937,2026-06-19,STR001,PRD001,2,599.0,1198.0
SAL003938,2026-06-19,STR001,PRD002,4,2899.0,11596.0
SAL003939,2026-06-19,STR001,PRD003,1,3499.0,3499.0
SAL003940,2026-06-19,STR001,PRD004,3,1199.0,3597.0
SAL003941,2026-06-19,STR001,PRD005,3,2299.0,6897.0
SAL003942,2026-06-19,STR001,PRD008,3,1499.0,4497.0
SAL003943,2026-06-19,STR001,PRD009,2,299.0,598.0
SAL003944,2026-06-19,STR001,PRD010,6,1299.0,7794.0
SAL003945,2026-06-19,STR001,PRD011,4,1599.0,6396.0
SAL003946,2026-06-19,STR001,PRD012,1,199.0,199.0
SAL003947,2026-06-19,STR001,PRD013,3,249.0,747.0
SAL003948,2026-06-19,STR001,PRD017,4,649.0,2596.0
SAL003949,2026-06-19,STR001,PRD019,2,1399.0,2798.0
SAL003950,2026-06-19,STR001,PRD021,4,1099.0,4396.0
SAL003951,2026-06-19,STR001,PRD023,3,1299.0,3897.0
SAL003952,2026-06-19,STR001,PRD025,1,1899.0,1899.0
SAL003953,2026-06-19,STR001,PRD026,3,299.0,897.0
SAL003954,2026-06-19,STR001,PRD028,3,499.0,1497.0
SAL003955,2026-06-19,STR001,PRD030,7,199.0,1393.0
SAL003956,2026-06-19,STR001,PRD031,3,999.0,2997.0
SAL003957,2026-06-19,STR001,PRD035,5,449.0,2245.0
SAL003958,2026-06-19,STR001,PRD036,7,329.0,2303.0
SAL003959,2026-06-19,STR001,PRD037,1,379.0,379.0
SAL003960,2026-06-19,STR001,PRD040,6,249.0,1494.0
SAL003961,2026-06-19,STR002,PRD001,8,599.0,4792.0
SAL003962,2026-06-19,STR002,PRD002,1,2899.0,2899.0
SAL003963,2026-06-19,STR002,PRD004,2,1199.0,2398.0
SAL003964,2026-06-19,STR002,PRD007,5,1999.0,9995.0
SAL003965,2026-06-19,STR002,PRD008,3,1499.0,4497.0
SAL003966,2026-06-19,STR002,PRD009,5,299.0,1495.0
SAL003967,2026-06-19,STR002,PRD010,2,1299.0,2598.0
SAL003968,2026-06-19,STR002,PRD011,3,1599.0,4797.0
SAL003969,2026-06-19,STR002,PRD013,2,249.0,498.0
SAL003970,2026-06-19,STR002,PRD016,1,1199.0,1199.0
SAL003971,2026-06-19,STR002,PRD017,1,649.0,649.0
SAL003972,2026-06-19,STR002,PRD021,5,1099.0,5495.0
SAL003973,2026-06-19,STR002,PRD026,6,299.0,1794.0
SAL003974,2026-06-19,STR002,PRD028,5,499.0,2495.0
SAL003975,2026-06-19,STR002,PRD030,2,199.0,398.0
SAL003976,2026-06-19,STR002,PRD031,5,999.0,4995.0
SAL003977,2026-06-19,STR002,PRD033,2,849.0,1698.0
SAL003978,2026-06-19,STR002,PRD038,1,429.0,429.0
SAL003979,2026-06-19,STR002,PRD039,7,299.0,2093.0
SAL003980,2026-06-19,STR002,PRD040,6,249.0,1494.0
SAL003981,2026-06-19,STR003,PRD001,3,599.0,1797.0
SAL003982,2026-06-19,STR003,PRD004,3,1199.0,3597.0
SAL003983,2026-06-19,STR003,PRD006,4,1799.0,7196.0
SAL003984,2026-06-19,STR003,PRD008,4,1499.0,5996.0
SAL003985,2026-06-19,STR003,PRD009,3,299.0,897.0
SAL003986,2026-06-19,STR003,PRD011,3,1599.0,4797.0
SAL003987,2026-06-19,STR003,PRD015,3,449.0,1347.0
SAL003988,2026-06-19,STR003,PRD020,4,1499.0,5996.0
SAL003989,2026-06-19,STR003,PRD026,3,299.0,897.0
SAL003990,2026-06-19,STR003,PRD028,4,499.0,1996.0
SAL003991,2026-06-19,STR003,PRD030,4,199.0,796.0
SAL003992,2026-06-19,STR003,PRD031,3,999.0,2997.0
SAL003993,2026-06-19,STR003,PRD033,2,849.0,1698.0
SAL003994,2026-06-19,STR003,PRD034,1,399.0,399.0
SAL003995,2026-06-19,STR003,PRD039,4,299.0,1196.0
SAL003996,2026-06-19,STR003,PRD040,3,249.0,747.0
SAL003997,2026-06-19,STR004,PRD002,2,2899.0,5798.0
SAL003998,2026-06-19,STR004,PRD003,3,3499.0,10497.0
SAL003999,2026-06-19,STR004,PRD004,6,1199.0,7194.0
SAL004000,2026-06-19,STR004,PRD005,2,2299.0,4598.0
SAL004001,2026-06-19,STR004,PRD006,1,1799.0,1799.0
SAL004002,2026-06-19,STR004,PRD007,5,1999.0,9995.0
SAL004003,2026-06-19,STR004,PRD008,2,1499.0,2998.0
SAL004004,2026-06-19,STR004,PRD009,4,299.0,1196.0
SAL004005,2026-06-19,STR004,PRD014,1,899.0,899.0
SAL004006,2026-06-19,STR004,PRD016,2,1199.0,2398.0
SAL004007,2026-06-19,STR004,PRD017,1,649.0,649.0
SAL004008,2026-06-19,STR004,PRD021,1,1099.0,1099.0
SAL004009,2026-06-19,STR004,PRD023,4,1299.0,5196.0
SAL004010,2026-06-19,STR004,PRD025,4,1899.0,7596.0
SAL004011,2026-06-19,STR004,PRD026,2,299.0,598.0
SAL004012,2026-06-19,STR004,PRD029,4,349.0,1396.0
SAL004013,2026-06-19,STR004,PRD030,2,199.0,398.0
SAL004014,2026-06-19,STR004,PRD034,3,399.0,1197.0
SAL004015,2026-06-19,STR004,PRD036,3,329.0,987.0
SAL004016,2026-06-19,STR004,PRD038,3,429.0,1287.0
SAL004017,2026-06-19,STR004,PRD039,7,299.0,2093.0
SAL004018,2026-06-19,STR004,PRD040,7,249.0,1743.0
SAL004019,2026-06-20,STR001,PRD001,9,599.0,5391.0
SAL004020,2026-06-20,STR001,PRD004,3,1199.0,3597.0
SAL004021,2026-06-20,STR001,PRD007,3,1999.0,5997.0
SAL004022,2026-06-20,STR001,PRD009,4,299.0,1196.0
SAL004023,2026-06-20,STR001,PRD010,9,1299.0,11691.0
SAL004024,2026-06-20,STR001,PRD012,3,199.0,597.0
SAL004025,2026-06-20,STR001,PRD013,3,249.0,747.0
SAL004026,2026-06-20,STR001,PRD015,5,449.0,2245.0
SAL004027,2026-06-20,STR001,PRD016,3,1199.0,3597.0
SAL004028,2026-06-20,STR001,PRD018,4,899.0,3596.0
SAL004029,2026-06-20,STR001,PRD021,1,1099.0,1099.0
SAL004030,2026-06-20,STR001,PRD025,4,1899.0,7596.0
SAL004031,2026-06-20,STR001,PRD026,9,299.0,2691.0
SAL004032,2026-06-20,STR001,PRD028,7,499.0,3493.0
SAL004033,2026-06-20,STR001,PRD029,3,349.0,1047.0
SAL004034,2026-06-20,STR001,PRD034,5,399.0,1995.0
SAL004035,2026-06-20,STR001,PRD035,10,449.0,4490.0
SAL004036,2026-06-20,STR001,PRD036,3,329.0,987.0
SAL004037,2026-06-20,STR001,PRD037,4,379.0,1516.0
SAL004038,2026-06-20,STR001,PRD038,5,429.0,2145.0
SAL004039,2026-06-20,STR001,PRD039,9,299.0,2691.0
SAL004040,2026-06-20,STR001,PRD040,4,249.0,996.0
SAL004041,2026-06-20,STR002,PRD001,6,599.0,3594.0
SAL004042,2026-06-20,STR002,PRD003,6,3499.0,20994.0
SAL004043,2026-06-20,STR002,PRD004,7,1199.0,8393.0
SAL004044,2026-06-20,STR002,PRD007,4,1999.0,7996.0
SAL004045,2026-06-20,STR002,PRD008,4,1499.0,5996.0
SAL004046,2026-06-20,STR002,PRD009,7,299.0,2093.0
SAL004047,2026-06-20,STR002,PRD010,3,1299.0,3897.0
SAL004048,2026-06-20,STR002,PRD011,4,1599.0,6396.0
SAL004049,2026-06-20,STR002,PRD012,6,199.0,1194.0
SAL004050,2026-06-20,STR002,PRD013,4,249.0,996.0
SAL004051,2026-06-20,STR002,PRD015,3,449.0,1347.0
SAL004052,2026-06-20,STR002,PRD016,1,1199.0,1199.0
SAL004053,2026-06-20,STR002,PRD017,6,649.0,3894.0
SAL004054,2026-06-20,STR002,PRD018,1,899.0,899.0
SAL004055,2026-06-20,STR002,PRD021,4,1099.0,4396.0
SAL004056,2026-06-20,STR002,PRD022,1,599.0,599.0
SAL004057,2026-06-20,STR002,PRD024,6,1499.0,8994.0
SAL004058,2026-06-20,STR002,PRD025,4,1899.0,7596.0
SAL004059,2026-06-20,STR002,PRD028,3,499.0,1497.0
SAL004060,2026-06-20,STR002,PRD029,4,349.0,1396.0
SAL004061,2026-06-20,STR002,PRD030,4,199.0,796.0
SAL004062,2026-06-20,STR002,PRD034,3,399.0,1197.0
SAL004063,2026-06-20,STR002,PRD036,4,329.0,1316.0
SAL004064,2026-06-20,STR002,PRD038,1,429.0,429.0
SAL004065,2026-06-20,STR002,PRD039,3,299.0,897.0
SAL004066,2026-06-20,STR002,PRD040,9,249.0,2241.0
SAL004067,2026-06-20,STR003,PRD001,6,599.0,3594.0
SAL004068,2026-06-20,STR003,PRD003,4,3499.0,13996.0
SAL004069,2026-06-20,STR003,PRD004,4,1199.0,4796.0
SAL004070,2026-06-20,STR003,PRD007,2,1999.0,3998.0
SAL004071,2026-06-20,STR003,PRD009,6,299.0,1794.0
SAL004072,2026-06-20,STR003,PRD010,2,1299.0,2598.0
SAL004073,2026-06-20,STR003,PRD012,5,199.0,995.0
SAL004074,2026-06-20,STR003,PRD013,2,249.0,498.0
SAL004075,2026-06-20,STR003,PRD014,2,899.0,1798.0
SAL004076,2026-06-20,STR003,PRD015,4,449.0,1796.0
SAL004077,2026-06-20,STR003,PRD017,1,649.0,649.0
SAL004078,2026-06-20,STR003,PRD018,2,899.0,1798.0
SAL004079,2026-06-20,STR003,PRD019,2,1399.0,2798.0
SAL004080,2026-06-20,STR003,PRD021,5,1099.0,5495.0
SAL004081,2026-06-20,STR003,PRD023,5,1299.0,6495.0
SAL004082,2026-06-20,STR003,PRD025,2,1899.0,3798.0
SAL004083,2026-06-20,STR003,PRD026,6,299.0,1794.0
SAL004084,2026-06-20,STR003,PRD030,6,199.0,1194.0
SAL004085,2026-06-20,STR003,PRD031,1,999.0,999.0
SAL004086,2026-06-20,STR003,PRD034,1,399.0,399.0
SAL004087,2026-06-20,STR003,PRD036,8,329.0,2632.0
SAL004088,2026-06-20,STR003,PRD038,2,429.0,858.0
SAL004089,2026-06-20,STR003,PRD039,6,299.0,1794.0
SAL004090,2026-06-20,STR003,PRD040,2,249.0,498.0
SAL004091,2026-06-20,STR004,PRD001,7,599.0,4193.0
SAL004092,2026-06-20,STR004,PRD003,2,3499.0,6998.0
SAL004093,2026-06-20,STR004,PRD004,6,1199.0,7194.0
SAL004094,2026-06-20,STR004,PRD005,2,2299.0,4598.0
SAL004095,2026-06-20,STR004,PRD008,5,1499.0,7495.0
SAL004096,2026-06-20,STR004,PRD010,1,1299.0,1299.0
SAL004097,2026-06-20,STR004,PRD013,4,249.0,996.0
SAL004098,2026-06-20,STR004,PRD015,5,449.0,2245.0
SAL004099,2026-06-20,STR004,PRD017,1,649.0,649.0
SAL004100,2026-06-20,STR004,PRD020,2,1499.0,2998.0
SAL004101,2026-06-20,STR004,PRD022,1,599.0,599.0
SAL004102,2026-06-20,STR004,PRD023,5,1299.0,6495.0
SAL004103,2026-06-20,STR004,PRD025,5,1899.0,9495.0
SAL004104,2026-06-20,STR004,PRD026,9,299.0,2691.0
SAL004105,2026-06-20,STR004,PRD028,6,499.0,2994.0
SAL004106,2026-06-20,STR004,PRD029,4,349.0,1396.0
SAL004107,2026-06-20,STR004,PRD030,5,199.0,995.0
SAL004108,2026-06-20,STR004,PRD034,4,399.0,1596.0
SAL004109,2026-06-20,STR004,PRD036,5,329.0,1645.0
SAL004110,2026-06-20,STR004,PRD037,2,379.0,758.0
SAL004111,2026-06-20,STR004,PRD040,7,249.0,1743.0
SAL004112,2026-06-21,STR001,PRD001,7,599.0,4193.0
SAL004113,2026-06-21,STR001,PRD002,4,2899.0,11596.0
SAL004114,2026-06-21,STR001,PRD004,4,1199.0,4796.0
SAL004115,2026-06-21,STR001,PRD005,4,2299.0,9196.0
SAL004116,2026-06-21,STR001,PRD007,7,1999.0,13993.0
SAL004117,2026-06-21,STR001,PRD008,5,1499.0,7495.0
SAL004118,2026-06-21,STR001,PRD009,3,299.0,897.0
SAL004119,2026-06-21,STR001,PRD010,7,1299.0,9093.0
SAL004120,2026-06-21,STR001,PRD011,1,1599.0,1599.0
SAL004121,2026-06-21,STR001,PRD012,4,199.0,796.0
SAL004122,2026-06-21,STR001,PRD013,5,249.0,1245.0
SAL004123,2026-06-21,STR001,PRD015,3,449.0,1347.0
SAL004124,2026-06-21,STR001,PRD016,1,1199.0,1199.0
SAL004125,2026-06-21,STR001,PRD018,3,899.0,2697.0
SAL004126,2026-06-21,STR001,PRD020,5,1499.0,7495.0
SAL004127,2026-06-21,STR001,PRD024,3,1499.0,4497.0
SAL004128,2026-06-21,STR001,PRD025,3,1899.0,5697.0
SAL004129,2026-06-21,STR001,PRD026,5,299.0,1495.0
SAL004130,2026-06-21,STR001,PRD028,7,499.0,3493.0
SAL004131,2026-06-21,STR001,PRD029,4,349.0,1396.0
SAL004132,2026-06-21,STR001,PRD034,1,399.0,399.0
SAL004133,2026-06-21,STR001,PRD035,7,449.0,3143.0
SAL004134,2026-06-21,STR001,PRD036,8,329.0,2632.0
SAL004135,2026-06-21,STR001,PRD037,3,379.0,1137.0
SAL004136,2026-06-21,STR001,PRD038,1,429.0,429.0
SAL004137,2026-06-21,STR001,PRD039,3,299.0,897.0
SAL004138,2026-06-21,STR001,PRD040,7,249.0,1743.0
SAL004139,2026-06-21,STR002,PRD001,7,599.0,4193.0
SAL004140,2026-06-21,STR002,PRD002,1,2899.0,2899.0
SAL004141,2026-06-21,STR002,PRD003,6,3499.0,20994.0
SAL004142,2026-06-21,STR002,PRD004,7,1199.0,8393.0
SAL004143,2026-06-21,STR002,PRD006,4,1799.0,7196.0
SAL004144,2026-06-21,STR002,PRD007,4,1999.0,7996.0
SAL004145,2026-06-21,STR002,PRD009,6,299.0,1794.0
SAL004146,2026-06-21,STR002,PRD012,6,199.0,1194.0
SAL004147,2026-06-21,STR002,PRD014,1,899.0,899.0
SAL004148,2026-06-21,STR002,PRD015,6,449.0,2694.0
SAL004149,2026-06-21,STR002,PRD017,4,649.0,2596.0
SAL004150,2026-06-21,STR002,PRD020,6,1499.0,8994.0
SAL004151,2026-06-21,STR002,PRD021,3,1099.0,3297.0
SAL004152,2026-06-21,STR002,PRD023,1,1299.0,1299.0
SAL004153,2026-06-21,STR002,PRD024,4,1499.0,5996.0
SAL004154,2026-06-21,STR002,PRD025,1,1899.0,1899.0
SAL004155,2026-06-21,STR002,PRD026,6,299.0,1794.0
SAL004156,2026-06-21,STR002,PRD027,4,179.0,716.0
SAL004157,2026-06-21,STR002,PRD029,1,349.0,349.0
SAL004158,2026-06-21,STR002,PRD030,3,199.0,597.0
SAL004159,2026-06-21,STR002,PRD036,3,329.0,987.0
SAL004160,2026-06-21,STR003,PRD003,5,3499.0,17495.0
SAL004161,2026-06-21,STR003,PRD004,8,1199.0,9592.0
SAL004162,2026-06-21,STR003,PRD007,2,1999.0,3998.0
SAL004163,2026-06-21,STR003,PRD009,8,299.0,2392.0
SAL004164,2026-06-21,STR003,PRD012,5,199.0,995.0
SAL004165,2026-06-21,STR003,PRD014,2,899.0,1798.0
SAL004166,2026-06-21,STR003,PRD016,1,1199.0,1199.0
SAL004167,2026-06-21,STR003,PRD018,1,899.0,899.0
SAL004168,2026-06-21,STR003,PRD021,4,1099.0,4396.0
SAL004169,2026-06-21,STR003,PRD023,4,1299.0,5196.0
SAL004170,2026-06-21,STR003,PRD024,5,1499.0,7495.0
SAL004171,2026-06-21,STR003,PRD025,1,1899.0,1899.0
SAL004172,2026-06-21,STR003,PRD026,7,299.0,2093.0
SAL004173,2026-06-21,STR003,PRD027,4,179.0,716.0
SAL004174,2026-06-21,STR003,PRD028,6,499.0,2994.0
SAL004175,2026-06-21,STR003,PRD029,2,349.0,698.0
SAL004176,2026-06-21,STR003,PRD030,6,199.0,1194.0
SAL004177,2026-06-21,STR003,PRD031,1,999.0,999.0
SAL004178,2026-06-21,STR003,PRD034,5,399.0,1995.0
SAL004179,2026-06-21,STR003,PRD036,7,329.0,2303.0
SAL004180,2026-06-21,STR003,PRD038,1,429.0,429.0
SAL004181,2026-06-21,STR003,PRD039,2,299.0,598.0
SAL004182,2026-06-21,STR003,PRD040,7,249.0,1743.0
SAL004183,2026-06-21,STR004,PRD001,2,599.0,1198.0
SAL004184,2026-06-21,STR004,PRD004,5,1199.0,5995.0
SAL004185,2026-06-21,STR004,PRD005,4,2299.0,9196.0
SAL004186,2026-06-21,STR004,PRD007,4,1999.0,7996.0
SAL004187,2026-06-21,STR004,PRD009,5,299.0,1495.0
SAL004188,2026-06-21,STR004,PRD010,2,1299.0,2598.0
SAL004189,2026-06-21,STR004,PRD011,2,1599.0,3198.0
SAL004190,2026-06-21,STR004,PRD013,2,249.0,498.0
SAL004191,2026-06-21,STR004,PRD015,4,449.0,1796.0
SAL004192,2026-06-21,STR004,PRD016,5,1199.0,5995.0
SAL004193,2026-06-21,STR004,PRD017,5,649.0,3245.0
SAL004194,2026-06-21,STR004,PRD018,2,899.0,1798.0
SAL004195,2026-06-21,STR004,PRD021,2,1099.0,2198.0
SAL004196,2026-06-21,STR004,PRD022,2,599.0,1198.0
SAL004197,2026-06-21,STR004,PRD023,2,1299.0,2598.0
SAL004198,2026-06-21,STR004,PRD025,4,1899.0,7596.0
SAL004199,2026-06-21,STR004,PRD026,9,299.0,2691.0
SAL004200,2026-06-21,STR004,PRD028,5,499.0,2495.0
SAL004201,2026-06-21,STR004,PRD029,2,349.0,698.0
SAL004202,2026-06-21,STR004,PRD030,6,199.0,1194.0
SAL004203,2026-06-21,STR004,PRD031,1,999.0,999.0
SAL004204,2026-06-21,STR004,PRD034,5,399.0,1995.0
SAL004205,2026-06-21,STR004,PRD036,6,329.0,1974.0
SAL004206,2026-06-21,STR004,PRD039,2,299.0,598.0
SAL004207,2026-06-21,STR004,PRD040,2,249.0,498.0
SAL004208,2026-06-22,STR001,PRD001,5,599.0,2995.0
SAL004209,2026-06-22,STR001,PRD002,1,2899.0,2899.0
SAL004210,2026-06-22,STR001,PRD003,3,3499.0,10497.0
SAL004211,2026-06-22,STR001,PRD004,5,1199.0,5995.0
SAL004212,2026-06-22,STR001,PRD005,1,2299.0,2299.0
SAL004213,2026-06-22,STR001,PRD006,4,1799.0,7196.0
SAL004214,2026-06-22,STR001,PRD007,5,1999.0,9995.0
SAL004215,2026-06-22,STR001,PRD009,3,299.0,897.0
SAL004216,2026-06-22,STR001,PRD010,6,1299.0,7794.0
SAL004217,2026-06-22,STR001,PRD012,4,199.0,796.0
SAL004218,2026-06-22,STR001,PRD013,2,249.0,498.0
SAL004219,2026-06-22,STR001,PRD016,4,1199.0,4796.0
SAL004220,2026-06-22,STR001,PRD017,3,649.0,1947.0
SAL004221,2026-06-22,STR001,PRD020,2,1499.0,2998.0
SAL004222,2026-06-22,STR001,PRD025,2,1899.0,3798.0
SAL004223,2026-06-22,STR001,PRD026,4,299.0,1196.0
SAL004224,2026-06-22,STR001,PRD028,2,499.0,998.0
SAL004225,2026-06-22,STR001,PRD029,2,349.0,698.0
SAL004226,2026-06-22,STR001,PRD030,5,199.0,995.0
SAL004227,2026-06-22,STR001,PRD031,4,999.0,3996.0
SAL004228,2026-06-22,STR001,PRD032,1,699.0,699.0
SAL004229,2026-06-22,STR001,PRD033,1,849.0,849.0
SAL004230,2026-06-22,STR001,PRD034,1,399.0,399.0
SAL004231,2026-06-22,STR001,PRD035,5,449.0,2245.0
SAL004232,2026-06-22,STR001,PRD036,7,329.0,2303.0
SAL004233,2026-06-22,STR001,PRD037,3,379.0,1137.0
SAL004234,2026-06-22,STR001,PRD038,2,429.0,858.0
SAL004235,2026-06-22,STR001,PRD039,5,299.0,1495.0
SAL004236,2026-06-22,STR001,PRD040,5,249.0,1245.0
SAL004237,2026-06-22,STR002,PRD001,6,599.0,3594.0
SAL004238,2026-06-22,STR002,PRD004,2,1199.0,2398.0
SAL004239,2026-06-22,STR002,PRD005,2,2299.0,4598.0
SAL004240,2026-06-22,STR002,PRD007,5,1999.0,9995.0
SAL004241,2026-06-22,STR002,PRD009,8,299.0,2392.0
SAL004242,2026-06-22,STR002,PRD011,1,1599.0,1599.0
SAL004243,2026-06-22,STR002,PRD012,1,199.0,199.0
SAL004244,2026-06-22,STR002,PRD013,2,249.0,498.0
SAL004245,2026-06-22,STR002,PRD015,3,449.0,1347.0
SAL004246,2026-06-22,STR002,PRD016,1,1199.0,1199.0
SAL004247,2026-06-22,STR002,PRD021,2,1099.0,2198.0
SAL004248,2026-06-22,STR002,PRD022,2,599.0,1198.0
SAL004249,2026-06-22,STR002,PRD023,3,1299.0,3897.0
SAL004250,2026-06-22,STR002,PRD024,2,1499.0,2998.0
SAL004251,2026-06-22,STR002,PRD025,3,1899.0,5697.0
SAL004252,2026-06-22,STR002,PRD026,8,299.0,2392.0
SAL004253,2026-06-22,STR002,PRD028,6,499.0,2994.0
SAL004254,2026-06-22,STR002,PRD029,5,349.0,1745.0
SAL004255,2026-06-22,STR002,PRD030,2,199.0,398.0
SAL004256,2026-06-22,STR002,PRD031,1,999.0,999.0
SAL004257,2026-06-22,STR002,PRD036,3,329.0,987.0
SAL004258,2026-06-22,STR002,PRD037,5,379.0,1895.0
SAL004259,2026-06-22,STR002,PRD039,8,299.0,2392.0
SAL004260,2026-06-22,STR003,PRD001,2,599.0,1198.0
SAL004261,2026-06-22,STR003,PRD002,3,2899.0,8697.0
SAL004262,2026-06-22,STR003,PRD004,5,1199.0,5995.0
SAL004263,2026-06-22,STR003,PRD010,1,1299.0,1299.0
SAL004264,2026-06-22,STR003,PRD012,4,199.0,796.0
SAL004265,2026-06-22,STR003,PRD014,1,899.0,899.0
SAL004266,2026-06-22,STR003,PRD015,3,449.0,1347.0
SAL004267,2026-06-22,STR003,PRD016,4,1199.0,4796.0
SAL004268,2026-06-22,STR003,PRD017,4,649.0,2596.0
SAL004269,2026-06-22,STR003,PRD018,1,899.0,899.0
SAL004270,2026-06-22,STR003,PRD020,1,1499.0,1499.0
SAL004271,2026-06-22,STR003,PRD023,3,1299.0,3897.0
SAL004272,2026-06-22,STR003,PRD026,4,299.0,1196.0
SAL004273,2026-06-22,STR003,PRD027,3,179.0,537.0
SAL004274,2026-06-22,STR003,PRD028,5,499.0,2495.0
SAL004275,2026-06-22,STR003,PRD029,1,349.0,349.0
SAL004276,2026-06-22,STR003,PRD030,4,199.0,796.0
SAL004277,2026-06-22,STR003,PRD034,1,399.0,399.0
SAL004278,2026-06-22,STR003,PRD035,1,449.0,449.0
SAL004279,2026-06-22,STR003,PRD036,5,329.0,1645.0
SAL004280,2026-06-22,STR003,PRD038,4,429.0,1716.0
SAL004281,2026-06-22,STR003,PRD039,3,299.0,897.0
SAL004282,2026-06-22,STR004,PRD004,2,1199.0,2398.0
SAL004283,2026-06-22,STR004,PRD005,2,2299.0,4598.0
SAL004284,2026-06-22,STR004,PRD006,1,1799.0,1799.0
SAL004285,2026-06-22,STR004,PRD007,2,1999.0,3998.0
SAL004286,2026-06-22,STR004,PRD008,3,1499.0,4497.0
SAL004287,2026-06-22,STR004,PRD009,2,299.0,598.0
SAL004288,2026-06-22,STR004,PRD010,2,1299.0,2598.0
SAL004289,2026-06-22,STR004,PRD013,4,249.0,996.0
SAL004290,2026-06-22,STR004,PRD022,2,599.0,1198.0
SAL004291,2026-06-22,STR004,PRD023,4,1299.0,5196.0
SAL004292,2026-06-22,STR004,PRD024,2,1499.0,2998.0
SAL004293,2026-06-22,STR004,PRD025,1,1899.0,1899.0
SAL004294,2026-06-22,STR004,PRD026,3,299.0,897.0
SAL004295,2026-06-22,STR004,PRD028,5,499.0,2495.0
SAL004296,2026-06-22,STR004,PRD029,4,349.0,1396.0
SAL004297,2026-06-22,STR004,PRD030,4,199.0,796.0
SAL004298,2026-06-22,STR004,PRD031,3,999.0,2997.0
SAL004299,2026-06-22,STR004,PRD032,1,699.0,699.0
SAL004300,2026-06-22,STR004,PRD033,2,849.0,1698.0
SAL004301,2026-06-22,STR004,PRD034,3,399.0,1197.0
SAL004302,2026-06-22,STR004,PRD036,5,329.0,1645.0
SAL004303,2026-06-22,STR004,PRD039,5,299.0,1495.0
SAL004304,2026-06-22,STR004,PRD040,6,249.0,1494.0
SAL004305,2026-06-23,STR001,PRD001,4,599.0,2396.0
SAL004306,2026-06-23,STR001,PRD002,4,2899.0,11596.0
SAL004307,2026-06-23,STR001,PRD003,4,3499.0,13996.0
SAL004308,2026-06-23,STR001,PRD004,7,1199.0,8393.0
SAL004309,2026-06-23,STR001,PRD005,2,2299.0,4598.0
SAL004310,2026-06-23,STR001,PRD006,1,1799.0,1799.0
SAL004311,2026-06-23,STR001,PRD007,2,1999.0,3998.0
SAL004312,2026-06-23,STR001,PRD008,3,1499.0,4497.0
SAL004313,2026-06-23,STR001,PRD009,7,299.0,2093.0
SAL004314,2026-06-23,STR001,PRD011,3,1599.0,4797.0
SAL004315,2026-06-23,STR001,PRD013,4,249.0,996.0
SAL004316,2026-06-23,STR001,PRD014,1,899.0,899.0
SAL004317,2026-06-23,STR001,PRD017,1,649.0,649.0
SAL004318,2026-06-23,STR001,PRD023,4,1299.0,5196.0
SAL004319,2026-06-23,STR001,PRD026,3,299.0,897.0
SAL004320,2026-06-23,STR001,PRD027,1,179.0,179.0
SAL004321,2026-06-23,STR001,PRD028,3,499.0,1497.0
SAL004322,2026-06-23,STR001,PRD030,7,199.0,1393.0
SAL004323,2026-06-23,STR001,PRD034,3,399.0,1197.0
SAL004324,2026-06-23,STR001,PRD035,6,449.0,2694.0
SAL004325,2026-06-23,STR001,PRD036,7,329.0,2303.0
SAL004326,2026-06-23,STR001,PRD039,4,299.0,1196.0
SAL004327,2026-06-23,STR001,PRD040,6,249.0,1494.0
SAL004328,2026-06-23,STR002,PRD001,6,599.0,3594.0
SAL004329,2026-06-23,STR002,PRD002,5,2899.0,14495.0
SAL004330,2026-06-23,STR002,PRD003,5,3499.0,17495.0
SAL004331,2026-06-23,STR002,PRD004,3,1199.0,3597.0
SAL004332,2026-06-23,STR002,PRD005,1,2299.0,2299.0
SAL004333,2026-06-23,STR002,PRD006,3,1799.0,5397.0
SAL004334,2026-06-23,STR002,PRD009,2,299.0,598.0
SAL004335,2026-06-23,STR002,PRD013,1,249.0,249.0
SAL004336,2026-06-23,STR002,PRD015,1,449.0,449.0
SAL004337,2026-06-23,STR002,PRD020,5,1499.0,7495.0
SAL004338,2026-06-23,STR002,PRD023,5,1299.0,6495.0
SAL004339,2026-06-23,STR002,PRD027,3,179.0,537.0
SAL004340,2026-06-23,STR002,PRD029,5,349.0,1745.0
SAL004341,2026-06-23,STR002,PRD035,2,449.0,898.0
SAL004342,2026-06-23,STR002,PRD036,8,329.0,2632.0
SAL004343,2026-06-23,STR002,PRD039,6,299.0,1794.0
SAL004344,2026-06-23,STR002,PRD040,2,249.0,498.0
SAL004345,2026-06-23,STR003,PRD001,4,599.0,2396.0
SAL004346,2026-06-23,STR003,PRD004,7,1199.0,8393.0
SAL004347,2026-06-23,STR003,PRD006,1,1799.0,1799.0
SAL004348,2026-06-23,STR003,PRD007,5,1999.0,9995.0
SAL004349,2026-06-23,STR003,PRD011,4,1599.0,6396.0
SAL004350,2026-06-23,STR003,PRD021,4,1099.0,4396.0
SAL004351,2026-06-23,STR003,PRD024,4,1499.0,5996.0
SAL004352,2026-06-23,STR003,PRD026,7,299.0,2093.0
SAL004353,2026-06-23,STR003,PRD027,1,179.0,179.0
SAL004354,2026-06-23,STR003,PRD028,4,499.0,1996.0
SAL004355,2026-06-23,STR003,PRD030,2,199.0,398.0
SAL004356,2026-06-23,STR003,PRD034,2,399.0,798.0
SAL004357,2026-06-23,STR003,PRD036,2,329.0,658.0
SAL004358,2026-06-23,STR003,PRD037,1,379.0,379.0
SAL004359,2026-06-23,STR003,PRD038,4,429.0,1716.0
SAL004360,2026-06-23,STR003,PRD039,4,299.0,1196.0
SAL004361,2026-06-23,STR003,PRD040,7,249.0,1743.0
SAL004362,2026-06-23,STR004,PRD001,5,599.0,2995.0
SAL004363,2026-06-23,STR004,PRD004,3,1199.0,3597.0
SAL004364,2026-06-23,STR004,PRD005,2,2299.0,4598.0
SAL004365,2026-06-23,STR004,PRD006,3,1799.0,5397.0
SAL004366,2026-06-23,STR004,PRD007,4,1999.0,7996.0
SAL004367,2026-06-23,STR004,PRD008,2,1499.0,2998.0
SAL004368,2026-06-23,STR004,PRD009,4,299.0,1196.0
SAL004369,2026-06-23,STR004,PRD011,3,1599.0,4797.0
SAL004370,2026-06-23,STR004,PRD012,2,199.0,398.0
SAL004371,2026-06-23,STR004,PRD013,3,249.0,747.0
SAL004372,2026-06-23,STR004,PRD015,2,449.0,898.0
SAL004373,2026-06-23,STR004,PRD016,2,1199.0,2398.0
SAL004374,2026-06-23,STR004,PRD018,1,899.0,899.0
SAL004375,2026-06-23,STR004,PRD023,2,1299.0,2598.0
SAL004376,2026-06-23,STR004,PRD026,6,299.0,1794.0
SAL004377,2026-06-23,STR004,PRD027,3,179.0,537.0
SAL004378,2026-06-23,STR004,PRD028,5,499.0,2495.0
SAL004379,2026-06-23,STR004,PRD031,4,999.0,3996.0
SAL004380,2026-06-23,STR004,PRD033,1,849.0,849.0
SAL004381,2026-06-23,STR004,PRD034,3,399.0,1197.0
SAL004382,2026-06-23,STR004,PRD035,1,449.0,449.0
SAL004383,2026-06-23,STR004,PRD036,7,329.0,2303.0
SAL004384,2026-06-23,STR004,PRD039,5,299.0,1495.0
SAL004385,2026-06-23,STR004,PRD040,7,249.0,1743.0
SAL004386,2026-06-24,STR001,PRD001,7,599.0,4193.0
SAL004387,2026-06-24,STR001,PRD004,3,1199.0,3597.0
SAL004388,2026-06-24,STR001,PRD006,1,1799.0,1799.0
SAL004389,2026-06-24,STR001,PRD007,2,1999.0,3998.0
SAL004390,2026-06-24,STR001,PRD009,4,299.0,1196.0
SAL004391,2026-06-24,STR001,PRD010,8,1299.0,10392.0
SAL004392,2026-06-24,STR001,PRD012,1,199.0,199.0
SAL004393,2026-06-24,STR001,PRD014,1,899.0,899.0
SAL004394,2026-06-24,STR001,PRD015,2,449.0,898.0
SAL004395,2026-06-24,STR001,PRD018,3,899.0,2697.0
SAL004396,2026-06-24,STR001,PRD020,3,1499.0,4497.0
SAL004397,2026-06-24,STR001,PRD022,1,599.0,599.0
SAL004398,2026-06-24,STR001,PRD026,4,299.0,1196.0
SAL004399,2026-06-24,STR001,PRD027,2,179.0,358.0
SAL004400,2026-06-24,STR001,PRD028,5,499.0,2495.0
SAL004401,2026-06-24,STR001,PRD029,1,349.0,349.0
SAL004402,2026-06-24,STR001,PRD030,7,199.0,1393.0
SAL004403,2026-06-24,STR001,PRD031,4,999.0,3996.0
SAL004404,2026-06-24,STR001,PRD032,1,699.0,699.0
SAL004405,2026-06-24,STR001,PRD034,2,399.0,798.0
SAL004406,2026-06-24,STR001,PRD035,6,449.0,2694.0
SAL004407,2026-06-24,STR001,PRD036,6,329.0,1974.0
SAL004408,2026-06-24,STR001,PRD037,1,379.0,379.0
SAL004409,2026-06-24,STR001,PRD039,7,299.0,2093.0
SAL004410,2026-06-24,STR001,PRD040,7,249.0,1743.0
SAL004411,2026-06-24,STR002,PRD001,6,599.0,3594.0
SAL004412,2026-06-24,STR002,PRD003,5,3499.0,17495.0
SAL004413,2026-06-24,STR002,PRD004,6,1199.0,7194.0
SAL004414,2026-06-24,STR002,PRD006,5,1799.0,8995.0
SAL004415,2026-06-24,STR002,PRD007,5,1999.0,9995.0
SAL004416,2026-06-24,STR002,PRD008,2,1499.0,2998.0
SAL004417,2026-06-24,STR002,PRD009,8,299.0,2392.0
SAL004418,2026-06-24,STR002,PRD011,5,1599.0,7995.0
SAL004419,2026-06-24,STR002,PRD012,2,199.0,398.0
SAL004420,2026-06-24,STR002,PRD013,3,249.0,747.0
SAL004421,2026-06-24,STR002,PRD015,5,449.0,2245.0
SAL004422,2026-06-24,STR002,PRD016,1,1199.0,1199.0
SAL004423,2026-06-24,STR002,PRD019,2,1399.0,2798.0
SAL004424,2026-06-24,STR002,PRD020,2,1499.0,2998.0
SAL004425,2026-06-24,STR002,PRD021,1,1099.0,1099.0
SAL004426,2026-06-24,STR002,PRD023,3,1299.0,3897.0
SAL004427,2026-06-24,STR002,PRD024,5,1499.0,7495.0
SAL004428,2026-06-24,STR002,PRD025,3,1899.0,5697.0
SAL004429,2026-06-24,STR002,PRD027,2,179.0,358.0
SAL004430,2026-06-24,STR002,PRD028,3,499.0,1497.0
SAL004431,2026-06-24,STR002,PRD030,3,199.0,597.0
SAL004432,2026-06-24,STR002,PRD032,2,699.0,1398.0
SAL004433,2026-06-24,STR002,PRD036,5,329.0,1645.0
SAL004434,2026-06-24,STR002,PRD037,3,379.0,1137.0
SAL004435,2026-06-24,STR002,PRD038,3,429.0,1287.0
SAL004436,2026-06-24,STR002,PRD039,5,299.0,1495.0
SAL004437,2026-06-24,STR002,PRD040,5,249.0,1245.0
SAL004438,2026-06-24,STR003,PRD001,5,599.0,2995.0
SAL004439,2026-06-24,STR003,PRD004,5,1199.0,5995.0
SAL004440,2026-06-24,STR003,PRD005,2,2299.0,4598.0
SAL004441,2026-06-24,STR003,PRD006,2,1799.0,3598.0
SAL004442,2026-06-24,STR003,PRD009,7,299.0,2093.0
SAL004443,2026-06-24,STR003,PRD010,2,1299.0,2598.0
SAL004444,2026-06-24,STR003,PRD011,3,1599.0,4797.0
SAL004445,2026-06-24,STR003,PRD012,4,199.0,796.0
SAL004446,2026-06-24,STR003,PRD016,2,1199.0,2398.0
SAL004447,2026-06-24,STR003,PRD018,2,899.0,1798.0
SAL004448,2026-06-24,STR003,PRD019,1,1399.0,1399.0
SAL004449,2026-06-24,STR003,PRD020,4,1499.0,5996.0
SAL004450,2026-06-24,STR003,PRD026,7,299.0,2093.0
SAL004451,2026-06-24,STR003,PRD027,3,179.0,537.0
SAL004452,2026-06-24,STR003,PRD030,2,199.0,398.0
SAL004453,2026-06-24,STR003,PRD035,1,449.0,449.0
SAL004454,2026-06-24,STR003,PRD037,4,379.0,1516.0
SAL004455,2026-06-24,STR003,PRD040,6,249.0,1494.0
SAL004456,2026-06-24,STR004,PRD001,2,599.0,1198.0
SAL004457,2026-06-24,STR004,PRD002,3,2899.0,8697.0
SAL004458,2026-06-24,STR004,PRD004,4,1199.0,4796.0
SAL004459,2026-06-24,STR004,PRD007,3,1999.0,5997.0
SAL004460,2026-06-24,STR004,PRD009,7,299.0,2093.0
SAL004461,2026-06-24,STR004,PRD011,3,1599.0,4797.0
SAL004462,2026-06-24,STR004,PRD013,2,249.0,498.0
SAL004463,2026-06-24,STR004,PRD014,2,899.0,1798.0
SAL004464,2026-06-24,STR004,PRD015,3,449.0,1347.0
SAL004465,2026-06-24,STR004,PRD016,3,1199.0,3597.0
SAL004466,2026-06-24,STR004,PRD017,1,649.0,649.0
SAL004467,2026-06-24,STR004,PRD018,3,899.0,2697.0
SAL004468,2026-06-24,STR004,PRD020,4,1499.0,5996.0
SAL004469,2026-06-24,STR004,PRD023,3,1299.0,3897.0
SAL004470,2026-06-24,STR004,PRD024,4,1499.0,5996.0
SAL004471,2026-06-24,STR004,PRD028,5,499.0,2495.0
SAL004472,2026-06-24,STR004,PRD029,3,349.0,1047.0
SAL004473,2026-06-24,STR004,PRD030,7,199.0,1393.0
SAL004474,2026-06-24,STR004,PRD031,1,999.0,999.0
SAL004475,2026-06-24,STR004,PRD034,1,399.0,399.0
SAL004476,2026-06-24,STR004,PRD036,7,329.0,2303.0
SAL004477,2026-06-24,STR004,PRD039,5,299.0,1495.0
SAL004478,2026-06-24,STR004,PRD040,5,249.0,1245.0
SAL004479,2026-06-25,STR001,PRD001,7,599.0,4193.0
SAL004480,2026-06-25,STR001,PRD002,3,2899.0,8697.0
SAL004481,2026-06-25,STR001,PRD003,3,3499.0,10497.0
SAL004482,2026-06-25,STR001,PRD004,7,1199.0,8393.0
SAL004483,2026-06-25,STR001,PRD008,3,1499.0,4497.0
SAL004484,2026-06-25,STR001,PRD009,5,299.0,1495.0
SAL004485,2026-06-25,STR001,PRD010,5,1299.0,6495.0
SAL004486,2026-06-25,STR001,PRD011,2,1599.0,3198.0
SAL004487,2026-06-25,STR001,PRD012,2,199.0,398.0
SAL004488,2026-06-25,STR001,PRD015,2,449.0,898.0
SAL004489,2026-06-25,STR001,PRD018,3,899.0,2697.0
SAL004490,2026-06-25,STR001,PRD020,2,1499.0,2998.0
SAL004491,2026-06-25,STR001,PRD021,2,1099.0,2198.0
SAL004492,2026-06-25,STR001,PRD022,1,599.0,599.0
SAL004493,2026-06-25,STR001,PRD024,1,1499.0,1499.0
SAL004494,2026-06-25,STR001,PRD025,3,1899.0,5697.0
SAL004495,2026-06-25,STR001,PRD028,3,499.0,1497.0
SAL004496,2026-06-25,STR001,PRD029,3,349.0,1047.0
SAL004497,2026-06-25,STR001,PRD030,3,199.0,597.0
SAL004498,2026-06-25,STR001,PRD032,2,699.0,1398.0
SAL004499,2026-06-25,STR001,PRD033,2,849.0,1698.0
SAL004500,2026-06-25,STR001,PRD034,2,399.0,798.0
SAL004501,2026-06-25,STR001,PRD035,7,449.0,3143.0
SAL004502,2026-06-25,STR001,PRD036,3,329.0,987.0
SAL004503,2026-06-25,STR001,PRD037,4,379.0,1516.0
SAL004504,2026-06-25,STR001,PRD039,3,299.0,897.0
SAL004505,2026-06-25,STR001,PRD040,6,249.0,1494.0
SAL004506,2026-06-25,STR002,PRD001,2,599.0,1198.0
SAL004507,2026-06-25,STR002,PRD002,2,2899.0,5798.0
SAL004508,2026-06-25,STR002,PRD003,5,3499.0,17495.0
SAL004509,2026-06-25,STR002,PRD004,5,1199.0,5995.0
SAL004510,2026-06-25,STR002,PRD006,2,1799.0,3598.0
SAL004511,2026-06-25,STR002,PRD007,2,1999.0,3998.0
SAL004512,2026-06-25,STR002,PRD009,5,299.0,1495.0
SAL004513,2026-06-25,STR002,PRD012,5,199.0,995.0
SAL004514,2026-06-25,STR002,PRD016,3,1199.0,3597.0
SAL004515,2026-06-25,STR002,PRD018,3,899.0,2697.0
SAL004516,2026-06-25,STR002,PRD021,5,1099.0,5495.0
SAL004517,2026-06-25,STR002,PRD023,3,1299.0,3897.0
SAL004518,2026-06-25,STR002,PRD026,3,299.0,897.0
SAL004519,2026-06-25,STR002,PRD027,1,179.0,179.0
SAL004520,2026-06-25,STR002,PRD028,3,499.0,1497.0
SAL004521,2026-06-25,STR002,PRD029,5,349.0,1745.0
SAL004522,2026-06-25,STR002,PRD030,2,199.0,398.0
SAL004523,2026-06-25,STR002,PRD032,2,699.0,1398.0
SAL004524,2026-06-25,STR002,PRD034,2,399.0,798.0
SAL004525,2026-06-25,STR002,PRD036,7,329.0,2303.0
SAL004526,2026-06-25,STR002,PRD039,3,299.0,897.0
SAL004527,2026-06-25,STR002,PRD040,2,249.0,498.0
SAL004528,2026-06-25,STR003,PRD001,2,599.0,1198.0
SAL004529,2026-06-25,STR003,PRD002,3,2899.0,8697.0
SAL004530,2026-06-25,STR003,PRD003,3,3499.0,10497.0
SAL004531,2026-06-25,STR003,PRD005,2,2299.0,4598.0
SAL004532,2026-06-25,STR003,PRD006,1,1799.0,1799.0
SAL004533,2026-06-25,STR003,PRD007,5,1999.0,9995.0
SAL004534,2026-06-25,STR003,PRD008,2,1499.0,2998.0
SAL004535,2026-06-25,STR003,PRD010,2,1299.0,2598.0
SAL004536,2026-06-25,STR003,PRD013,1,249.0,249.0
SAL004537,2026-06-25,STR003,PRD014,1,899.0,899.0
SAL004538,2026-06-25,STR003,PRD015,1,449.0,449.0
SAL004539,2026-06-25,STR003,PRD016,4,1199.0,4796.0
SAL004540,2026-06-25,STR003,PRD017,4,649.0,2596.0
SAL004541,2026-06-25,STR003,PRD020,1,1499.0,1499.0
SAL004542,2026-06-25,STR003,PRD021,4,1099.0,4396.0
SAL004543,2026-06-25,STR003,PRD023,3,1299.0,3897.0
SAL004544,2026-06-25,STR003,PRD025,1,1899.0,1899.0
SAL004545,2026-06-25,STR003,PRD026,7,299.0,2093.0
SAL004546,2026-06-25,STR003,PRD028,3,499.0,1497.0
SAL004547,2026-06-25,STR003,PRD029,2,349.0,698.0
SAL004548,2026-06-25,STR003,PRD030,3,199.0,597.0
SAL004549,2026-06-25,STR003,PRD031,1,999.0,999.0
SAL004550,2026-06-25,STR003,PRD034,1,399.0,399.0
SAL004551,2026-06-25,STR003,PRD035,2,449.0,898.0
SAL004552,2026-06-25,STR003,PRD036,7,329.0,2303.0
SAL004553,2026-06-25,STR003,PRD037,4,379.0,1516.0
SAL004554,2026-06-25,STR003,PRD039,6,299.0,1794.0
SAL004555,2026-06-25,STR004,PRD001,3,599.0,1797.0
SAL004556,2026-06-25,STR004,PRD002,3,2899.0,8697.0
SAL004557,2026-06-25,STR004,PRD004,2,1199.0,2398.0
SAL004558,2026-06-25,STR004,PRD007,3,1999.0,5997.0
SAL004559,2026-06-25,STR004,PRD009,7,299.0,2093.0
SAL004560,2026-06-25,STR004,PRD010,1,1299.0,1299.0
SAL004561,2026-06-25,STR004,PRD011,3,1599.0,4797.0
SAL004562,2026-06-25,STR004,PRD012,4,199.0,796.0
SAL004563,2026-06-25,STR004,PRD013,3,249.0,747.0
SAL004564,2026-06-25,STR004,PRD014,2,899.0,1798.0
SAL004565,2026-06-25,STR004,PRD015,2,449.0,898.0
SAL004566,2026-06-25,STR004,PRD016,3,1199.0,3597.0
SAL004567,2026-06-25,STR004,PRD017,1,649.0,649.0
SAL004568,2026-06-25,STR004,PRD020,3,1499.0,4497.0
SAL004569,2026-06-25,STR004,PRD021,2,1099.0,2198.0
SAL004570,2026-06-25,STR004,PRD024,4,1499.0,5996.0
SAL004571,2026-06-25,STR004,PRD026,4,299.0,1196.0
SAL004572,2026-06-25,STR004,PRD028,4,499.0,1996.0
SAL004573,2026-06-25,STR004,PRD029,1,349.0,349.0
SAL004574,2026-06-25,STR004,PRD031,2,999.0,1998.0
SAL004575,2026-06-25,STR004,PRD034,3,399.0,1197.0
SAL004576,2026-06-25,STR004,PRD035,2,449.0,898.0
SAL004577,2026-06-25,STR004,PRD036,5,329.0,1645.0
SAL004578,2026-06-26,STR001,PRD001,6,599.0,3594.0
SAL004579,2026-06-26,STR001,PRD002,2,2899.0,5798.0
SAL004580,2026-06-26,STR001,PRD004,7,1199.0,8393.0
SAL004581,2026-06-26,STR001,PRD005,3,2299.0,6897.0
SAL004582,2026-06-26,STR001,PRD007,2,1999.0,3998.0
SAL004583,2026-06-26,STR001,PRD009,3,299.0,897.0
SAL004584,2026-06-26,STR001,PRD010,8,1299.0,10392.0
SAL004585,2026-06-26,STR001,PRD011,2,1599.0,3198.0
SAL004586,2026-06-26,STR001,PRD012,2,199.0,398.0
SAL004587,2026-06-26,STR001,PRD015,2,449.0,898.0
SAL004588,2026-06-26,STR001,PRD016,4,1199.0,4796.0
SAL004589,2026-06-26,STR001,PRD018,2,899.0,1798.0
SAL004590,2026-06-26,STR001,PRD023,2,1299.0,2598.0
SAL004591,2026-06-26,STR001,PRD025,1,1899.0,1899.0
SAL004592,2026-06-26,STR001,PRD026,6,299.0,1794.0
SAL004593,2026-06-26,STR001,PRD028,2,499.0,998.0
SAL004594,2026-06-26,STR001,PRD029,4,349.0,1396.0
SAL004595,2026-06-26,STR001,PRD030,5,199.0,995.0
SAL004596,2026-06-26,STR001,PRD035,5,449.0,2245.0
SAL004597,2026-06-26,STR001,PRD036,5,329.0,1645.0
SAL004598,2026-06-26,STR001,PRD038,3,429.0,1287.0
SAL004599,2026-06-26,STR001,PRD039,4,299.0,1196.0
SAL004600,2026-06-26,STR001,PRD040,5,249.0,1245.0
SAL004601,2026-06-26,STR002,PRD001,8,599.0,4792.0
SAL004602,2026-06-26,STR002,PRD004,3,1199.0,3597.0
SAL004603,2026-06-26,STR002,PRD007,2,1999.0,3998.0
SAL004604,2026-06-26,STR002,PRD008,1,1499.0,1499.0
SAL004605,2026-06-26,STR002,PRD009,7,299.0,2093.0
SAL004606,2026-06-26,STR002,PRD012,1,199.0,199.0
SAL004607,2026-06-26,STR002,PRD013,5,249.0,1245.0
SAL004608,2026-06-26,STR002,PRD014,2,899.0,1798.0
SAL004609,2026-06-26,STR002,PRD017,3,649.0,1947.0
SAL004610,2026-06-26,STR002,PRD018,2,899.0,1798.0
SAL004611,2026-06-26,STR002,PRD020,5,1499.0,7495.0
SAL004612,2026-06-26,STR002,PRD023,3,1299.0,3897.0
SAL004613,2026-06-26,STR002,PRD024,5,1499.0,7495.0
SAL004614,2026-06-26,STR002,PRD027,1,179.0,179.0
SAL004615,2026-06-26,STR002,PRD029,3,349.0,1047.0
SAL004616,2026-06-26,STR002,PRD034,3,399.0,1197.0
SAL004617,2026-06-26,STR002,PRD035,1,449.0,449.0
SAL004618,2026-06-26,STR002,PRD036,6,329.0,1974.0
SAL004619,2026-06-26,STR002,PRD037,5,379.0,1895.0
SAL004620,2026-06-26,STR002,PRD038,5,429.0,2145.0
SAL004621,2026-06-26,STR002,PRD039,2,299.0,598.0
SAL004622,2026-06-26,STR003,PRD001,5,599.0,2995.0
SAL004623,2026-06-26,STR003,PRD004,6,1199.0,7194.0
SAL004624,2026-06-26,STR003,PRD007,2,1999.0,3998.0
SAL004625,2026-06-26,STR003,PRD009,2,299.0,598.0
SAL004626,2026-06-26,STR003,PRD011,2,1599.0,3198.0
SAL004627,2026-06-26,STR003,PRD012,4,199.0,796.0
SAL004628,2026-06-26,STR003,PRD015,4,449.0,1796.0
SAL004629,2026-06-26,STR003,PRD017,1,649.0,649.0
SAL004630,2026-06-26,STR003,PRD023,2,1299.0,2598.0
SAL004631,2026-06-26,STR003,PRD024,3,1499.0,4497.0
SAL004632,2026-06-26,STR003,PRD025,4,1899.0,7596.0
SAL004633,2026-06-26,STR003,PRD026,7,299.0,2093.0
SAL004634,2026-06-26,STR003,PRD027,3,179.0,537.0
SAL004635,2026-06-26,STR003,PRD028,4,499.0,1996.0
SAL004636,2026-06-26,STR003,PRD029,2,349.0,698.0
SAL004637,2026-06-26,STR003,PRD030,2,199.0,398.0
SAL004638,2026-06-26,STR003,PRD031,3,999.0,2997.0
SAL004639,2026-06-26,STR003,PRD033,2,849.0,1698.0
SAL004640,2026-06-26,STR003,PRD036,3,329.0,987.0
SAL004641,2026-06-26,STR003,PRD039,6,299.0,1794.0
SAL004642,2026-06-26,STR003,PRD040,3,249.0,747.0
SAL004643,2026-06-26,STR004,PRD001,4,599.0,2396.0
SAL004644,2026-06-26,STR004,PRD002,1,2899.0,2899.0
SAL004645,2026-06-26,STR004,PRD004,5,1199.0,5995.0
SAL004646,2026-06-26,STR004,PRD007,5,1999.0,9995.0
SAL004647,2026-06-26,STR004,PRD008,4,1499.0,5996.0
SAL004648,2026-06-26,STR004,PRD012,1,199.0,199.0
SAL004649,2026-06-26,STR004,PRD013,3,249.0,747.0
SAL004650,2026-06-26,STR004,PRD021,1,1099.0,1099.0
SAL004651,2026-06-26,STR004,PRD026,4,299.0,1196.0
SAL004652,2026-06-26,STR004,PRD027,4,179.0,716.0
SAL004653,2026-06-26,STR004,PRD028,5,499.0,2495.0
SAL004654,2026-06-26,STR004,PRD029,3,349.0,1047.0
SAL004655,2026-06-26,STR004,PRD030,2,199.0,398.0
SAL004656,2026-06-26,STR004,PRD031,2,999.0,1998.0
SAL004657,2026-06-26,STR004,PRD033,1,849.0,849.0
SAL004658,2026-06-26,STR004,PRD035,2,449.0,898.0
SAL004659,2026-06-26,STR004,PRD036,7,329.0,2303.0
SAL004660,2026-06-26,STR004,PRD038,2,429.0,858.0
SAL004661,2026-06-26,STR004,PRD039,3,299.0,897.0
SAL004662,2026-06-26,STR004,PRD040,4,249.0,996.0
SAL004663,2026-06-27,STR001,PRD001,3,599.0,1797.0
SAL004664,2026-06-27,STR001,PRD003,5,3499.0,17495.0
SAL004665,2026-06-27,STR001,PRD004,8,1199.0,9592.0
SAL004666,2026-06-27,STR001,PRD006,3,1799.0,5397.0
SAL004667,2026-06-27,STR001,PRD008,5,1499.0,7495.0
SAL004668,2026-06-27,STR001,PRD009,9,299.0,2691.0
SAL004669,2026-06-27,STR001,PRD010,8,1299.0,10392.0
SAL004670,2026-06-27,STR001,PRD012,4,199.0,796.0
SAL004671,2026-06-27,STR001,PRD013,3,249.0,747.0
SAL004672,2026-06-27,STR001,PRD015,3,449.0,1347.0
SAL004673,2026-06-27,STR001,PRD016,3,1199.0,3597.0
SAL004674,2026-06-27,STR001,PRD019,3,1399.0,4197.0
SAL004675,2026-06-27,STR001,PRD020,1,1499.0,1499.0
SAL004676,2026-06-27,STR001,PRD026,4,299.0,1196.0
SAL004677,2026-06-27,STR001,PRD027,1,179.0,179.0
SAL004678,2026-06-27,STR001,PRD028,7,499.0,3493.0
SAL004679,2026-06-27,STR001,PRD029,5,349.0,1745.0
SAL004680,2026-06-27,STR001,PRD030,4,199.0,796.0
SAL004681,2026-06-27,STR001,PRD031,5,999.0,4995.0
SAL004682,2026-06-27,STR001,PRD033,3,849.0,2547.0
SAL004683,2026-06-27,STR001,PRD034,3,399.0,1197.0
SAL004684,2026-06-27,STR001,PRD035,8,449.0,3592.0
SAL004685,2026-06-27,STR001,PRD036,9,329.0,2961.0
SAL004686,2026-06-27,STR001,PRD037,4,379.0,1516.0
SAL004687,2026-06-27,STR001,PRD039,9,299.0,2691.0
SAL004688,2026-06-27,STR001,PRD040,7,249.0,1743.0
SAL004689,2026-06-27,STR002,PRD001,4,599.0,2396.0
SAL004690,2026-06-27,STR002,PRD003,6,3499.0,20994.0
SAL004691,2026-06-27,STR002,PRD004,10,1199.0,11990.0
SAL004692,2026-06-27,STR002,PRD006,6,1799.0,10794.0
SAL004693,2026-06-27,STR002,PRD007,6,1999.0,11994.0
SAL004694,2026-06-27,STR002,PRD010,3,1299.0,3897.0
SAL004695,2026-06-27,STR002,PRD011,1,1599.0,1599.0
SAL004696,2026-06-27,STR002,PRD012,6,199.0,1194.0
SAL004697,2026-06-27,STR002,PRD015,3,449.0,1347.0
SAL004698,2026-06-27,STR002,PRD017,6,649.0,3894.0
SAL004699,2026-06-27,STR002,PRD020,6,1499.0,8994.0
SAL004700,2026-06-27,STR002,PRD023,6,1299.0,7794.0
SAL004701,2026-06-27,STR002,PRD024,6,1499.0,8994.0
SAL004702,2026-06-27,STR002,PRD025,4,1899.0,7596.0
SAL004703,2026-06-27,STR002,PRD026,6,299.0,1794.0
SAL004704,2026-06-27,STR002,PRD027,6,179.0,1074.0
SAL004705,2026-06-27,STR002,PRD029,3,349.0,1047.0
SAL004706,2026-06-27,STR002,PRD030,4,199.0,796.0
SAL004707,2026-06-27,STR002,PRD031,1,999.0,999.0
SAL004708,2026-06-27,STR002,PRD034,1,399.0,399.0
SAL004709,2026-06-27,STR002,PRD036,9,329.0,2961.0
SAL004710,2026-06-27,STR002,PRD037,4,379.0,1516.0
SAL004711,2026-06-27,STR002,PRD038,1,429.0,429.0
SAL004712,2026-06-27,STR002,PRD040,3,249.0,747.0
SAL004713,2026-06-27,STR003,PRD001,5,599.0,2995.0
SAL004714,2026-06-27,STR003,PRD002,4,2899.0,11596.0
SAL004715,2026-06-27,STR003,PRD005,4,2299.0,9196.0
SAL004716,2026-06-27,STR003,PRD006,2,1799.0,3598.0
SAL004717,2026-06-27,STR003,PRD008,2,1499.0,2998.0
SAL004718,2026-06-27,STR003,PRD009,7,299.0,2093.0
SAL004719,2026-06-27,STR003,PRD010,2,1299.0,2598.0
SAL004720,2026-06-27,STR003,PRD013,2,249.0,498.0
SAL004721,2026-06-27,STR003,PRD015,1,449.0,449.0
SAL004722,2026-06-27,STR003,PRD019,2,1399.0,2798.0
SAL004723,2026-06-27,STR003,PRD021,2,1099.0,2198.0
SAL004724,2026-06-27,STR003,PRD023,1,1299.0,1299.0
SAL004725,2026-06-27,STR003,PRD024,2,1499.0,2998.0
SAL004726,2026-06-27,STR003,PRD029,5,349.0,1745.0
SAL004727,2026-06-27,STR003,PRD030,2,199.0,398.0
SAL004728,2026-06-27,STR003,PRD032,1,699.0,699.0
SAL004729,2026-06-27,STR003,PRD034,5,399.0,1995.0
SAL004730,2026-06-27,STR003,PRD035,2,449.0,898.0
SAL004731,2026-06-27,STR003,PRD036,2,329.0,658.0
SAL004732,2026-06-27,STR003,PRD039,8,299.0,2392.0
SAL004733,2026-06-27,STR003,PRD040,7,249.0,1743.0
SAL004734,2026-06-27,STR004,PRD001,7,599.0,4193.0
SAL004735,2026-06-27,STR004,PRD002,4,2899.0,11596.0
SAL004736,2026-06-27,STR004,PRD004,9,1199.0,10791.0
SAL004737,2026-06-27,STR004,PRD006,2,1799.0,3598.0
SAL004738,2026-06-27,STR004,PRD007,4,1999.0,7996.0
SAL004739,2026-06-27,STR004,PRD008,2,1499.0,2998.0
SAL004740,2026-06-27,STR004,PRD009,9,299.0,2691.0
SAL004741,2026-06-27,STR004,PRD011,1,1599.0,1599.0
SAL004742,2026-06-27,STR004,PRD012,5,199.0,995.0
SAL004743,2026-06-27,STR004,PRD013,5,249.0,1245.0
SAL004744,2026-06-27,STR004,PRD015,4,449.0,1796.0
SAL004745,2026-06-27,STR004,PRD019,1,1399.0,1399.0
SAL004746,2026-06-27,STR004,PRD020,2,1499.0,2998.0
SAL004747,2026-06-27,STR004,PRD023,1,1299.0,1299.0
SAL004748,2026-06-27,STR004,PRD025,4,1899.0,7596.0
SAL004749,2026-06-27,STR004,PRD027,5,179.0,895.0
SAL004750,2026-06-27,STR004,PRD029,2,349.0,698.0
SAL004751,2026-06-27,STR004,PRD030,9,199.0,1791.0
SAL004752,2026-06-27,STR004,PRD033,1,849.0,849.0
SAL004753,2026-06-27,STR004,PRD036,4,329.0,1316.0
SAL004754,2026-06-27,STR004,PRD037,1,379.0,379.0
SAL004755,2026-06-27,STR004,PRD038,5,429.0,2145.0
SAL004756,2026-06-27,STR004,PRD039,9,299.0,2691.0
SAL004757,2026-06-27,STR004,PRD040,5,249.0,1245.0
SAL004758,2026-06-28,STR001,PRD001,4,599.0,2396.0
SAL004759,2026-06-28,STR001,PRD004,4,1199.0,4796.0
SAL004760,2026-06-28,STR001,PRD007,7,1999.0,13993.0
SAL004761,2026-06-28,STR001,PRD008,3,1499.0,4497.0
SAL004762,2026-06-28,STR001,PRD009,8,299.0,2392.0
SAL004763,2026-06-28,STR001,PRD010,9,1299.0,11691.0
SAL004764,2026-06-28,STR001,PRD018,1,899.0,899.0
SAL004765,2026-06-28,STR001,PRD020,4,1499.0,5996.0
SAL004766,2026-06-28,STR001,PRD022,3,599.0,1797.0
SAL004767,2026-06-28,STR001,PRD023,1,1299.0,1299.0
SAL004768,2026-06-28,STR001,PRD025,5,1899.0,9495.0
SAL004769,2026-06-28,STR001,PRD026,9,299.0,2691.0
SAL004770,2026-06-28,STR001,PRD027,1,179.0,179.0
SAL004771,2026-06-28,STR001,PRD028,7,499.0,3493.0
SAL004772,2026-06-28,STR001,PRD029,4,349.0,1396.0
SAL004773,2026-06-28,STR001,PRD030,9,199.0,1791.0
SAL004774,2026-06-28,STR001,PRD031,5,999.0,4995.0
SAL004775,2026-06-28,STR001,PRD035,5,449.0,2245.0
SAL004776,2026-06-28,STR001,PRD036,4,329.0,1316.0
SAL004777,2026-06-28,STR001,PRD039,4,299.0,1196.0
SAL004778,2026-06-28,STR001,PRD040,3,249.0,747.0
SAL004779,2026-06-28,STR002,PRD001,3,599.0,1797.0
SAL004780,2026-06-28,STR002,PRD002,1,2899.0,2899.0
SAL004781,2026-06-28,STR002,PRD004,10,1199.0,11990.0
SAL004782,2026-06-28,STR002,PRD006,4,1799.0,7196.0
SAL004783,2026-06-28,STR002,PRD007,4,1999.0,7996.0
SAL004784,2026-06-28,STR002,PRD008,1,1499.0,1499.0
SAL004785,2026-06-28,STR002,PRD009,9,299.0,2691.0
SAL004786,2026-06-28,STR002,PRD011,3,1599.0,4797.0
SAL004787,2026-06-28,STR002,PRD013,1,249.0,249.0
SAL004788,2026-06-28,STR002,PRD015,4,449.0,1796.0
SAL004789,2026-06-28,STR002,PRD017,3,649.0,1947.0
SAL004790,2026-06-28,STR002,PRD019,3,1399.0,4197.0
SAL004791,2026-06-28,STR002,PRD020,4,1499.0,5996.0
SAL004792,2026-06-28,STR002,PRD021,3,1099.0,3297.0
SAL004793,2026-06-28,STR002,PRD022,1,599.0,599.0
SAL004794,2026-06-28,STR002,PRD023,6,1299.0,7794.0
SAL004795,2026-06-28,STR002,PRD024,6,1499.0,8994.0
SAL004796,2026-06-28,STR002,PRD025,3,1899.0,5697.0
SAL004797,2026-06-28,STR002,PRD026,6,299.0,1794.0
SAL004798,2026-06-28,STR002,PRD028,6,499.0,2994.0
SAL004799,2026-06-28,STR002,PRD029,1,349.0,349.0
SAL004800,2026-06-28,STR002,PRD030,9,199.0,1791.0
SAL004801,2026-06-28,STR002,PRD031,3,999.0,2997.0
SAL004802,2026-06-28,STR002,PRD034,1,399.0,399.0
SAL004803,2026-06-28,STR002,PRD036,3,329.0,987.0
SAL004804,2026-06-28,STR002,PRD039,3,299.0,897.0
SAL004805,2026-06-28,STR003,PRD001,2,599.0,1198.0
SAL004806,2026-06-28,STR003,PRD003,5,3499.0,17495.0
SAL004807,2026-06-28,STR003,PRD006,5,1799.0,8995.0
SAL004808,2026-06-28,STR003,PRD007,4,1999.0,7996.0
SAL004809,2026-06-28,STR003,PRD009,5,299.0,1495.0
SAL004810,2026-06-28,STR003,PRD012,2,199.0,398.0
SAL004811,2026-06-28,STR003,PRD013,4,249.0,996.0
SAL004812,2026-06-28,STR003,PRD015,2,449.0,898.0
SAL004813,2026-06-28,STR003,PRD017,4,649.0,2596.0
SAL004814,2026-06-28,STR003,PRD020,4,1499.0,5996.0
SAL004815,2026-06-28,STR003,PRD021,5,1099.0,5495.0
SAL004816,2026-06-28,STR003,PRD026,8,299.0,2392.0
SAL004817,2026-06-28,STR003,PRD027,5,179.0,895.0
SAL004818,2026-06-28,STR003,PRD028,6,499.0,2994.0
SAL004819,2026-06-28,STR003,PRD029,5,349.0,1745.0
SAL004820,2026-06-28,STR003,PRD030,6,199.0,1194.0
SAL004821,2026-06-28,STR003,PRD031,4,999.0,3996.0
SAL004822,2026-06-28,STR003,PRD035,1,449.0,449.0
SAL004823,2026-06-28,STR003,PRD036,7,329.0,2303.0
SAL004824,2026-06-28,STR003,PRD037,4,379.0,1516.0
SAL004825,2026-06-28,STR003,PRD039,6,299.0,1794.0
SAL004826,2026-06-28,STR003,PRD040,5,249.0,1245.0
SAL004827,2026-06-28,STR004,PRD001,4,599.0,2396.0
SAL004828,2026-06-28,STR004,PRD002,5,2899.0,14495.0
SAL004829,2026-06-28,STR004,PRD003,5,3499.0,17495.0
SAL004830,2026-06-28,STR004,PRD004,4,1199.0,4796.0
SAL004831,2026-06-28,STR004,PRD005,1,2299.0,2299.0
SAL004832,2026-06-28,STR004,PRD008,5,1499.0,7495.0
SAL004833,2026-06-28,STR004,PRD009,4,299.0,1196.0
SAL004834,2026-06-28,STR004,PRD012,2,199.0,398.0
SAL004835,2026-06-28,STR004,PRD016,4,1199.0,4796.0
SAL004836,2026-06-28,STR004,PRD017,2,649.0,1298.0
SAL004837,2026-06-28,STR004,PRD024,1,1499.0,1499.0
SAL004838,2026-06-28,STR004,PRD026,2,299.0,598.0
SAL004839,2026-06-28,STR004,PRD029,1,349.0,349.0
SAL004840,2026-06-28,STR004,PRD030,5,199.0,995.0
SAL004841,2026-06-28,STR004,PRD031,2,999.0,1998.0
SAL004842,2026-06-28,STR004,PRD034,4,399.0,1596.0
SAL004843,2026-06-28,STR004,PRD036,6,329.0,1974.0
SAL004844,2026-06-28,STR004,PRD037,2,379.0,758.0
SAL004845,2026-06-28,STR004,PRD038,1,429.0,429.0
SAL004846,2026-06-28,STR004,PRD039,4,299.0,1196.0
SAL004847,2026-06-29,STR001,PRD001,5,599.0,2995.0
SAL004848,2026-06-29,STR001,PRD002,4,2899.0,11596.0
SAL004849,2026-06-29,STR001,PRD003,4,3499.0,13996.0
SAL004850,2026-06-29,STR001,PRD004,4,1199.0,4796.0
SAL004851,2026-06-29,STR001,PRD009,5,299.0,1495.0
SAL004852,2026-06-29,STR001,PRD010,4,1299.0,5196.0
SAL004853,2026-06-29,STR001,PRD011,4,1599.0,6396.0
SAL004854,2026-06-29,STR001,PRD012,4,199.0,796.0
SAL004855,2026-06-29,STR001,PRD013,1,249.0,249.0
SAL004856,2026-06-29,STR001,PRD016,4,1199.0,4796.0
SAL004857,2026-06-29,STR001,PRD018,1,899.0,899.0
SAL004858,2026-06-29,STR001,PRD025,2,1899.0,3798.0
SAL004859,2026-06-29,STR001,PRD026,7,299.0,2093.0
SAL004860,2026-06-29,STR001,PRD027,2,179.0,358.0
SAL004861,2026-06-29,STR001,PRD028,3,499.0,1497.0
SAL004862,2026-06-29,STR001,PRD030,7,199.0,1393.0
SAL004863,2026-06-29,STR001,PRD035,8,449.0,3592.0
SAL004864,2026-06-29,STR001,PRD037,2,379.0,758.0
SAL004865,2026-06-29,STR001,PRD038,3,429.0,1287.0
SAL004866,2026-06-29,STR001,PRD039,4,299.0,1196.0
SAL004867,2026-06-29,STR002,PRD002,3,2899.0,8697.0
SAL004868,2026-06-29,STR002,PRD004,3,1199.0,3597.0
SAL004869,2026-06-29,STR002,PRD006,5,1799.0,8995.0
SAL004870,2026-06-29,STR002,PRD007,5,1999.0,9995.0
SAL004871,2026-06-29,STR002,PRD009,6,299.0,1794.0
SAL004872,2026-06-29,STR002,PRD011,1,1599.0,1599.0
SAL004873,2026-06-29,STR002,PRD012,1,199.0,199.0
SAL004874,2026-06-29,STR002,PRD014,2,899.0,1798.0
SAL004875,2026-06-29,STR002,PRD015,5,449.0,2245.0
SAL004876,2026-06-29,STR002,PRD016,1,1199.0,1199.0
SAL004877,2026-06-29,STR002,PRD018,2,899.0,1798.0
SAL004878,2026-06-29,STR002,PRD023,3,1299.0,3897.0
SAL004879,2026-06-29,STR002,PRD024,3,1499.0,4497.0
SAL004880,2026-06-29,STR002,PRD026,6,299.0,1794.0
SAL004881,2026-06-29,STR002,PRD027,1,179.0,179.0
SAL004882,2026-06-29,STR002,PRD030,8,199.0,1592.0
SAL004883,2026-06-29,STR002,PRD034,2,399.0,798.0
SAL004884,2026-06-29,STR002,PRD036,2,329.0,658.0
SAL004885,2026-06-29,STR002,PRD037,1,379.0,379.0
SAL004886,2026-06-29,STR002,PRD038,2,429.0,858.0
SAL004887,2026-06-29,STR002,PRD039,2,299.0,598.0
SAL004888,2026-06-29,STR002,PRD040,2,249.0,498.0
SAL004889,2026-06-29,STR003,PRD001,4,599.0,2396.0
SAL004890,2026-06-29,STR003,PRD004,7,1199.0,8393.0
SAL004891,2026-06-29,STR003,PRD007,4,1999.0,7996.0
SAL004892,2026-06-29,STR003,PRD009,2,299.0,598.0
SAL004893,2026-06-29,STR003,PRD010,1,1299.0,1299.0
SAL004894,2026-06-29,STR003,PRD011,1,1599.0,1599.0
SAL004895,2026-06-29,STR003,PRD012,1,199.0,199.0
SAL004896,2026-06-29,STR003,PRD013,2,249.0,498.0
SAL004897,2026-06-29,STR003,PRD014,1,899.0,899.0
SAL004898,2026-06-29,STR003,PRD015,2,449.0,898.0
SAL004899,2026-06-29,STR003,PRD016,2,1199.0,2398.0
SAL004900,2026-06-29,STR003,PRD018,3,899.0,2697.0
SAL004901,2026-06-29,STR003,PRD019,2,1399.0,2798.0
SAL004902,2026-06-29,STR003,PRD021,1,1099.0,1099.0
SAL004903,2026-06-29,STR003,PRD023,1,1299.0,1299.0
SAL004904,2026-06-29,STR003,PRD024,2,1499.0,2998.0
SAL004905,2026-06-29,STR003,PRD025,2,1899.0,3798.0
SAL004906,2026-06-29,STR003,PRD026,7,299.0,2093.0
SAL004907,2026-06-29,STR003,PRD028,4,499.0,1996.0
SAL004908,2026-06-29,STR003,PRD030,5,199.0,995.0
SAL004909,2026-06-29,STR003,PRD034,3,399.0,1197.0
SAL004910,2026-06-29,STR003,PRD035,2,449.0,898.0
SAL004911,2026-06-29,STR003,PRD036,7,329.0,2303.0
SAL004912,2026-06-29,STR003,PRD037,1,379.0,379.0
SAL004913,2026-06-29,STR003,PRD040,3,249.0,747.0
SAL004914,2026-06-29,STR004,PRD001,2,599.0,1198.0
SAL004915,2026-06-29,STR004,PRD002,1,2899.0,2899.0
SAL004916,2026-06-29,STR004,PRD004,2,1199.0,2398.0
SAL004917,2026-06-29,STR004,PRD007,2,1999.0,3998.0
SAL004918,2026-06-29,STR004,PRD008,3,1499.0,4497.0
SAL004919,2026-06-29,STR004,PRD009,6,299.0,1794.0
SAL004920,2026-06-29,STR004,PRD011,3,1599.0,4797.0
SAL004921,2026-06-29,STR004,PRD013,3,249.0,747.0
SAL004922,2026-06-29,STR004,PRD015,4,449.0,1796.0
SAL004923,2026-06-29,STR004,PRD016,4,1199.0,4796.0
SAL004924,2026-06-29,STR004,PRD017,2,649.0,1298.0
SAL004925,2026-06-29,STR004,PRD018,1,899.0,899.0
SAL004926,2026-06-29,STR004,PRD019,2,1399.0,2798.0
SAL004927,2026-06-29,STR004,PRD020,4,1499.0,5996.0
SAL004928,2026-06-29,STR004,PRD021,4,1099.0,4396.0
SAL004929,2026-06-29,STR004,PRD024,2,1499.0,2998.0
SAL004930,2026-06-29,STR004,PRD026,2,299.0,598.0
SAL004931,2026-06-29,STR004,PRD029,2,349.0,698.0
SAL004932,2026-06-29,STR004,PRD030,2,199.0,398.0
SAL004933,2026-06-29,STR004,PRD031,2,999.0,1998.0
SAL004934,2026-06-29,STR004,PRD032,1,699.0,699.0
SAL004935,2026-06-29,STR004,PRD033,1,849.0,849.0
SAL004936,2026-06-29,STR004,PRD034,2,399.0,798.0
SAL004937,2026-06-29,STR004,PRD035,1,449.0,449.0
SAL004938,2026-06-29,STR004,PRD036,5,329.0,1645.0
SAL004939,2026-06-29,STR004,PRD037,3,379.0,1137.0
SAL004940,2026-06-29,STR004,PRD038,4,429.0,1716.0
SAL004941,2026-06-29,STR004,PRD039,5,299.0,1495.0
SAL004942,2026-06-29,STR004,PRD040,3,249.0,747.0
SAL004943,2026-06-30,STR001,PRD001,7,599.0,4193.0
SAL004944,2026-06-30,STR001,PRD002,1,2899.0,2899.0
SAL004945,2026-06-30,STR001,PRD003,3,3499.0,10497.0
SAL004946,2026-06-30,STR001,PRD004,6,1199.0,7194.0
SAL004947,2026-06-30,STR001,PRD005,1,2299.0,2299.0
SAL004948,2026-06-30,STR001,PRD006,4,1799.0,7196.0
SAL004949,2026-06-30,STR001,PRD007,5,1999.0,9995.0
SAL004950,2026-06-30,STR001,PRD008,3,1499.0,4497.0
SAL004951,2026-06-30,STR001,PRD009,4,299.0,1196.0
SAL004952,2026-06-30,STR001,PRD010,8,1299.0,10392.0
SAL004953,2026-06-30,STR001,PRD011,1,1599.0,1599.0
SAL004954,2026-06-30,STR001,PRD013,3,249.0,747.0
SAL004955,2026-06-30,STR001,PRD017,4,649.0,2596.0
SAL004956,2026-06-30,STR001,PRD018,2,899.0,1798.0
SAL004957,2026-06-30,STR001,PRD020,3,1499.0,4497.0
SAL004958,2026-06-30,STR001,PRD026,4,299.0,1196.0
SAL004959,2026-06-30,STR001,PRD028,4,499.0,1996.0
SAL004960,2026-06-30,STR001,PRD035,8,449.0,3592.0
SAL004961,2026-06-30,STR001,PRD036,3,329.0,987.0
SAL004962,2026-06-30,STR001,PRD037,4,379.0,1516.0
SAL004963,2026-06-30,STR001,PRD039,2,299.0,598.0
SAL004964,2026-06-30,STR001,PRD040,3,249.0,747.0
SAL004965,2026-06-30,STR002,PRD001,2,599.0,1198.0
SAL004966,2026-06-30,STR002,PRD002,5,2899.0,14495.0
SAL004967,2026-06-30,STR002,PRD006,5,1799.0,8995.0
SAL004968,2026-06-30,STR002,PRD007,3,1999.0,5997.0
SAL004969,2026-06-30,STR002,PRD009,3,299.0,897.0
SAL004970,2026-06-30,STR002,PRD012,2,199.0,398.0
SAL004971,2026-06-30,STR002,PRD016,2,1199.0,2398.0
SAL004972,2026-06-30,STR002,PRD020,2,1499.0,2998.0
SAL004973,2026-06-30,STR002,PRD025,1,1899.0,1899.0
SAL004974,2026-06-30,STR002,PRD026,3,299.0,897.0
SAL004975,2026-06-30,STR002,PRD027,3,179.0,537.0
SAL004976,2026-06-30,STR002,PRD028,6,499.0,2994.0
SAL004977,2026-06-30,STR002,PRD029,1,349.0,349.0
SAL004978,2026-06-30,STR002,PRD030,3,199.0,597.0
SAL004979,2026-06-30,STR002,PRD031,1,999.0,999.0
SAL004980,2026-06-30,STR002,PRD032,2,699.0,1398.0
SAL004981,2026-06-30,STR002,PRD033,2,849.0,1698.0
SAL004982,2026-06-30,STR002,PRD036,6,329.0,1974.0
SAL004983,2026-06-30,STR002,PRD039,2,299.0,598.0
SAL004984,2026-06-30,STR003,PRD001,3,599.0,1797.0
SAL004985,2026-06-30,STR003,PRD003,2,3499.0,6998.0
SAL004986,2026-06-30,STR003,PRD004,4,1199.0,4796.0
SAL004987,2026-06-30,STR003,PRD006,3,1799.0,5397.0
SAL004988,2026-06-30,STR003,PRD007,4,1999.0,7996.0
SAL004989,2026-06-30,STR003,PRD008,4,1499.0,5996.0
SAL004990,2026-06-30,STR003,PRD009,7,299.0,2093.0
SAL004991,2026-06-30,STR003,PRD011,2,1599.0,3198.0
SAL004992,2026-06-30,STR003,PRD012,1,199.0,199.0
SAL004993,2026-06-30,STR003,PRD016,1,1199.0,1199.0
SAL004994,2026-06-30,STR003,PRD021,1,1099.0,1099.0
SAL004995,2026-06-30,STR003,PRD024,3,1499.0,4497.0
SAL004996,2026-06-30,STR003,PRD026,5,299.0,1495.0
SAL004997,2026-06-30,STR003,PRD027,1,179.0,179.0
SAL004998,2026-06-30,STR003,PRD028,2,499.0,998.0
SAL004999,2026-06-30,STR003,PRD029,4,349.0,1396.0
SAL005000,2026-06-30,STR003,PRD030,6,199.0,1194.0
SAL005001,2026-06-30,STR003,PRD034,3,399.0,1197.0
SAL005002,2026-06-30,STR003,PRD035,1,449.0,449.0
SAL005003,2026-06-30,STR003,PRD036,6,329.0,1974.0
SAL005004,2026-06-30,STR003,PRD037,2,379.0,758.0
SAL005005,2026-06-30,STR003,PRD038,1,429.0,429.0
SAL005006,2026-06-30,STR003,PRD039,3,299.0,897.0
SAL005007,2026-06-30,STR004,PRD002,3,2899.0,8697.0
SAL005008,2026-06-30,STR004,PRD003,4,3499.0,13996.0
SAL005009,2026-06-30,STR004,PRD004,4,1199.0,4796.0
SAL005010,2026-06-30,STR004,PRD005,3,2299.0,6897.0
SAL005011,2026-06-30,STR004,PRD007,2,1999.0,3998.0
SAL005012,2026-06-30,STR004,PRD008,1,1499.0,1499.0
SAL005013,2026-06-30,STR004,PRD009,6,299.0,1794.0
SAL005014,2026-06-30,STR004,PRD011,1,1599.0,1599.0
SAL005015,2026-06-30,STR004,PRD013,2,249.0,498.0
SAL005016,2026-06-30,STR004,PRD015,1,449.0,449.0
SAL005017,2026-06-30,STR004,PRD018,3,899.0,2697.0
SAL005018,2026-06-30,STR004,PRD020,2,1499.0,2998.0
SAL005019,2026-06-30,STR004,PRD023,3,1299.0,3897.0
SAL005020,2026-06-30,STR004,PRD024,3,1499.0,4497.0
SAL005021,2026-06-30,STR004,PRD025,4,1899.0,7596.0
SAL005022,2026-06-30,STR004,PRD026,7,299.0,2093.0
SAL005023,2026-06-30,STR004,PRD029,1,349.0,349.0
SAL005024,2026-06-30,STR004,PRD030,2,199.0,398.0
SAL005025,2026-06-30,STR004,PRD033,2,849.0,1698.0
SAL005026,2026-06-30,STR004,PRD038,1,429.0,429.0
SAL005027,2026-06-30,STR004,PRD039,3,299.0,897.0
SAL005028,2026-06-30,STR004,PRD040,4,249.0,996.0
SAL005029,2026-07-01,STR001,PRD001,2,599.0,1198.0
SAL005030,2026-07-01,STR001,PRD002,2,2899.0,5798.0
SAL005031,2026-07-01,STR001,PRD004,3,1199.0,3597.0
SAL005032,2026-07-01,STR001,PRD005,3,2299.0,6897.0
SAL005033,2026-07-01,STR001,PRD006,3,1799.0,5397.0
SAL005034,2026-07-01,STR001,PRD007,5,1999.0,9995.0
SAL005035,2026-07-01,STR001,PRD008,2,1499.0,2998.0
SAL005036,2026-07-01,STR001,PRD010,8,1299.0,10392.0
SAL005037,2026-07-01,STR001,PRD011,2,1599.0,3198.0
SAL005038,2026-07-01,STR001,PRD012,1,199.0,199.0
SAL005039,2026-07-01,STR001,PRD020,2,1499.0,2998.0
SAL005040,2026-07-01,STR001,PRD021,3,1099.0,3297.0
SAL005041,2026-07-01,STR001,PRD022,1,599.0,599.0
SAL005042,2026-07-01,STR001,PRD025,3,1899.0,5697.0
SAL005043,2026-07-01,STR001,PRD026,2,299.0,598.0
SAL005044,2026-07-01,STR001,PRD027,1,179.0,179.0
SAL005045,2026-07-01,STR001,PRD029,3,349.0,1047.0
SAL005046,2026-07-01,STR001,PRD030,3,199.0,597.0
SAL005047,2026-07-01,STR001,PRD031,1,999.0,999.0
SAL005048,2026-07-01,STR001,PRD034,1,399.0,399.0
SAL005049,2026-07-01,STR001,PRD035,5,449.0,2245.0
SAL005050,2026-07-01,STR001,PRD036,6,329.0,1974.0
SAL005051,2026-07-01,STR001,PRD038,1,429.0,429.0
SAL005052,2026-07-01,STR001,PRD039,5,299.0,1495.0
SAL005053,2026-07-01,STR001,PRD040,7,249.0,1743.0
SAL005054,2026-07-01,STR002,PRD001,2,599.0,1198.0
SAL005055,2026-07-01,STR002,PRD002,5,2899.0,14495.0
SAL005056,2026-07-01,STR002,PRD003,5,3499.0,17495.0
SAL005057,2026-07-01,STR002,PRD004,6,1199.0,7194.0
SAL005058,2026-07-01,STR002,PRD005,1,2299.0,2299.0
SAL005059,2026-07-01,STR002,PRD007,2,1999.0,3998.0
SAL005060,2026-07-01,STR002,PRD009,8,299.0,2392.0
SAL005061,2026-07-01,STR002,PRD010,2,1299.0,2598.0
SAL005062,2026-07-01,STR002,PRD011,3,1599.0,4797.0
SAL005063,2026-07-01,STR002,PRD012,3,199.0,597.0
SAL005064,2026-07-01,STR002,PRD014,2,899.0,1798.0
SAL005065,2026-07-01,STR002,PRD017,5,649.0,3245.0
SAL005066,2026-07-01,STR002,PRD023,1,1299.0,1299.0
SAL005067,2026-07-01,STR002,PRD025,5,1899.0,9495.0
SAL005068,2026-07-01,STR002,PRD026,5,299.0,1495.0
SAL005069,2026-07-01,STR002,PRD028,3,499.0,1497.0
SAL005070,2026-07-01,STR002,PRD029,3,349.0,1047.0
SAL005071,2026-07-01,STR002,PRD030,7,199.0,1393.0
SAL005072,2026-07-01,STR002,PRD031,5,999.0,4995.0
SAL005073,2026-07-01,STR002,PRD034,5,399.0,1995.0
SAL005074,2026-07-01,STR002,PRD036,6,329.0,1974.0
SAL005075,2026-07-01,STR002,PRD037,3,379.0,1137.0
SAL005076,2026-07-01,STR002,PRD039,5,299.0,1495.0
SAL005077,2026-07-01,STR002,PRD040,6,249.0,1494.0
SAL005078,2026-07-01,STR003,PRD001,7,599.0,4193.0
SAL005079,2026-07-01,STR003,PRD002,1,2899.0,2899.0
SAL005080,2026-07-01,STR003,PRD003,2,3499.0,6998.0
SAL005081,2026-07-01,STR003,PRD004,6,1199.0,7194.0
SAL005082,2026-07-01,STR003,PRD012,4,199.0,796.0
SAL005083,2026-07-01,STR003,PRD015,1,449.0,449.0
SAL005084,2026-07-01,STR003,PRD016,3,1199.0,3597.0
SAL005085,2026-07-01,STR003,PRD019,1,1399.0,1399.0
SAL005086,2026-07-01,STR003,PRD023,3,1299.0,3897.0
SAL005087,2026-07-01,STR003,PRD024,4,1499.0,5996.0
SAL005088,2026-07-01,STR003,PRD025,4,1899.0,7596.0
SAL005089,2026-07-01,STR003,PRD026,4,299.0,1196.0
SAL005090,2026-07-01,STR003,PRD028,2,499.0,998.0
SAL005091,2026-07-01,STR003,PRD029,4,349.0,1396.0
SAL005092,2026-07-01,STR003,PRD030,7,199.0,1393.0
SAL005093,2026-07-01,STR003,PRD032,1,699.0,699.0
SAL005094,2026-07-01,STR003,PRD036,2,329.0,658.0
SAL005095,2026-07-01,STR003,PRD038,4,429.0,1716.0
SAL005096,2026-07-01,STR003,PRD039,3,299.0,897.0
SAL005097,2026-07-01,STR003,PRD040,2,249.0,498.0
SAL005098,2026-07-01,STR004,PRD002,1,2899.0,2899.0
SAL005099,2026-07-01,STR004,PRD003,1,3499.0,3499.0
SAL005100,2026-07-01,STR004,PRD004,7,1199.0,8393.0
SAL005101,2026-07-01,STR004,PRD005,2,2299.0,4598.0
SAL005102,2026-07-01,STR004,PRD006,1,1799.0,1799.0
SAL005103,2026-07-01,STR004,PRD007,4,1999.0,7996.0
SAL005104,2026-07-01,STR004,PRD009,6,299.0,1794.0
SAL005105,2026-07-01,STR004,PRD011,2,1599.0,3198.0
SAL005106,2026-07-01,STR004,PRD012,4,199.0,796.0
SAL005107,2026-07-01,STR004,PRD017,3,649.0,1947.0
SAL005108,2026-07-01,STR004,PRD018,3,899.0,2697.0
SAL005109,2026-07-01,STR004,PRD023,3,1299.0,3897.0
SAL005110,2026-07-01,STR004,PRD027,4,179.0,716.0
SAL005111,2026-07-01,STR004,PRD029,3,349.0,1047.0
SAL005112,2026-07-01,STR004,PRD030,2,199.0,398.0
SAL005113,2026-07-01,STR004,PRD031,1,999.0,999.0
SAL005114,2026-07-01,STR004,PRD034,4,399.0,1596.0
SAL005115,2026-07-01,STR004,PRD035,2,449.0,898.0
SAL005116,2026-07-01,STR004,PRD036,7,329.0,2303.0
SAL005117,2026-07-01,STR004,PRD038,4,429.0,1716.0
SAL005118,2026-07-01,STR004,PRD039,7,299.0,2093.0
SAL005119,2026-07-01,STR004,PRD040,7,249.0,1743.0
SAL005120,2026-07-02,STR001,PRD001,6,599.0,3594.0
SAL005121,2026-07-02,STR001,PRD002,2,2899.0,5798.0
SAL005122,2026-07-02,STR001,PRD003,4,3499.0,13996.0
SAL005123,2026-07-02,STR001,PRD004,6,1199.0,7194.0
SAL005124,2026-07-02,STR001,PRD006,1,1799.0,1799.0
SAL005125,2026-07-02,STR001,PRD007,5,1999.0,9995.0
SAL005126,2026-07-02,STR001,PRD008,4,1499.0,5996.0
SAL005127,2026-07-02,STR001,PRD009,3,299.0,897.0
SAL005128,2026-07-02,STR001,PRD010,8,1299.0,10392.0
SAL005129,2026-07-02,STR001,PRD011,1,1599.0,1599.0
SAL005130,2026-07-02,STR001,PRD014,2,899.0,1798.0
SAL005131,2026-07-02,STR001,PRD015,1,449.0,449.0
SAL005132,2026-07-02,STR001,PRD016,2,1199.0,2398.0
SAL005133,2026-07-02,STR001,PRD018,1,899.0,899.0
SAL005134,2026-07-02,STR001,PRD026,3,299.0,897.0
SAL005135,2026-07-02,STR001,PRD027,1,179.0,179.0
SAL005136,2026-07-02,STR001,PRD028,4,499.0,1996.0
SAL005137,2026-07-02,STR001,PRD030,7,199.0,1393.0
SAL005138,2026-07-02,STR001,PRD031,3,999.0,2997.0
SAL005139,2026-07-02,STR001,PRD033,2,849.0,1698.0
SAL005140,2026-07-02,STR001,PRD034,4,399.0,1596.0
SAL005141,2026-07-02,STR001,PRD035,7,449.0,3143.0
SAL005142,2026-07-02,STR001,PRD036,2,329.0,658.0
SAL005143,2026-07-02,STR001,PRD037,3,379.0,1137.0
SAL005144,2026-07-02,STR001,PRD038,2,429.0,858.0
SAL005145,2026-07-02,STR002,PRD001,3,599.0,1797.0
SAL005146,2026-07-02,STR002,PRD002,2,2899.0,5798.0
SAL005147,2026-07-02,STR002,PRD004,7,1199.0,8393.0
SAL005148,2026-07-02,STR002,PRD005,2,2299.0,4598.0
SAL005149,2026-07-02,STR002,PRD006,2,1799.0,3598.0
SAL005150,2026-07-02,STR002,PRD007,2,1999.0,3998.0
SAL005151,2026-07-02,STR002,PRD009,3,299.0,897.0
SAL005152,2026-07-02,STR002,PRD010,2,1299.0,2598.0
SAL005153,2026-07-02,STR002,PRD011,1,1599.0,1599.0
SAL005154,2026-07-02,STR002,PRD012,1,199.0,199.0
SAL005155,2026-07-02,STR002,PRD013,3,249.0,747.0
SAL005156,2026-07-02,STR002,PRD015,2,449.0,898.0
SAL005157,2026-07-02,STR002,PRD016,2,1199.0,2398.0
SAL005158,2026-07-02,STR002,PRD019,2,1399.0,2798.0
SAL005159,2026-07-02,STR002,PRD020,2,1499.0,2998.0
SAL005160,2026-07-02,STR002,PRD021,5,1099.0,5495.0
SAL005161,2026-07-02,STR002,PRD025,2,1899.0,3798.0
SAL005162,2026-07-02,STR002,PRD027,1,179.0,179.0
SAL005163,2026-07-02,STR002,PRD028,2,499.0,998.0
SAL005164,2026-07-02,STR002,PRD030,6,199.0,1194.0
SAL005165,2026-07-02,STR002,PRD034,1,399.0,399.0
SAL005166,2026-07-02,STR002,PRD036,5,329.0,1645.0
SAL005167,2026-07-02,STR002,PRD038,3,429.0,1287.0
SAL005168,2026-07-02,STR002,PRD039,7,299.0,2093.0
SAL005169,2026-07-02,STR002,PRD040,3,249.0,747.0
SAL005170,2026-07-02,STR003,PRD001,3,599.0,1797.0
SAL005171,2026-07-02,STR003,PRD002,4,2899.0,11596.0
SAL005172,2026-07-02,STR003,PRD004,3,1199.0,3597.0
SAL005173,2026-07-02,STR003,PRD005,3,2299.0,6897.0
SAL005174,2026-07-02,STR003,PRD006,1,1799.0,1799.0
SAL005175,2026-07-02,STR003,PRD007,2,1999.0,3998.0
SAL005176,2026-07-02,STR003,PRD008,1,1499.0,1499.0
SAL005177,2026-07-02,STR003,PRD009,3,299.0,897.0
SAL005178,2026-07-02,STR003,PRD011,3,1599.0,4797.0
SAL005179,2026-07-02,STR003,PRD012,4,199.0,796.0
SAL005180,2026-07-02,STR003,PRD015,3,449.0,1347.0
SAL005181,2026-07-02,STR003,PRD018,2,899.0,1798.0
SAL005182,2026-07-02,STR003,PRD026,5,299.0,1495.0
SAL005183,2026-07-02,STR003,PRD027,4,179.0,716.0
SAL005184,2026-07-02,STR003,PRD029,1,349.0,349.0
SAL005185,2026-07-02,STR003,PRD030,4,199.0,796.0
SAL005186,2026-07-02,STR003,PRD034,3,399.0,1197.0
SAL005187,2026-07-02,STR003,PRD036,4,329.0,1316.0
SAL005188,2026-07-02,STR003,PRD038,3,429.0,1287.0
SAL005189,2026-07-02,STR003,PRD039,5,299.0,1495.0
SAL005190,2026-07-02,STR003,PRD040,6,249.0,1494.0
SAL005191,2026-07-02,STR004,PRD001,7,599.0,4193.0
SAL005192,2026-07-02,STR004,PRD002,2,2899.0,5798.0
SAL005193,2026-07-02,STR004,PRD004,3,1199.0,3597.0
SAL005194,2026-07-02,STR004,PRD006,3,1799.0,5397.0
SAL005195,2026-07-02,STR004,PRD007,5,1999.0,9995.0
SAL005196,2026-07-02,STR004,PRD009,7,299.0,2093.0
SAL005197,2026-07-02,STR004,PRD011,2,1599.0,3198.0
SAL005198,2026-07-02,STR004,PRD012,3,199.0,597.0
SAL005199,2026-07-02,STR004,PRD013,4,249.0,996.0
SAL005200,2026-07-02,STR004,PRD015,3,449.0,1347.0
SAL005201,2026-07-02,STR004,PRD017,3,649.0,1947.0
SAL005202,2026-07-02,STR004,PRD018,3,899.0,2697.0
SAL005203,2026-07-02,STR004,PRD019,1,1399.0,1399.0
SAL005204,2026-07-02,STR004,PRD023,2,1299.0,2598.0
SAL005205,2026-07-02,STR004,PRD025,4,1899.0,7596.0
SAL005206,2026-07-02,STR004,PRD026,6,299.0,1794.0
SAL005207,2026-07-02,STR004,PRD028,5,499.0,2495.0
SAL005208,2026-07-02,STR004,PRD029,1,349.0,349.0
SAL005209,2026-07-02,STR004,PRD033,2,849.0,1698.0
SAL005210,2026-07-02,STR004,PRD034,1,399.0,399.0
SAL005211,2026-07-02,STR004,PRD035,1,449.0,449.0
SAL005212,2026-07-02,STR004,PRD036,2,329.0,658.0
SAL005213,2026-07-02,STR004,PRD037,1,379.0,379.0
SAL005214,2026-07-02,STR004,PRD038,3,429.0,1287.0
SAL005215,2026-07-02,STR004,PRD039,2,299.0,598.0
SAL005216,2026-07-03,STR001,PRD001,3,599.0,1797.0
SAL005217,2026-07-03,STR001,PRD002,1,2899.0,2899.0
SAL005218,2026-07-03,STR001,PRD003,3,3499.0,10497.0
SAL005219,2026-07-03,STR001,PRD006,2,1799.0,3598.0
SAL005220,2026-07-03,STR001,PRD007,4,1999.0,7996.0
SAL005221,2026-07-03,STR001,PRD009,3,299.0,897.0
SAL005222,2026-07-03,STR001,PRD010,8,1299.0,10392.0
SAL005223,2026-07-03,STR001,PRD013,4,249.0,996.0
SAL005224,2026-07-03,STR001,PRD014,1,899.0,899.0
SAL005225,2026-07-03,STR001,PRD016,3,1199.0,3597.0
SAL005226,2026-07-03,STR001,PRD018,1,899.0,899.0
SAL005227,2026-07-03,STR001,PRD020,4,1499.0,5996.0
SAL005228,2026-07-03,STR001,PRD024,1,1499.0,1499.0
SAL005229,2026-07-03,STR001,PRD025,3,1899.0,5697.0
SAL005230,2026-07-03,STR001,PRD026,6,299.0,1794.0
SAL005231,2026-07-03,STR001,PRD028,3,499.0,1497.0
SAL005232,2026-07-03,STR001,PRD029,1,349.0,349.0
SAL005233,2026-07-03,STR001,PRD030,5,199.0,995.0
SAL005234,2026-07-03,STR001,PRD031,4,999.0,3996.0
SAL005235,2026-07-03,STR001,PRD034,3,399.0,1197.0
SAL005236,2026-07-03,STR001,PRD035,7,449.0,3143.0
SAL005237,2026-07-03,STR001,PRD036,6,329.0,1974.0
SAL005238,2026-07-03,STR001,PRD037,1,379.0,379.0
SAL005239,2026-07-03,STR001,PRD038,4,429.0,1716.0
SAL005240,2026-07-03,STR001,PRD039,6,299.0,1794.0
SAL005241,2026-07-03,STR001,PRD040,3,249.0,747.0
SAL005242,2026-07-03,STR002,PRD001,7,599.0,4193.0
SAL005243,2026-07-03,STR002,PRD004,6,1199.0,7194.0
SAL005244,2026-07-03,STR002,PRD005,2,2299.0,4598.0
SAL005245,2026-07-03,STR002,PRD006,3,1799.0,5397.0
SAL005246,2026-07-03,STR002,PRD007,5,1999.0,9995.0
SAL005247,2026-07-03,STR002,PRD009,6,299.0,1794.0
SAL005248,2026-07-03,STR002,PRD012,1,199.0,199.0
SAL005249,2026-07-03,STR002,PRD013,1,249.0,249.0
SAL005250,2026-07-03,STR002,PRD015,5,449.0,2245.0
SAL005251,2026-07-03,STR002,PRD016,5,1199.0,5995.0
SAL005252,2026-07-03,STR002,PRD019,2,1399.0,2798.0
SAL005253,2026-07-03,STR002,PRD020,3,1499.0,4497.0
SAL005254,2026-07-03,STR002,PRD021,3,1099.0,3297.0
SAL005255,2026-07-03,STR002,PRD023,2,1299.0,2598.0
SAL005256,2026-07-03,STR002,PRD026,3,299.0,897.0
SAL005257,2026-07-03,STR002,PRD027,2,179.0,358.0
SAL005258,2026-07-03,STR002,PRD028,2,499.0,998.0
SAL005259,2026-07-03,STR002,PRD029,3,349.0,1047.0
SAL005260,2026-07-03,STR002,PRD030,5,199.0,995.0
SAL005261,2026-07-03,STR002,PRD031,5,999.0,4995.0
SAL005262,2026-07-03,STR002,PRD034,3,399.0,1197.0
SAL005263,2026-07-03,STR002,PRD035,1,449.0,449.0
SAL005264,2026-07-03,STR002,PRD036,2,329.0,658.0
SAL005265,2026-07-03,STR002,PRD039,8,299.0,2392.0
SAL005266,2026-07-03,STR002,PRD040,7,249.0,1743.0
SAL005267,2026-07-03,STR003,PRD001,5,599.0,2995.0
SAL005268,2026-07-03,STR003,PRD003,2,3499.0,6998.0
SAL005269,2026-07-03,STR003,PRD004,2,1199.0,2398.0
SAL005270,2026-07-03,STR003,PRD005,1,2299.0,2299.0
SAL005271,2026-07-03,STR003,PRD006,2,1799.0,3598.0
SAL005272,2026-07-03,STR003,PRD007,5,1999.0,9995.0
SAL005273,2026-07-03,STR003,PRD009,3,299.0,897.0
SAL005274,2026-07-03,STR003,PRD010,1,1299.0,1299.0
SAL005275,2026-07-03,STR003,PRD011,1,1599.0,1599.0
SAL005276,2026-07-03,STR003,PRD012,2,199.0,398.0
SAL005277,2026-07-03,STR003,PRD015,1,449.0,449.0
SAL005278,2026-07-03,STR003,PRD016,2,1199.0,2398.0
SAL005279,2026-07-03,STR003,PRD017,2,649.0,1298.0
SAL005280,2026-07-03,STR003,PRD019,2,1399.0,2798.0
SAL005281,2026-07-03,STR003,PRD020,3,1499.0,4497.0
SAL005282,2026-07-03,STR003,PRD021,4,1099.0,4396.0
SAL005283,2026-07-03,STR003,PRD022,1,599.0,599.0
SAL005284,2026-07-03,STR003,PRD024,1,1499.0,1499.0
SAL005285,2026-07-03,STR003,PRD025,4,1899.0,7596.0
SAL005286,2026-07-03,STR003,PRD026,4,299.0,1196.0
SAL005287,2026-07-03,STR003,PRD027,4,179.0,716.0
SAL005288,2026-07-03,STR003,PRD028,5,499.0,2495.0
SAL005289,2026-07-03,STR003,PRD030,6,199.0,1194.0
SAL005290,2026-07-03,STR003,PRD031,3,999.0,2997.0
SAL005291,2026-07-03,STR003,PRD036,5,329.0,1645.0
SAL005292,2026-07-03,STR003,PRD037,4,379.0,1516.0
SAL005293,2026-07-03,STR003,PRD038,1,429.0,429.0
SAL005294,2026-07-03,STR003,PRD039,6,299.0,1794.0
SAL005295,2026-07-03,STR004,PRD001,2,599.0,1198.0
SAL005296,2026-07-03,STR004,PRD003,4,3499.0,13996.0
SAL005297,2026-07-03,STR004,PRD004,2,1199.0,2398.0
SAL005298,2026-07-03,STR004,PRD005,1,2299.0,2299.0
SAL005299,2026-07-03,STR004,PRD007,3,1999.0,5997.0
SAL005300,2026-07-03,STR004,PRD008,2,1499.0,2998.0
SAL005301,2026-07-03,STR004,PRD009,4,299.0,1196.0
SAL005302,2026-07-03,STR004,PRD011,2,1599.0,3198.0
SAL005303,2026-07-03,STR004,PRD013,4,249.0,996.0
SAL005304,2026-07-03,STR004,PRD015,2,449.0,898.0
SAL005305,2026-07-03,STR004,PRD016,4,1199.0,4796.0
SAL005306,2026-07-03,STR004,PRD018,1,899.0,899.0
SAL005307,2026-07-03,STR004,PRD021,1,1099.0,1099.0
SAL005308,2026-07-03,STR004,PRD026,4,299.0,1196.0
SAL005309,2026-07-03,STR004,PRD027,4,179.0,716.0
SAL005310,2026-07-03,STR004,PRD028,5,499.0,2495.0
SAL005311,2026-07-03,STR004,PRD029,3,349.0,1047.0
SAL005312,2026-07-03,STR004,PRD030,6,199.0,1194.0
SAL005313,2026-07-03,STR004,PRD031,1,999.0,999.0
SAL005314,2026-07-03,STR004,PRD032,2,699.0,1398.0
SAL005315,2026-07-03,STR004,PRD033,1,849.0,849.0
SAL005316,2026-07-03,STR004,PRD036,4,329.0,1316.0
SAL005317,2026-07-03,STR004,PRD038,3,429.0,1287.0
SAL005318,2026-07-03,STR004,PRD039,2,299.0,598.0
SAL005319,2026-07-03,STR004,PRD040,6,249.0,1494.0
SAL005320,2026-07-04,STR001,PRD001,7,599.0,4193.0
SAL005321,2026-07-04,STR001,PRD003,1,3499.0,3499.0
SAL005322,2026-07-04,STR001,PRD004,8,1199.0,9592.0
SAL005323,2026-07-04,STR001,PRD006,1,1799.0,1799.0
SAL005324,2026-07-04,STR001,PRD008,5,1499.0,7495.0
SAL005325,2026-07-04,STR001,PRD009,9,299.0,2691.0
SAL005326,2026-07-04,STR001,PRD010,8,1299.0,10392.0
SAL005327,2026-07-04,STR001,PRD011,3,1599.0,4797.0
SAL005328,2026-07-04,STR001,PRD012,5,199.0,995.0
SAL005329,2026-07-04,STR001,PRD013,3,249.0,747.0
SAL005330,2026-07-04,STR001,PRD014,3,899.0,2697.0
SAL005331,2026-07-04,STR001,PRD015,3,449.0,1347.0
SAL005332,2026-07-04,STR001,PRD016,3,1199.0,3597.0
SAL005333,2026-07-04,STR001,PRD017,3,649.0,1947.0
SAL005334,2026-07-04,STR001,PRD018,4,899.0,3596.0
SAL005335,2026-07-04,STR001,PRD021,1,1099.0,1099.0
SAL005336,2026-07-04,STR001,PRD022,1,599.0,599.0
SAL005337,2026-07-04,STR001,PRD023,5,1299.0,6495.0
SAL005338,2026-07-04,STR001,PRD025,3,1899.0,5697.0
SAL005339,2026-07-04,STR001,PRD027,1,179.0,179.0
SAL005340,2026-07-04,STR001,PRD028,5,499.0,2495.0
SAL005341,2026-07-04,STR001,PRD035,8,449.0,3592.0
SAL005342,2026-07-04,STR001,PRD036,5,329.0,1645.0
SAL005343,2026-07-04,STR001,PRD037,4,379.0,1516.0
SAL005344,2026-07-04,STR001,PRD039,4,299.0,1196.0
SAL005345,2026-07-04,STR001,PRD040,3,249.0,747.0
SAL005346,2026-07-04,STR002,PRD001,6,599.0,3594.0
SAL005347,2026-07-04,STR002,PRD002,4,2899.0,11596.0
SAL005348,2026-07-04,STR002,PRD003,6,3499.0,20994.0
SAL005349,2026-07-04,STR002,PRD004,9,1199.0,10791.0
SAL005350,2026-07-04,STR002,PRD005,3,2299.0,6897.0
SAL005351,2026-07-04,STR002,PRD006,3,1799.0,5397.0
SAL005352,2026-07-04,STR002,PRD007,4,1999.0,7996.0
SAL005353,2026-07-04,STR002,PRD009,4,299.0,1196.0
SAL005354,2026-07-04,STR002,PRD012,6,199.0,1194.0
SAL005355,2026-07-04,STR002,PRD015,1,449.0,449.0
SAL005356,2026-07-04,STR002,PRD016,6,1199.0,7194.0
SAL005357,2026-07-04,STR002,PRD021,6,1099.0,6594.0
SAL005358,2026-07-04,STR002,PRD023,6,1299.0,7794.0
SAL005359,2026-07-04,STR002,PRD025,4,1899.0,7596.0
SAL005360,2026-07-04,STR002,PRD026,4,299.0,1196.0
SAL005361,2026-07-04,STR002,PRD027,6,179.0,1074.0
SAL005362,2026-07-04,STR002,PRD029,3,349.0,1047.0
SAL005363,2026-07-04,STR002,PRD030,4,199.0,796.0
SAL005364,2026-07-04,STR002,PRD031,3,999.0,2997.0
SAL005365,2026-07-04,STR002,PRD036,3,329.0,987.0
SAL005366,2026-07-04,STR002,PRD038,6,429.0,2574.0
SAL005367,2026-07-04,STR002,PRD039,3,299.0,897.0
SAL005368,2026-07-04,STR003,PRD001,8,599.0,4792.0
SAL005369,2026-07-04,STR003,PRD004,4,1199.0,4796.0
SAL005370,2026-07-04,STR003,PRD005,2,2299.0,4598.0
SAL005371,2026-07-04,STR003,PRD007,5,1999.0,9995.0
SAL005372,2026-07-04,STR003,PRD009,4,299.0,1196.0
SAL005373,2026-07-04,STR003,PRD011,1,1599.0,1599.0
SAL005374,2026-07-04,STR003,PRD013,1,249.0,249.0
SAL005375,2026-07-04,STR003,PRD016,2,1199.0,2398.0
SAL005376,2026-07-04,STR003,PRD020,4,1499.0,5996.0
SAL005377,2026-07-04,STR003,PRD024,1,1499.0,1499.0
SAL005378,2026-07-04,STR003,PRD025,4,1899.0,7596.0
SAL005379,2026-07-04,STR003,PRD026,8,299.0,2392.0
SAL005380,2026-07-04,STR003,PRD027,5,179.0,895.0
SAL005381,2026-07-04,STR003,PRD028,5,499.0,2495.0
SAL005382,2026-07-04,STR003,PRD029,4,349.0,1396.0
SAL005383,2026-07-04,STR003,PRD030,8,199.0,1592.0
SAL005384,2026-07-04,STR003,PRD031,5,999.0,4995.0
SAL005385,2026-07-04,STR003,PRD034,5,399.0,1995.0
SAL005386,2026-07-04,STR003,PRD039,4,299.0,1196.0
SAL005387,2026-07-04,STR003,PRD040,4,249.0,996.0
SAL005388,2026-07-04,STR004,PRD001,2,599.0,1198.0
SAL005389,2026-07-04,STR004,PRD002,1,2899.0,2899.0
SAL005390,2026-07-04,STR004,PRD003,5,3499.0,17495.0
SAL005391,2026-07-04,STR004,PRD004,9,1199.0,10791.0
SAL005392,2026-07-04,STR004,PRD005,2,2299.0,4598.0
SAL005393,2026-07-04,STR004,PRD007,6,1999.0,11994.0
SAL005394,2026-07-04,STR004,PRD008,1,1499.0,1499.0
SAL005395,2026-07-04,STR004,PRD013,2,249.0,498.0
SAL005396,2026-07-04,STR004,PRD016,5,1199.0,5995.0
SAL005397,2026-07-04,STR004,PRD017,1,649.0,649.0
SAL005398,2026-07-04,STR004,PRD018,2,899.0,1798.0
SAL005399,2026-07-04,STR004,PRD021,5,1099.0,5495.0
SAL005400,2026-07-04,STR004,PRD024,4,1499.0,5996.0
SAL005401,2026-07-04,STR004,PRD026,9,299.0,2691.0
SAL005402,2026-07-04,STR004,PRD027,2,179.0,358.0
SAL005403,2026-07-04,STR004,PRD028,4,499.0,1996.0
SAL005404,2026-07-04,STR004,PRD030,6,199.0,1194.0
SAL005405,2026-07-04,STR004,PRD033,1,849.0,849.0
SAL005406,2026-07-04,STR004,PRD034,5,399.0,1995.0
SAL005407,2026-07-04,STR004,PRD038,1,429.0,429.0
SAL005408,2026-07-04,STR004,PRD039,9,299.0,2691.0
SAL005409,2026-07-04,STR004,PRD040,7,249.0,1743.0
SAL005410,2026-07-05,STR001,PRD001,3,599.0,1797.0
SAL005411,2026-07-05,STR001,PRD002,3,2899.0,8697.0
SAL005412,2026-07-05,STR001,PRD003,4,3499.0,13996.0
SAL005413,2026-07-05,STR001,PRD004,9,1199.0,10791.0
SAL005414,2026-07-05,STR001,PRD006,5,1799.0,8995.0
SAL005415,2026-07-05,STR001,PRD009,8,299.0,2392.0
SAL005416,2026-07-05,STR001,PRD010,5,1299.0,6495.0
SAL005417,2026-07-05,STR001,PRD011,4,1599.0,6396.0
SAL005418,2026-07-05,STR001,PRD012,5,199.0,995.0
SAL005419,2026-07-05,STR001,PRD013,4,249.0,996.0
SAL005420,2026-07-05,STR001,PRD014,1,899.0,899.0
SAL005421,2026-07-05,STR001,PRD015,5,449.0,2245.0
SAL005422,2026-07-05,STR001,PRD020,3,1499.0,4497.0
SAL005423,2026-07-05,STR001,PRD021,4,1099.0,4396.0
SAL005424,2026-07-05,STR001,PRD026,7,299.0,2093.0
SAL005425,2026-07-05,STR001,PRD027,3,179.0,537.0
SAL005426,2026-07-05,STR001,PRD028,7,499.0,3493.0
SAL005427,2026-07-05,STR001,PRD029,1,349.0,349.0
SAL005428,2026-07-05,STR001,PRD030,3,199.0,597.0
SAL005429,2026-07-05,STR001,PRD034,5,399.0,1995.0
SAL005430,2026-07-05,STR001,PRD035,8,449.0,3592.0
SAL005431,2026-07-05,STR001,PRD036,9,329.0,2961.0
SAL005432,2026-07-05,STR001,PRD037,3,379.0,1137.0
SAL005433,2026-07-05,STR001,PRD038,4,429.0,1716.0
SAL005434,2026-07-05,STR001,PRD039,4,299.0,1196.0
SAL005435,2026-07-05,STR002,PRD001,10,599.0,5990.0
SAL005436,2026-07-05,STR002,PRD002,3,2899.0,8697.0
SAL005437,2026-07-05,STR002,PRD003,6,3499.0,20994.0
SAL005438,2026-07-05,STR002,PRD004,10,1199.0,11990.0
SAL005439,2026-07-05,STR002,PRD005,3,2299.0,6897.0
SAL005440,2026-07-05,STR002,PRD006,3,1799.0,5397.0
SAL005441,2026-07-05,STR002,PRD009,6,299.0,1794.0
SAL005442,2026-07-05,STR002,PRD011,6,1599.0,9594.0
SAL005443,2026-07-05,STR002,PRD012,3,199.0,597.0
SAL005444,2026-07-05,STR002,PRD013,4,249.0,996.0
SAL005445,2026-07-05,STR002,PRD015,1,449.0,449.0
SAL005446,2026-07-05,STR002,PRD016,3,1199.0,3597.0
SAL005447,2026-07-05,STR002,PRD019,1,1399.0,1399.0
SAL005448,2026-07-05,STR002,PRD020,4,1499.0,5996.0
SAL005449,2026-07-05,STR002,PRD022,3,599.0,1797.0
SAL005450,2026-07-05,STR002,PRD023,6,1299.0,7794.0
SAL005451,2026-07-05,STR002,PRD024,6,1499.0,8994.0
SAL005452,2026-07-05,STR002,PRD026,3,299.0,897.0
SAL005453,2026-07-05,STR002,PRD027,1,179.0,179.0
SAL005454,2026-07-05,STR002,PRD028,7,499.0,3493.0
SAL005455,2026-07-05,STR002,PRD030,6,199.0,1194.0
SAL005456,2026-07-05,STR002,PRD037,4,379.0,1516.0
SAL005457,2026-07-05,STR002,PRD038,3,429.0,1287.0
SAL005458,2026-07-05,STR002,PRD039,10,299.0,2990.0
SAL005459,2026-07-05,STR002,PRD040,6,249.0,1494.0
SAL005460,2026-07-05,STR003,PRD003,5,3499.0,17495.0
SAL005461,2026-07-05,STR003,PRD004,4,1199.0,4796.0
SAL005462,2026-07-05,STR003,PRD006,1,1799.0,1799.0
SAL005463,2026-07-05,STR003,PRD009,6,299.0,1794.0
SAL005464,2026-07-05,STR003,PRD011,4,1599.0,6396.0
SAL005465,2026-07-05,STR003,PRD013,1,249.0,249.0
SAL005466,2026-07-05,STR003,PRD014,1,899.0,899.0
SAL005467,2026-07-05,STR003,PRD015,4,449.0,1796.0
SAL005468,2026-07-05,STR003,PRD016,4,1199.0,4796.0
SAL005469,2026-07-05,STR003,PRD018,1,899.0,899.0
SAL005470,2026-07-05,STR003,PRD021,1,1099.0,1099.0
SAL005471,2026-07-05,STR003,PRD024,2,1499.0,2998.0
SAL005472,2026-07-05,STR003,PRD025,4,1899.0,7596.0
SAL005473,2026-07-05,STR003,PRD026,2,299.0,598.0
SAL005474,2026-07-05,STR003,PRD028,4,499.0,1996.0
SAL005475,2026-07-05,STR003,PRD029,5,349.0,1745.0
SAL005476,2026-07-05,STR003,PRD030,2,199.0,398.0
SAL005477,2026-07-05,STR003,PRD031,4,999.0,3996.0
SAL005478,2026-07-05,STR003,PRD037,5,379.0,1895.0
SAL005479,2026-07-05,STR003,PRD040,6,249.0,1494.0
SAL005480,2026-07-05,STR004,PRD001,5,599.0,2995.0
SAL005481,2026-07-05,STR004,PRD002,1,2899.0,2899.0
SAL005482,2026-07-05,STR004,PRD004,9,1199.0,10791.0
SAL005483,2026-07-05,STR004,PRD005,1,2299.0,2299.0
SAL005484,2026-07-05,STR004,PRD007,2,1999.0,3998.0
SAL005485,2026-07-05,STR004,PRD008,1,1499.0,1499.0
SAL005486,2026-07-05,STR004,PRD011,1,1599.0,1599.0
SAL005487,2026-07-05,STR004,PRD012,2,199.0,398.0
SAL005488,2026-07-05,STR004,PRD014,1,899.0,899.0
SAL005489,2026-07-05,STR004,PRD015,1,449.0,449.0
SAL005490,2026-07-05,STR004,PRD017,4,649.0,2596.0
SAL005491,2026-07-05,STR004,PRD020,5,1499.0,7495.0
SAL005492,2026-07-05,STR004,PRD022,2,599.0,1198.0
SAL005493,2026-07-05,STR004,PRD023,4,1299.0,5196.0
SAL005494,2026-07-05,STR004,PRD024,1,1499.0,1499.0
SAL005495,2026-07-05,STR004,PRD025,1,1899.0,1899.0
SAL005496,2026-07-05,STR004,PRD028,6,499.0,2994.0
SAL005497,2026-07-05,STR004,PRD029,4,349.0,1396.0
SAL005498,2026-07-05,STR004,PRD030,2,199.0,398.0
SAL005499,2026-07-05,STR004,PRD031,2,999.0,1998.0
SAL005500,2026-07-05,STR004,PRD032,1,699.0,699.0
SAL005501,2026-07-05,STR004,PRD033,1,849.0,849.0
SAL005502,2026-07-05,STR004,PRD035,1,449.0,449.0
SAL005503,2026-07-05,STR004,PRD036,4,329.0,1316.0
SAL005504,2026-07-05,STR004,PRD037,2,379.0,758.0
SAL005505,2026-07-05,STR004,PRD039,7,299.0,2093.0
SAL005506,2026-07-06,STR001,PRD001,7,599.0,4193.0
SAL005507,2026-07-06,STR001,PRD003,2,3499.0,6998.0
SAL005508,2026-07-06,STR001,PRD004,3,1199.0,3597.0
SAL005509,2026-07-06,STR001,PRD006,3,1799.0,5397.0
SAL005510,2026-07-06,STR001,PRD007,5,1999.0,9995.0
SAL005511,2026-07-06,STR001,PRD009,6,299.0,1794.0
SAL005512,2026-07-06,STR001,PRD010,5,1299.0,6495.0
SAL005513,2026-07-06,STR001,PRD016,1,1199.0,1199.0
SAL005514,2026-07-06,STR001,PRD017,2,649.0,1298.0
SAL005515,2026-07-06,STR001,PRD024,1,1499.0,1499.0
SAL005516,2026-07-06,STR001,PRD025,2,1899.0,3798.0
SAL005517,2026-07-06,STR001,PRD026,7,299.0,2093.0
SAL005518,2026-07-06,STR001,PRD027,4,179.0,716.0
SAL005519,2026-07-06,STR001,PRD028,3,499.0,1497.0
SAL005520,2026-07-06,STR001,PRD029,1,349.0,349.0
SAL005521,2026-07-06,STR001,PRD030,7,199.0,1393.0
SAL005522,2026-07-06,STR001,PRD031,1,999.0,999.0
SAL005523,2026-07-06,STR001,PRD033,1,849.0,849.0
SAL005524,2026-07-06,STR001,PRD034,4,399.0,1596.0
SAL005525,2026-07-06,STR001,PRD035,4,449.0,1796.0
SAL005526,2026-07-06,STR001,PRD037,4,379.0,1516.0
SAL005527,2026-07-06,STR001,PRD038,3,429.0,1287.0
SAL005528,2026-07-06,STR001,PRD039,3,299.0,897.0
SAL005529,2026-07-06,STR002,PRD001,6,599.0,3594.0
SAL005530,2026-07-06,STR002,PRD002,2,2899.0,5798.0
SAL005531,2026-07-06,STR002,PRD003,3,3499.0,10497.0
SAL005532,2026-07-06,STR002,PRD004,5,1199.0,5995.0
SAL005533,2026-07-06,STR002,PRD005,2,2299.0,4598.0
SAL005534,2026-07-06,STR002,PRD006,1,1799.0,1799.0
SAL005535,2026-07-06,STR002,PRD008,2,1499.0,2998.0
SAL005536,2026-07-06,STR002,PRD009,5,299.0,1495.0
SAL005537,2026-07-06,STR002,PRD010,2,1299.0,2598.0
SAL005538,2026-07-06,STR002,PRD011,1,1599.0,1599.0
SAL005539,2026-07-06,STR002,PRD012,1,199.0,199.0
SAL005540,2026-07-06,STR002,PRD013,3,249.0,747.0
SAL005541,2026-07-06,STR002,PRD015,2,449.0,898.0
SAL005542,2026-07-06,STR002,PRD017,5,649.0,3245.0
SAL005543,2026-07-06,STR002,PRD020,5,1499.0,7495.0
SAL005544,2026-07-06,STR002,PRD022,1,599.0,599.0
SAL005545,2026-07-06,STR002,PRD024,2,1499.0,2998.0
SAL005546,2026-07-06,STR002,PRD025,3,1899.0,5697.0
SAL005547,2026-07-06,STR002,PRD026,8,299.0,2392.0
SAL005548,2026-07-06,STR002,PRD027,3,179.0,537.0
SAL005549,2026-07-06,STR002,PRD029,1,349.0,349.0
SAL005550,2026-07-06,STR002,PRD030,5,199.0,995.0
SAL005551,2026-07-06,STR002,PRD031,2,999.0,1998.0
SAL005552,2026-07-06,STR002,PRD036,7,329.0,2303.0
SAL005553,2026-07-06,STR002,PRD040,2,249.0,498.0
SAL005554,2026-07-06,STR003,PRD001,7,599.0,4193.0
SAL005555,2026-07-06,STR003,PRD003,3,3499.0,10497.0
SAL005556,2026-07-06,STR003,PRD004,3,1199.0,3597.0
SAL005557,2026-07-06,STR003,PRD005,3,2299.0,6897.0
SAL005558,2026-07-06,STR003,PRD006,4,1799.0,7196.0
SAL005559,2026-07-06,STR003,PRD007,4,1999.0,7996.0
SAL005560,2026-07-06,STR003,PRD009,7,299.0,2093.0
SAL005561,2026-07-06,STR003,PRD013,4,249.0,996.0
SAL005562,2026-07-06,STR003,PRD016,3,1199.0,3597.0
SAL005563,2026-07-06,STR003,PRD017,2,649.0,1298.0
SAL005564,2026-07-06,STR003,PRD018,2,899.0,1798.0
SAL005565,2026-07-06,STR003,PRD019,1,1399.0,1399.0
SAL005566,2026-07-06,STR003,PRD021,2,1099.0,2198.0
SAL005567,2026-07-06,STR003,PRD022,1,599.0,599.0
SAL005568,2026-07-06,STR003,PRD023,4,1299.0,5196.0
SAL005569,2026-07-06,STR003,PRD024,1,1499.0,1499.0
SAL005570,2026-07-06,STR003,PRD025,4,1899.0,7596.0
SAL005571,2026-07-06,STR003,PRD026,3,299.0,897.0
SAL005572,2026-07-06,STR003,PRD028,2,499.0,998.0
SAL005573,2026-07-06,STR003,PRD029,1,349.0,349.0
SAL005574,2026-07-06,STR003,PRD031,3,999.0,2997.0
SAL005575,2026-07-06,STR003,PRD035,1,449.0,449.0
SAL005576,2026-07-06,STR003,PRD036,2,329.0,658.0
SAL005577,2026-07-06,STR003,PRD039,7,299.0,2093.0
SAL005578,2026-07-06,STR004,PRD001,5,599.0,2995.0
SAL005579,2026-07-06,STR004,PRD003,1,3499.0,3499.0
SAL005580,2026-07-06,STR004,PRD005,1,2299.0,2299.0
SAL005581,2026-07-06,STR004,PRD008,2,1499.0,2998.0
SAL005582,2026-07-06,STR004,PRD010,2,1299.0,2598.0
SAL005583,2026-07-06,STR004,PRD015,1,449.0,449.0
SAL005584,2026-07-06,STR004,PRD019,1,1399.0,1399.0
SAL005585,2026-07-06,STR004,PRD020,1,1499.0,1499.0
SAL005586,2026-07-06,STR004,PRD022,1,599.0,599.0
SAL005587,2026-07-06,STR004,PRD023,3,1299.0,3897.0
SAL005588,2026-07-06,STR004,PRD024,4,1499.0,5996.0
SAL005589,2026-07-06,STR004,PRD025,2,1899.0,3798.0
SAL005590,2026-07-06,STR004,PRD026,7,299.0,2093.0
SAL005591,2026-07-06,STR004,PRD028,4,499.0,1996.0
SAL005592,2026-07-06,STR004,PRD030,7,199.0,1393.0
SAL005593,2026-07-06,STR004,PRD031,2,999.0,1998.0
SAL005594,2026-07-06,STR004,PRD033,2,849.0,1698.0
SAL005595,2026-07-06,STR004,PRD034,2,399.0,798.0
SAL005596,2026-07-06,STR004,PRD037,2,379.0,758.0
SAL005597,2026-07-06,STR004,PRD038,2,429.0,858.0
SAL005598,2026-07-06,STR004,PRD039,5,299.0,1495.0
SAL005599,2026-07-06,STR004,PRD040,3,249.0,747.0
SAL005600,2026-07-07,STR001,PRD001,6,599.0,3594.0
SAL005601,2026-07-07,STR001,PRD004,6,1199.0,7194.0
SAL005602,2026-07-07,STR001,PRD009,6,299.0,1794.0
SAL005603,2026-07-07,STR001,PRD010,8,1299.0,10392.0
SAL005604,2026-07-07,STR001,PRD011,4,1599.0,6396.0
SAL005605,2026-07-07,STR001,PRD012,4,199.0,796.0
SAL005606,2026-07-07,STR001,PRD013,3,249.0,747.0
SAL005607,2026-07-07,STR001,PRD018,2,899.0,1798.0
SAL005608,2026-07-07,STR001,PRD020,1,1499.0,1499.0
SAL005609,2026-07-07,STR001,PRD022,1,599.0,599.0
SAL005610,2026-07-07,STR001,PRD024,1,1499.0,1499.0
SAL005611,2026-07-07,STR001,PRD026,7,299.0,2093.0
SAL005612,2026-07-07,STR001,PRD029,2,349.0,698.0
SAL005613,2026-07-07,STR001,PRD030,3,199.0,597.0
SAL005614,2026-07-07,STR001,PRD033,1,849.0,849.0
SAL005615,2026-07-07,STR001,PRD034,1,399.0,399.0
SAL005616,2026-07-07,STR001,PRD035,8,449.0,3592.0
SAL005617,2026-07-07,STR001,PRD036,4,329.0,1316.0
SAL005618,2026-07-07,STR001,PRD037,2,379.0,758.0
SAL005619,2026-07-07,STR001,PRD039,5,299.0,1495.0
SAL005620,2026-07-07,STR002,PRD001,3,599.0,1797.0
SAL005621,2026-07-07,STR002,PRD003,2,3499.0,6998.0
SAL005622,2026-07-07,STR002,PRD004,2,1199.0,2398.0
SAL005623,2026-07-07,STR002,PRD005,3,2299.0,6897.0
SAL005624,2026-07-07,STR002,PRD006,3,1799.0,5397.0
SAL005625,2026-07-07,STR002,PRD007,5,1999.0,9995.0
SAL005626,2026-07-07,STR002,PRD009,2,299.0,598.0
SAL005627,2026-07-07,STR002,PRD016,2,1199.0,2398.0
SAL005628,2026-07-07,STR002,PRD020,2,1499.0,2998.0
SAL005629,2026-07-07,STR002,PRD021,1,1099.0,1099.0
SAL005630,2026-07-07,STR002,PRD025,1,1899.0,1899.0
SAL005631,2026-07-07,STR002,PRD026,5,299.0,1495.0
SAL005632,2026-07-07,STR002,PRD027,1,179.0,179.0
SAL005633,2026-07-07,STR002,PRD029,3,349.0,1047.0
SAL005634,2026-07-07,STR002,PRD030,5,199.0,995.0
SAL005635,2026-07-07,STR002,PRD031,2,999.0,1998.0
SAL005636,2026-07-07,STR002,PRD034,5,399.0,1995.0
SAL005637,2026-07-07,STR002,PRD036,3,329.0,987.0
SAL005638,2026-07-07,STR002,PRD037,3,379.0,1137.0
SAL005639,2026-07-07,STR002,PRD038,1,429.0,429.0
SAL005640,2026-07-07,STR002,PRD039,6,299.0,1794.0
SAL005641,2026-07-07,STR002,PRD040,6,249.0,1494.0
SAL005642,2026-07-07,STR003,PRD001,2,599.0,1198.0
SAL005643,2026-07-07,STR003,PRD003,3,3499.0,10497.0
SAL005644,2026-07-07,STR003,PRD005,3,2299.0,6897.0
SAL005645,2026-07-07,STR003,PRD006,3,1799.0,5397.0
SAL005646,2026-07-07,STR003,PRD008,2,1499.0,2998.0
SAL005647,2026-07-07,STR003,PRD009,6,299.0,1794.0
SAL005648,2026-07-07,STR003,PRD010,2,1299.0,2598.0
SAL005649,2026-07-07,STR003,PRD011,3,1599.0,4797.0
SAL005650,2026-07-07,STR003,PRD012,3,199.0,597.0
SAL005651,2026-07-07,STR003,PRD013,1,249.0,249.0
SAL005652,2026-07-07,STR003,PRD017,1,649.0,649.0
SAL005653,2026-07-07,STR003,PRD019,2,1399.0,2798.0
SAL005654,2026-07-07,STR003,PRD020,2,1499.0,2998.0
SAL005655,2026-07-07,STR003,PRD021,4,1099.0,4396.0
SAL005656,2026-07-07,STR003,PRD024,2,1499.0,2998.0
SAL005657,2026-07-07,STR003,PRD025,1,1899.0,1899.0
SAL005658,2026-07-07,STR003,PRD026,2,299.0,598.0
SAL005659,2026-07-07,STR003,PRD029,1,349.0,349.0
SAL005660,2026-07-07,STR003,PRD036,6,329.0,1974.0
SAL005661,2026-07-07,STR003,PRD038,2,429.0,858.0
SAL005662,2026-07-07,STR003,PRD039,5,299.0,1495.0
SAL005663,2026-07-07,STR003,PRD040,3,249.0,747.0
SAL005664,2026-07-07,STR004,PRD001,2,599.0,1198.0
SAL005665,2026-07-07,STR004,PRD002,2,2899.0,5798.0
SAL005666,2026-07-07,STR004,PRD003,1,3499.0,3499.0
SAL005667,2026-07-07,STR004,PRD004,5,1199.0,5995.0
SAL005668,2026-07-07,STR004,PRD006,2,1799.0,3598.0
SAL005669,2026-07-07,STR004,PRD007,4,1999.0,7996.0
SAL005670,2026-07-07,STR004,PRD008,2,1499.0,2998.0
SAL005671,2026-07-07,STR004,PRD009,5,299.0,1495.0
SAL005672,2026-07-07,STR004,PRD011,4,1599.0,6396.0
SAL005673,2026-07-07,STR004,PRD012,3,199.0,597.0
SAL005674,2026-07-07,STR004,PRD015,1,449.0,449.0
SAL005675,2026-07-07,STR004,PRD017,4,649.0,2596.0
SAL005676,2026-07-07,STR004,PRD018,2,899.0,1798.0
SAL005677,2026-07-07,STR004,PRD021,4,1099.0,4396.0
SAL005678,2026-07-07,STR004,PRD024,2,1499.0,2998.0
SAL005679,2026-07-07,STR004,PRD025,1,1899.0,1899.0
SAL005680,2026-07-07,STR004,PRD026,5,299.0,1495.0
SAL005681,2026-07-07,STR004,PRD027,4,179.0,716.0
SAL005682,2026-07-07,STR004,PRD030,6,199.0,1194.0
SAL005683,2026-07-07,STR004,PRD031,1,999.0,999.0
SAL005684,2026-07-07,STR004,PRD034,2,399.0,798.0
SAL005685,2026-07-07,STR004,PRD036,7,329.0,2303.0
SAL005686,2026-07-07,STR004,PRD038,1,429.0,429.0
SAL005687,2026-07-07,STR004,PRD039,4,299.0,1196.0
SAL005688,2026-07-07,STR004,PRD040,7,249.0,1743.0
SAL005689,2026-07-08,STR001,PRD001,4,599.0,2396.0
SAL005690,2026-07-08,STR001,PRD002,2,2899.0,5798.0
SAL005691,2026-07-08,STR001,PRD003,3,3499.0,10497.0
SAL005692,2026-07-08,STR001,PRD004,6,1199.0,7194.0
SAL005693,2026-07-08,STR001,PRD005,2,2299.0,4598.0
SAL005694,2026-07-08,STR001,PRD007,3,1999.0,5997.0
SAL005695,2026-07-08,STR001,PRD009,2,299.0,598.0
SAL005696,2026-07-08,STR001,PRD010,8,1299.0,10392.0
SAL005697,2026-07-08,STR001,PRD011,4,1599.0,6396.0
SAL005698,2026-07-08,STR001,PRD016,1,1199.0,1199.0
SAL005699,2026-07-08,STR001,PRD018,1,899.0,899.0
SAL005700,2026-07-08,STR001,PRD019,2,1399.0,2798.0
SAL005701,2026-07-08,STR001,PRD021,4,1099.0,4396.0
SAL005702,2026-07-08,STR001,PRD026,6,299.0,1794.0
SAL005703,2026-07-08,STR001,PRD027,3,179.0,537.0
SAL005704,2026-07-08,STR001,PRD029,4,349.0,1396.0
SAL005705,2026-07-08,STR001,PRD030,7,199.0,1393.0
SAL005706,2026-07-08,STR001,PRD033,1,849.0,849.0
SAL005707,2026-07-08,STR001,PRD034,1,399.0,399.0
SAL005708,2026-07-08,STR001,PRD036,2,329.0,658.0
SAL005709,2026-07-08,STR001,PRD037,4,379.0,1516.0
SAL005710,2026-07-08,STR001,PRD038,2,429.0,858.0
SAL005711,2026-07-08,STR001,PRD039,6,299.0,1794.0
SAL005712,2026-07-08,STR002,PRD001,6,599.0,3594.0
SAL005713,2026-07-08,STR002,PRD002,5,2899.0,14495.0
SAL005714,2026-07-08,STR002,PRD003,3,3499.0,10497.0
SAL005715,2026-07-08,STR002,PRD004,7,1199.0,8393.0
SAL005716,2026-07-08,STR002,PRD005,3,2299.0,6897.0
SAL005717,2026-07-08,STR002,PRD009,6,299.0,1794.0
SAL005718,2026-07-08,STR002,PRD012,1,199.0,199.0
SAL005719,2026-07-08,STR002,PRD013,1,249.0,249.0
SAL005720,2026-07-08,STR002,PRD018,2,899.0,1798.0
SAL005721,2026-07-08,STR002,PRD020,5,1499.0,7495.0
SAL005722,2026-07-08,STR002,PRD021,1,1099.0,1099.0
SAL005723,2026-07-08,STR002,PRD024,2,1499.0,2998.0
SAL005724,2026-07-08,STR002,PRD026,3,299.0,897.0
SAL005725,2026-07-08,STR002,PRD028,2,499.0,998.0
SAL005726,2026-07-08,STR002,PRD029,3,349.0,1047.0
SAL005727,2026-07-08,STR002,PRD030,6,199.0,1194.0
SAL005728,2026-07-08,STR002,PRD031,3,999.0,2997.0
SAL005729,2026-07-08,STR002,PRD035,2,449.0,898.0
SAL005730,2026-07-08,STR002,PRD037,3,379.0,1137.0
SAL005731,2026-07-08,STR002,PRD039,5,299.0,1495.0
SAL005732,2026-07-08,STR002,PRD040,6,249.0,1494.0
SAL005733,2026-07-08,STR003,PRD001,7,599.0,4193.0
SAL005734,2026-07-08,STR003,PRD002,1,2899.0,2899.0
SAL005735,2026-07-08,STR003,PRD003,2,3499.0,6998.0
SAL005736,2026-07-08,STR003,PRD004,2,1199.0,2398.0
SAL005737,2026-07-08,STR003,PRD008,2,1499.0,2998.0
SAL005738,2026-07-08,STR003,PRD009,5,299.0,1495.0
SAL005739,2026-07-08,STR003,PRD011,1,1599.0,1599.0
SAL005740,2026-07-08,STR003,PRD012,4,199.0,796.0
SAL005741,2026-07-08,STR003,PRD013,2,249.0,498.0
SAL005742,2026-07-08,STR003,PRD014,1,899.0,899.0
SAL005743,2026-07-08,STR003,PRD016,3,1199.0,3597.0
SAL005744,2026-07-08,STR003,PRD017,4,649.0,2596.0
SAL005745,2026-07-08,STR003,PRD018,1,899.0,899.0
SAL005746,2026-07-08,STR003,PRD020,4,1499.0,5996.0
SAL005747,2026-07-08,STR003,PRD021,2,1099.0,2198.0
SAL005748,2026-07-08,STR003,PRD025,1,1899.0,1899.0
SAL005749,2026-07-08,STR003,PRD026,4,299.0,1196.0
SAL005750,2026-07-08,STR003,PRD028,5,499.0,2495.0
SAL005751,2026-07-08,STR003,PRD030,3,199.0,597.0
SAL005752,2026-07-08,STR003,PRD031,2,999.0,1998.0
SAL005753,2026-07-08,STR003,PRD033,2,849.0,1698.0
SAL005754,2026-07-08,STR003,PRD035,1,449.0,449.0
SAL005755,2026-07-08,STR003,PRD036,5,329.0,1645.0
SAL005756,2026-07-08,STR003,PRD038,1,429.0,429.0
SAL005757,2026-07-08,STR003,PRD039,6,299.0,1794.0
SAL005758,2026-07-08,STR003,PRD040,2,249.0,498.0
SAL005759,2026-07-08,STR004,PRD001,4,599.0,2396.0
SAL005760,2026-07-08,STR004,PRD004,5,1199.0,5995.0
SAL005761,2026-07-08,STR004,PRD007,5,1999.0,9995.0
SAL005762,2026-07-08,STR004,PRD009,5,299.0,1495.0
SAL005763,2026-07-08,STR004,PRD019,2,1399.0,2798.0
SAL005764,2026-07-08,STR004,PRD020,3,1499.0,4497.0
SAL005765,2026-07-08,STR004,PRD024,1,1499.0,1499.0
SAL005766,2026-07-08,STR004,PRD025,3,1899.0,5697.0
SAL005767,2026-07-08,STR004,PRD026,3,299.0,897.0
SAL005768,2026-07-08,STR004,PRD029,2,349.0,698.0
SAL005769,2026-07-08,STR004,PRD030,3,199.0,597.0
SAL005770,2026-07-08,STR004,PRD035,1,449.0,449.0
SAL005771,2026-07-08,STR004,PRD037,4,379.0,1516.0
SAL005772,2026-07-08,STR004,PRD039,5,299.0,1495.0
SAL005773,2026-07-09,STR001,PRD001,5,599.0,2995.0
SAL005774,2026-07-09,STR001,PRD002,2,2899.0,5798.0
SAL005775,2026-07-09,STR001,PRD003,2,3499.0,6998.0
SAL005776,2026-07-09,STR001,PRD004,3,1199.0,3597.0
SAL005777,2026-07-09,STR001,PRD005,3,2299.0,6897.0
SAL005778,2026-07-09,STR001,PRD006,3,1799.0,5397.0
SAL005779,2026-07-09,STR001,PRD007,3,1999.0,5997.0
SAL005780,2026-07-09,STR001,PRD009,2,299.0,598.0
SAL005781,2026-07-09,STR001,PRD010,6,1299.0,7794.0
SAL005782,2026-07-09,STR001,PRD015,2,449.0,898.0
SAL005783,2026-07-09,STR001,PRD018,1,899.0,899.0
SAL005784,2026-07-09,STR001,PRD021,3,1099.0,3297.0
SAL005785,2026-07-09,STR001,PRD023,3,1299.0,3897.0
SAL005786,2026-07-09,STR001,PRD024,4,1499.0,5996.0
SAL005787,2026-07-09,STR001,PRD026,7,299.0,2093.0
SAL005788,2026-07-09,STR001,PRD027,2,179.0,358.0
SAL005789,2026-07-09,STR001,PRD028,5,499.0,2495.0
SAL005790,2026-07-09,STR001,PRD030,7,199.0,1393.0
SAL005791,2026-07-09,STR001,PRD034,3,399.0,1197.0
SAL005792,2026-07-09,STR001,PRD036,4,329.0,1316.0
SAL005793,2026-07-09,STR001,PRD039,3,299.0,897.0
SAL005794,2026-07-09,STR001,PRD040,4,249.0,996.0
SAL005795,2026-07-09,STR002,PRD001,5,599.0,2995.0
SAL005796,2026-07-09,STR002,PRD003,1,3499.0,3499.0
SAL005797,2026-07-09,STR002,PRD004,3,1199.0,3597.0
SAL005798,2026-07-09,STR002,PRD005,1,2299.0,2299.0
SAL005799,2026-07-09,STR002,PRD006,5,1799.0,8995.0
SAL005800,2026-07-09,STR002,PRD007,6,1999.0,11994.0
SAL005801,2026-07-09,STR002,PRD008,1,1499.0,1499.0
SAL005802,2026-07-09,STR002,PRD009,6,299.0,1794.0
SAL005803,2026-07-09,STR002,PRD011,2,1599.0,3198.0
SAL005804,2026-07-09,STR002,PRD013,1,249.0,249.0
SAL005805,2026-07-09,STR002,PRD014,1,899.0,899.0
SAL005806,2026-07-09,STR002,PRD015,1,449.0,449.0
SAL005807,2026-07-09,STR002,PRD017,3,649.0,1947.0
SAL005808,2026-07-09,STR002,PRD019,2,1399.0,2798.0
SAL005809,2026-07-09,STR002,PRD020,5,1499.0,7495.0
SAL005810,2026-07-09,STR002,PRD023,5,1299.0,6495.0
SAL005811,2026-07-09,STR002,PRD026,5,299.0,1495.0
SAL005812,2026-07-09,STR002,PRD027,3,179.0,537.0
SAL005813,2026-07-09,STR002,PRD028,6,499.0,2994.0
SAL005814,2026-07-09,STR002,PRD029,3,349.0,1047.0
SAL005815,2026-07-09,STR002,PRD030,2,199.0,398.0
SAL005816,2026-07-09,STR002,PRD033,2,849.0,1698.0
SAL005817,2026-07-09,STR002,PRD036,3,329.0,987.0
SAL005818,2026-07-09,STR002,PRD037,1,379.0,379.0
SAL005819,2026-07-09,STR002,PRD039,8,299.0,2392.0
SAL005820,2026-07-09,STR002,PRD040,6,249.0,1494.0
SAL005821,2026-07-09,STR003,PRD005,2,2299.0,4598.0
SAL005822,2026-07-09,STR003,PRD006,3,1799.0,5397.0
SAL005823,2026-07-09,STR003,PRD007,3,1999.0,5997.0
SAL005824,2026-07-09,STR003,PRD008,4,1499.0,5996.0
SAL005825,2026-07-09,STR003,PRD009,3,299.0,897.0
SAL005826,2026-07-09,STR003,PRD011,2,1599.0,3198.0
SAL005827,2026-07-09,STR003,PRD012,4,199.0,796.0
SAL005828,2026-07-09,STR003,PRD013,1,249.0,249.0
SAL005829,2026-07-09,STR003,PRD015,2,449.0,898.0
SAL005830,2026-07-09,STR003,PRD017,2,649.0,1298.0
SAL005831,2026-07-09,STR003,PRD018,1,899.0,899.0
SAL005832,2026-07-09,STR003,PRD019,2,1399.0,2798.0
SAL005833,2026-07-09,STR003,PRD020,3,1499.0,4497.0
SAL005834,2026-07-09,STR003,PRD021,4,1099.0,4396.0
SAL005835,2026-07-09,STR003,PRD024,2,1499.0,2998.0
SAL005836,2026-07-09,STR003,PRD025,1,1899.0,1899.0
SAL005837,2026-07-09,STR003,PRD027,3,179.0,537.0
SAL005838,2026-07-09,STR003,PRD028,2,499.0,998.0
SAL005839,2026-07-09,STR003,PRD030,6,199.0,1194.0
SAL005840,2026-07-09,STR003,PRD031,2,999.0,1998.0
SAL005841,2026-07-09,STR003,PRD034,1,399.0,399.0
SAL005842,2026-07-09,STR003,PRD036,2,329.0,658.0
SAL005843,2026-07-09,STR003,PRD037,2,379.0,758.0
SAL005844,2026-07-09,STR003,PRD039,5,299.0,1495.0
SAL005845,2026-07-09,STR003,PRD040,2,249.0,498.0
SAL005846,2026-07-09,STR004,PRD004,6,1199.0,7194.0
SAL005847,2026-07-09,STR004,PRD005,1,2299.0,2299.0
SAL005848,2026-07-09,STR004,PRD006,2,1799.0,3598.0
SAL005849,2026-07-09,STR004,PRD007,5,1999.0,9995.0
SAL005850,2026-07-09,STR004,PRD009,3,299.0,897.0
SAL005851,2026-07-09,STR004,PRD010,1,1299.0,1299.0
SAL005852,2026-07-09,STR004,PRD011,4,1599.0,6396.0
SAL005853,2026-07-09,STR004,PRD012,3,199.0,597.0
SAL005854,2026-07-09,STR004,PRD017,4,649.0,2596.0
SAL005855,2026-07-09,STR004,PRD021,1,1099.0,1099.0
SAL005856,2026-07-09,STR004,PRD023,3,1299.0,3897.0
SAL005857,2026-07-09,STR004,PRD024,3,1499.0,4497.0
SAL005858,2026-07-09,STR004,PRD025,4,1899.0,7596.0
SAL005859,2026-07-09,STR004,PRD027,4,179.0,716.0
SAL005860,2026-07-09,STR004,PRD028,2,499.0,998.0
SAL005861,2026-07-09,STR004,PRD029,1,349.0,349.0
SAL005862,2026-07-09,STR004,PRD030,5,199.0,995.0
SAL005863,2026-07-09,STR004,PRD031,4,999.0,3996.0
SAL005864,2026-07-09,STR004,PRD035,1,449.0,449.0
SAL005865,2026-07-09,STR004,PRD036,3,329.0,987.0
SAL005866,2026-07-09,STR004,PRD037,2,379.0,758.0
SAL005867,2026-07-09,STR004,PRD038,3,429.0,1287.0
SAL005868,2026-07-09,STR004,PRD039,3,299.0,897.0
SAL005869,2026-07-09,STR004,PRD040,5,249.0,1245.0
SAL005870,2026-07-10,STR001,PRD001,7,599.0,4193.0
SAL005871,2026-07-10,STR001,PRD002,3,2899.0,8697.0
SAL005872,2026-07-10,STR001,PRD003,4,3499.0,13996.0
SAL005873,2026-07-10,STR001,PRD004,7,1199.0,8393.0
SAL005874,2026-07-10,STR001,PRD005,3,2299.0,6897.0
SAL005875,2026-07-10,STR001,PRD006,1,1799.0,1799.0
SAL005876,2026-07-10,STR001,PRD007,3,1999.0,5997.0
SAL005877,2026-07-10,STR001,PRD008,2,1499.0,2998.0
SAL005878,2026-07-10,STR001,PRD009,5,299.0,1495.0
SAL005879,2026-07-10,STR001,PRD016,3,1199.0,3597.0
SAL005880,2026-07-10,STR001,PRD020,1,1499.0,1499.0
SAL005881,2026-07-10,STR001,PRD025,4,1899.0,7596.0
SAL005882,2026-07-10,STR001,PRD028,4,499.0,1996.0
SAL005883,2026-07-10,STR001,PRD030,6,199.0,1194.0
SAL005884,2026-07-10,STR001,PRD031,1,999.0,999.0
SAL005885,2026-07-10,STR001,PRD034,4,399.0,1596.0
SAL005886,2026-07-10,STR001,PRD036,2,329.0,658.0
SAL005887,2026-07-10,STR001,PRD038,3,429.0,1287.0
SAL005888,2026-07-10,STR001,PRD040,6,249.0,1494.0
SAL005889,2026-07-10,STR002,PRD001,6,599.0,3594.0
SAL005890,2026-07-10,STR002,PRD002,2,2899.0,5798.0
SAL005891,2026-07-10,STR002,PRD003,5,3499.0,17495.0
SAL005892,2026-07-10,STR002,PRD004,2,1199.0,2398.0
SAL005893,2026-07-10,STR002,PRD006,5,1799.0,8995.0
SAL005894,2026-07-10,STR002,PRD007,6,1999.0,11994.0
SAL005895,2026-07-10,STR002,PRD008,2,1499.0,2998.0
SAL005896,2026-07-10,STR002,PRD009,7,299.0,2093.0
SAL005897,2026-07-10,STR002,PRD011,2,1599.0,3198.0
SAL005898,2026-07-10,STR002,PRD013,2,249.0,498.0
SAL005899,2026-07-10,STR002,PRD017,1,649.0,649.0
SAL005900,2026-07-10,STR002,PRD018,1,899.0,899.0
SAL005901,2026-07-10,STR002,PRD021,3,1099.0,3297.0
SAL005902,2026-07-10,STR002,PRD026,8,299.0,2392.0
SAL005903,2026-07-10,STR002,PRD028,2,499.0,998.0
SAL005904,2026-07-10,STR002,PRD029,1,349.0,349.0
SAL005905,2026-07-10,STR002,PRD030,7,199.0,1393.0
SAL005906,2026-07-10,STR002,PRD031,3,999.0,2997.0
SAL005907,2026-07-10,STR002,PRD034,5,399.0,1995.0
SAL005908,2026-07-10,STR002,PRD036,3,329.0,987.0
SAL005909,2026-07-10,STR002,PRD037,3,379.0,1137.0
SAL005910,2026-07-10,STR002,PRD038,2,429.0,858.0
SAL005911,2026-07-10,STR002,PRD039,3,299.0,897.0
SAL005912,2026-07-10,STR002,PRD040,8,249.0,1992.0
SAL005913,2026-07-10,STR003,PRD001,4,599.0,2396.0
SAL005914,2026-07-10,STR003,PRD004,3,1199.0,3597.0
SAL005915,2026-07-10,STR003,PRD007,2,1999.0,3998.0
SAL005916,2026-07-10,STR003,PRD008,2,1499.0,2998.0
SAL005917,2026-07-10,STR003,PRD009,7,299.0,2093.0
SAL005918,2026-07-10,STR003,PRD011,3,1599.0,4797.0
SAL005919,2026-07-10,STR003,PRD014,2,899.0,1798.0
SAL005920,2026-07-10,STR003,PRD015,2,449.0,898.0
SAL005921,2026-07-10,STR003,PRD016,2,1199.0,2398.0
SAL005922,2026-07-10,STR003,PRD018,3,899.0,2697.0
SAL005923,2026-07-10,STR003,PRD021,1,1099.0,1099.0
SAL005924,2026-07-10,STR003,PRD023,3,1299.0,3897.0
SAL005925,2026-07-10,STR003,PRD024,4,1499.0,5996.0
SAL005926,2026-07-10,STR003,PRD025,4,1899.0,7596.0
SAL005927,2026-07-10,STR003,PRD028,4,499.0,1996.0
SAL005928,2026-07-10,STR003,PRD030,4,199.0,796.0
SAL005929,2026-07-10,STR003,PRD033,1,849.0,849.0
SAL005930,2026-07-10,STR003,PRD036,2,329.0,658.0
SAL005931,2026-07-10,STR003,PRD038,4,429.0,1716.0
SAL005932,2026-07-10,STR003,PRD039,3,299.0,897.0
SAL005933,2026-07-10,STR003,PRD040,6,249.0,1494.0
SAL005934,2026-07-10,STR004,PRD001,4,599.0,2396.0
SAL005935,2026-07-10,STR004,PRD003,1,3499.0,3499.0
SAL005936,2026-07-10,STR004,PRD004,4,1199.0,4796.0
SAL005937,2026-07-10,STR004,PRD005,2,2299.0,4598.0
SAL005938,2026-07-10,STR004,PRD006,3,1799.0,5397.0
SAL005939,2026-07-10,STR004,PRD007,4,1999.0,7996.0
SAL005940,2026-07-10,STR004,PRD009,3,299.0,897.0
SAL005941,2026-07-10,STR004,PRD011,2,1599.0,3198.0
SAL005942,2026-07-10,STR004,PRD013,1,249.0,249.0
SAL005943,2026-07-10,STR004,PRD015,3,449.0,1347.0
SAL005944,2026-07-10,STR004,PRD016,3,1199.0,3597.0
SAL005945,2026-07-10,STR004,PRD018,3,899.0,2697.0
SAL005946,2026-07-10,STR004,PRD020,1,1499.0,1499.0
SAL005947,2026-07-10,STR004,PRD021,3,1099.0,3297.0
SAL005948,2026-07-10,STR004,PRD022,2,599.0,1198.0
SAL005949,2026-07-10,STR004,PRD025,4,1899.0,7596.0
SAL005950,2026-07-10,STR004,PRD026,6,299.0,1794.0
SAL005951,2026-07-10,STR004,PRD028,5,499.0,2495.0
SAL005952,2026-07-10,STR004,PRD029,3,349.0,1047.0
SAL005953,2026-07-10,STR004,PRD030,6,199.0,1194.0
SAL005954,2026-07-10,STR004,PRD031,3,999.0,2997.0
SAL005955,2026-07-10,STR004,PRD038,3,429.0,1287.0
SAL005956,2026-07-10,STR004,PRD040,5,249.0,1245.0
SAL005957,2026-07-11,STR001,PRD001,7,599.0,4193.0
SAL005958,2026-07-11,STR001,PRD002,4,2899.0,11596.0
SAL005959,2026-07-11,STR001,PRD003,3,3499.0,10497.0
SAL005960,2026-07-11,STR001,PRD004,9,1199.0,10791.0
SAL005961,2026-07-11,STR001,PRD005,3,2299.0,6897.0
SAL005962,2026-07-11,STR001,PRD008,4,1499.0,5996.0
SAL005963,2026-07-11,STR001,PRD009,7,299.0,2093.0
SAL005964,2026-07-11,STR001,PRD012,4,199.0,796.0
SAL005965,2026-07-11,STR001,PRD013,3,249.0,747.0
SAL005966,2026-07-11,STR001,PRD016,1,1199.0,1199.0
SAL005967,2026-07-11,STR001,PRD018,3,899.0,2697.0
SAL005968,2026-07-11,STR001,PRD019,1,1399.0,1399.0
SAL005969,2026-07-11,STR001,PRD021,4,1099.0,4396.0
SAL005970,2026-07-11,STR001,PRD023,3,1299.0,3897.0
SAL005971,2026-07-11,STR001,PRD024,3,1499.0,4497.0
SAL005972,2026-07-11,STR001,PRD025,1,1899.0,1899.0
SAL005973,2026-07-11,STR001,PRD026,5,299.0,1495.0
SAL005974,2026-07-11,STR001,PRD027,1,179.0,179.0
SAL005975,2026-07-11,STR001,PRD028,7,499.0,3493.0
SAL005976,2026-07-11,STR001,PRD029,3,349.0,1047.0
SAL005977,2026-07-11,STR001,PRD030,7,199.0,1393.0
SAL005978,2026-07-11,STR001,PRD032,1,699.0,699.0
SAL005979,2026-07-11,STR001,PRD034,5,399.0,1995.0
SAL005980,2026-07-11,STR001,PRD035,10,449.0,4490.0
SAL005981,2026-07-11,STR001,PRD037,5,379.0,1895.0
SAL005982,2026-07-11,STR001,PRD039,4,299.0,1196.0
SAL005983,2026-07-11,STR001,PRD040,9,249.0,2241.0
SAL005984,2026-07-11,STR002,PRD001,10,599.0,5990.0
SAL005985,2026-07-11,STR002,PRD004,3,1199.0,3597.0
SAL005986,2026-07-11,STR002,PRD005,4,2299.0,9196.0
SAL005987,2026-07-11,STR002,PRD009,3,299.0,897.0
SAL005988,2026-07-11,STR002,PRD012,1,199.0,199.0
SAL005989,2026-07-11,STR002,PRD014,1,899.0,899.0
SAL005990,2026-07-11,STR002,PRD015,3,449.0,1347.0
SAL005991,2026-07-11,STR002,PRD020,1,1499.0,1499.0
SAL005992,2026-07-11,STR002,PRD023,6,1299.0,7794.0
SAL005993,2026-07-11,STR002,PRD024,6,1499.0,8994.0
SAL005994,2026-07-11,STR002,PRD025,3,1899.0,5697.0
SAL005995,2026-07-11,STR002,PRD026,7,299.0,2093.0
SAL005996,2026-07-11,STR002,PRD027,1,179.0,179.0
SAL005997,2026-07-11,STR002,PRD028,4,499.0,1996.0
SAL005998,2026-07-11,STR002,PRD031,4,999.0,3996.0
SAL005999,2026-07-11,STR002,PRD035,1,449.0,449.0
SAL006000,2026-07-11,STR002,PRD036,9,329.0,2961.0
SAL006001,2026-07-11,STR002,PRD038,1,429.0,429.0
SAL006002,2026-07-11,STR002,PRD039,10,299.0,2990.0
SAL006003,2026-07-11,STR002,PRD040,7,249.0,1743.0
SAL006004,2026-07-11,STR003,PRD004,7,1199.0,8393.0
SAL006005,2026-07-11,STR003,PRD009,6,299.0,1794.0
SAL006006,2026-07-11,STR003,PRD011,2,1599.0,3198.0
SAL006007,2026-07-11,STR003,PRD017,2,649.0,1298.0
SAL006008,2026-07-11,STR003,PRD018,4,899.0,3596.0
SAL006009,2026-07-11,STR003,PRD020,5,1499.0,7495.0
SAL006010,2026-07-11,STR003,PRD026,8,299.0,2392.0
SAL006011,2026-07-11,STR003,PRD027,2,179.0,358.0
SAL006012,2026-07-11,STR003,PRD028,4,499.0,1996.0
SAL006013,2026-07-11,STR003,PRD029,4,349.0,1396.0
SAL006014,2026-07-11,STR003,PRD030,4,199.0,796.0
SAL006015,2026-07-11,STR003,PRD034,4,399.0,1596.0
SAL006016,2026-07-11,STR003,PRD035,1,449.0,449.0
SAL006017,2026-07-11,STR003,PRD036,8,329.0,2632.0
SAL006018,2026-07-11,STR003,PRD037,5,379.0,1895.0
SAL006019,2026-07-11,STR003,PRD038,5,429.0,2145.0
SAL006020,2026-07-11,STR003,PRD039,2,299.0,598.0
SAL006021,2026-07-11,STR003,PRD040,5,249.0,1245.0
SAL006022,2026-07-11,STR004,PRD004,9,1199.0,10791.0
SAL006023,2026-07-11,STR004,PRD006,5,1799.0,8995.0
SAL006024,2026-07-11,STR004,PRD007,6,1999.0,11994.0
SAL006025,2026-07-11,STR004,PRD008,2,1499.0,2998.0
SAL006026,2026-07-11,STR004,PRD009,4,299.0,1196.0
SAL006027,2026-07-11,STR004,PRD010,1,1299.0,1299.0
SAL006028,2026-07-11,STR004,PRD016,4,1199.0,4796.0
SAL006029,2026-07-11,STR004,PRD017,2,649.0,1298.0
SAL006030,2026-07-11,STR004,PRD018,1,899.0,899.0
SAL006031,2026-07-11,STR004,PRD021,4,1099.0,4396.0
SAL006032,2026-07-11,STR004,PRD025,2,1899.0,3798.0
SAL006033,2026-07-11,STR004,PRD026,2,299.0,598.0
SAL006034,2026-07-11,STR004,PRD027,5,179.0,895.0
SAL006035,2026-07-11,STR004,PRD028,6,499.0,2994.0
SAL006036,2026-07-11,STR004,PRD029,5,349.0,1745.0
SAL006037,2026-07-11,STR004,PRD030,4,199.0,796.0
SAL006038,2026-07-11,STR004,PRD036,7,329.0,2303.0
SAL006039,2026-07-11,STR004,PRD037,1,379.0,379.0
SAL006040,2026-07-11,STR004,PRD040,2,249.0,498.0
SAL006041,2026-07-12,STR001,PRD001,5,599.0,2995.0
SAL006042,2026-07-12,STR001,PRD003,5,3499.0,17495.0
SAL006043,2026-07-12,STR001,PRD004,8,1199.0,9592.0
SAL006044,2026-07-12,STR001,PRD006,1,1799.0,1799.0
SAL006045,2026-07-12,STR001,PRD007,5,1999.0,9995.0
SAL006046,2026-07-12,STR001,PRD009,4,299.0,1196.0
SAL006047,2026-07-12,STR001,PRD010,10,1299.0,12990.0
SAL006048,2026-07-12,STR001,PRD013,3,249.0,747.0
SAL006049,2026-07-12,STR001,PRD015,4,449.0,1796.0
SAL006050,2026-07-12,STR001,PRD017,3,649.0,1947.0
SAL006051,2026-07-12,STR001,PRD018,4,899.0,3596.0
SAL006052,2026-07-12,STR001,PRD020,1,1499.0,1499.0
SAL006053,2026-07-12,STR001,PRD022,1,599.0,599.0
SAL006054,2026-07-12,STR001,PRD025,5,1899.0,9495.0
SAL006055,2026-07-12,STR001,PRD026,3,299.0,897.0
SAL006056,2026-07-12,STR001,PRD027,1,179.0,179.0
SAL006057,2026-07-12,STR001,PRD028,4,499.0,1996.0
SAL006058,2026-07-12,STR001,PRD029,3,349.0,1047.0
SAL006059,2026-07-12,STR001,PRD030,9,199.0,1791.0
SAL006060,2026-07-12,STR001,PRD035,5,449.0,2245.0
SAL006061,2026-07-12,STR001,PRD036,9,329.0,2961.0
SAL006062,2026-07-12,STR001,PRD038,5,429.0,2145.0
SAL006063,2026-07-12,STR001,PRD039,4,299.0,1196.0
SAL006064,2026-07-12,STR002,PRD001,9,599.0,5391.0
SAL006065,2026-07-12,STR002,PRD003,4,3499.0,13996.0
SAL006066,2026-07-12,STR002,PRD004,9,1199.0,10791.0
SAL006067,2026-07-12,STR002,PRD007,4,1999.0,7996.0
SAL006068,2026-07-12,STR002,PRD008,3,1499.0,4497.0
SAL006069,2026-07-12,STR002,PRD009,6,299.0,1794.0
SAL006070,2026-07-12,STR002,PRD010,1,1299.0,1299.0
SAL006071,2026-07-12,STR002,PRD012,4,199.0,796.0
SAL006072,2026-07-12,STR002,PRD014,3,899.0,2697.0
SAL006073,2026-07-12,STR002,PRD015,1,449.0,449.0
SAL006074,2026-07-12,STR002,PRD016,6,1199.0,7194.0
SAL006075,2026-07-12,STR002,PRD018,3,899.0,2697.0
SAL006076,2026-07-12,STR002,PRD021,3,1099.0,3297.0
SAL006077,2026-07-12,STR002,PRD022,3,599.0,1797.0
SAL006078,2026-07-12,STR002,PRD023,1,1299.0,1299.0
SAL006079,2026-07-12,STR002,PRD026,6,299.0,1794.0
SAL006080,2026-07-12,STR002,PRD028,7,499.0,3493.0
SAL006081,2026-07-12,STR002,PRD030,10,199.0,1990.0
SAL006082,2026-07-12,STR002,PRD032,1,699.0,699.0
SAL006083,2026-07-12,STR002,PRD036,9,329.0,2961.0
SAL006084,2026-07-12,STR002,PRD037,1,379.0,379.0
SAL006085,2026-07-12,STR002,PRD039,7,299.0,2093.0
SAL006086,2026-07-12,STR002,PRD040,6,249.0,1494.0
SAL006087,2026-07-12,STR003,PRD001,5,599.0,2995.0
SAL006088,2026-07-12,STR003,PRD002,4,2899.0,11596.0
SAL006089,2026-07-12,STR003,PRD003,2,3499.0,6998.0
SAL006090,2026-07-12,STR003,PRD004,2,1199.0,2398.0
SAL006091,2026-07-12,STR003,PRD005,1,2299.0,2299.0
SAL006092,2026-07-12,STR003,PRD008,5,1499.0,7495.0
SAL006093,2026-07-12,STR003,PRD011,2,1599.0,3198.0
SAL006094,2026-07-12,STR003,PRD012,5,199.0,995.0
SAL006095,2026-07-12,STR003,PRD013,2,249.0,498.0
SAL006096,2026-07-12,STR003,PRD015,1,449.0,449.0
SAL006097,2026-07-12,STR003,PRD016,1,1199.0,1199.0
SAL006098,2026-07-12,STR003,PRD017,2,649.0,1298.0
SAL006099,2026-07-12,STR003,PRD018,2,899.0,1798.0
SAL006100,2026-07-12,STR003,PRD021,4,1099.0,4396.0
SAL006101,2026-07-12,STR003,PRD026,4,299.0,1196.0
SAL006102,2026-07-12,STR003,PRD029,1,349.0,349.0
SAL006103,2026-07-12,STR003,PRD030,7,199.0,1393.0
SAL006104,2026-07-12,STR003,PRD031,5,999.0,4995.0
SAL006105,2026-07-12,STR003,PRD036,5,329.0,1645.0
SAL006106,2026-07-12,STR003,PRD038,4,429.0,1716.0
SAL006107,2026-07-12,STR003,PRD039,6,299.0,1794.0
SAL006108,2026-07-12,STR003,PRD040,4,249.0,996.0
SAL006109,2026-07-12,STR004,PRD001,2,599.0,1198.0
SAL006110,2026-07-12,STR004,PRD002,4,2899.0,11596.0
SAL006111,2026-07-12,STR004,PRD003,1,3499.0,3499.0
SAL006112,2026-07-12,STR004,PRD004,7,1199.0,8393.0
SAL006113,2026-07-12,STR004,PRD005,1,2299.0,2299.0
SAL006114,2026-07-12,STR004,PRD007,2,1999.0,3998.0
SAL006115,2026-07-12,STR004,PRD008,5,1499.0,7495.0
SAL006116,2026-07-12,STR004,PRD009,2,299.0,598.0
SAL006117,2026-07-12,STR004,PRD011,1,1599.0,1599.0
SAL006118,2026-07-12,STR004,PRD012,5,199.0,995.0
SAL006119,2026-07-12,STR004,PRD013,1,249.0,249.0
SAL006120,2026-07-12,STR004,PRD017,2,649.0,1298.0
SAL006121,2026-07-12,STR004,PRD020,4,1499.0,5996.0
SAL006122,2026-07-12,STR004,PRD023,1,1299.0,1299.0
SAL006123,2026-07-12,STR004,PRD024,1,1499.0,1499.0
SAL006124,2026-07-12,STR004,PRD025,5,1899.0,9495.0
SAL006125,2026-07-12,STR004,PRD026,5,299.0,1495.0
SAL006126,2026-07-12,STR004,PRD027,1,179.0,179.0
SAL006127,2026-07-12,STR004,PRD029,4,349.0,1396.0
SAL006128,2026-07-12,STR004,PRD030,4,199.0,796.0
SAL006129,2026-07-12,STR004,PRD032,1,699.0,699.0
SAL006130,2026-07-12,STR004,PRD033,2,849.0,1698.0
SAL006131,2026-07-12,STR004,PRD034,4,399.0,1596.0
SAL006132,2026-07-12,STR004,PRD036,7,329.0,2303.0
SAL006133,2026-07-12,STR004,PRD037,1,379.0,379.0
SAL006134,2026-07-12,STR004,PRD038,1,429.0,429.0
SAL006135,2026-07-12,STR004,PRD039,9,299.0,2691.0
SAL006136,2026-07-12,STR004,PRD040,4,249.0,996.0
SAL006137,2026-07-13,STR001,PRD001,3,599.0,1797.0
SAL006138,2026-07-13,STR001,PRD004,4,1199.0,4796.0
SAL006139,2026-07-13,STR001,PRD007,3,1999.0,5997.0
SAL006140,2026-07-13,STR001,PRD008,1,1499.0,1499.0
SAL006141,2026-07-13,STR001,PRD009,3,299.0,897.0
SAL006142,2026-07-13,STR001,PRD010,7,1299.0,9093.0
SAL006143,2026-07-13,STR001,PRD011,1,1599.0,1599.0
SAL006144,2026-07-13,STR001,PRD013,4,249.0,996.0
SAL006145,2026-07-13,STR001,PRD014,2,899.0,1798.0
SAL006146,2026-07-13,STR001,PRD016,1,1199.0,1199.0
SAL006147,2026-07-13,STR001,PRD018,3,899.0,2697.0
SAL006148,2026-07-13,STR001,PRD020,3,1499.0,4497.0
SAL006149,2026-07-13,STR001,PRD021,3,1099.0,3297.0
SAL006150,2026-07-13,STR001,PRD023,1,1299.0,1299.0
SAL006151,2026-07-13,STR001,PRD026,7,299.0,2093.0
SAL006152,2026-07-13,STR001,PRD028,2,499.0,998.0
SAL006153,2026-07-13,STR001,PRD029,1,349.0,349.0
SAL006154,2026-07-13,STR001,PRD030,3,199.0,597.0
SAL006155,2026-07-13,STR001,PRD031,1,999.0,999.0
SAL006156,2026-07-13,STR001,PRD035,7,449.0,3143.0
SAL006157,2026-07-13,STR001,PRD036,6,329.0,1974.0
SAL006158,2026-07-13,STR001,PRD039,3,299.0,897.0
SAL006159,2026-07-13,STR001,PRD040,5,249.0,1245.0
SAL006160,2026-07-13,STR002,PRD001,6,599.0,3594.0
SAL006161,2026-07-13,STR002,PRD002,3,2899.0,8697.0
SAL006162,2026-07-13,STR002,PRD003,5,3499.0,17495.0
SAL006163,2026-07-13,STR002,PRD005,2,2299.0,4598.0
SAL006164,2026-07-13,STR002,PRD006,1,1799.0,1799.0
SAL006165,2026-07-13,STR002,PRD007,5,1999.0,9995.0
SAL006166,2026-07-13,STR002,PRD008,2,1499.0,2998.0
SAL006167,2026-07-13,STR002,PRD009,6,299.0,1794.0
SAL006168,2026-07-13,STR002,PRD010,2,1299.0,2598.0
SAL006169,2026-07-13,STR002,PRD011,1,1599.0,1599.0
SAL006170,2026-07-13,STR002,PRD013,1,249.0,249.0
SAL006171,2026-07-13,STR002,PRD014,2,899.0,1798.0
SAL006172,2026-07-13,STR002,PRD015,5,449.0,2245.0
SAL006173,2026-07-13,STR002,PRD018,1,899.0,899.0
SAL006174,2026-07-13,STR002,PRD020,2,1499.0,2998.0
SAL006175,2026-07-13,STR002,PRD021,5,1099.0,5495.0
SAL006176,2026-07-13,STR002,PRD022,1,599.0,599.0
SAL006177,2026-07-13,STR002,PRD026,5,299.0,1495.0
SAL006178,2026-07-13,STR002,PRD027,1,179.0,179.0
SAL006179,2026-07-13,STR002,PRD028,6,499.0,2994.0
SAL006180,2026-07-13,STR002,PRD031,5,999.0,4995.0
SAL006181,2026-07-13,STR002,PRD034,3,399.0,1197.0
SAL006182,2026-07-13,STR002,PRD036,2,329.0,658.0
SAL006183,2026-07-13,STR002,PRD040,3,249.0,747.0
SAL006184,2026-07-13,STR003,PRD001,2,599.0,1198.0
SAL006185,2026-07-13,STR003,PRD002,3,2899.0,8697.0
SAL006186,2026-07-13,STR003,PRD003,2,3499.0,6998.0
SAL006187,2026-07-13,STR003,PRD004,5,1199.0,5995.0
SAL006188,2026-07-13,STR003,PRD006,1,1799.0,1799.0
SAL006189,2026-07-13,STR003,PRD007,2,1999.0,3998.0
SAL006190,2026-07-13,STR003,PRD009,2,299.0,598.0
SAL006191,2026-07-13,STR003,PRD011,1,1599.0,1599.0
SAL006192,2026-07-13,STR003,PRD013,2,249.0,498.0
SAL006193,2026-07-13,STR003,PRD015,4,449.0,1796.0
SAL006194,2026-07-13,STR003,PRD016,1,1199.0,1199.0
SAL006195,2026-07-13,STR003,PRD018,2,899.0,1798.0
SAL006196,2026-07-13,STR003,PRD020,2,1499.0,2998.0
SAL006197,2026-07-13,STR003,PRD021,4,1099.0,4396.0
SAL006198,2026-07-13,STR003,PRD023,4,1299.0,5196.0
SAL006199,2026-07-13,STR003,PRD025,4,1899.0,7596.0
SAL006200,2026-07-13,STR003,PRD026,2,299.0,598.0
SAL006201,2026-07-13,STR003,PRD027,3,179.0,537.0
SAL006202,2026-07-13,STR003,PRD028,2,499.0,998.0
SAL006203,2026-07-13,STR003,PRD029,1,349.0,349.0
SAL006204,2026-07-13,STR003,PRD030,5,199.0,995.0
SAL006205,2026-07-13,STR003,PRD031,4,999.0,3996.0
SAL006206,2026-07-13,STR003,PRD032,1,699.0,699.0
SAL006207,2026-07-13,STR003,PRD033,2,849.0,1698.0
SAL006208,2026-07-13,STR003,PRD036,3,329.0,987.0
SAL006209,2026-07-13,STR003,PRD037,4,379.0,1516.0
SAL006210,2026-07-13,STR003,PRD038,4,429.0,1716.0
SAL006211,2026-07-13,STR003,PRD039,7,299.0,2093.0
SAL006212,2026-07-13,STR003,PRD040,5,249.0,1245.0
SAL006213,2026-07-13,STR004,PRD001,7,599.0,4193.0
SAL006214,2026-07-13,STR004,PRD002,4,2899.0,11596.0
SAL006215,2026-07-13,STR004,PRD004,6,1199.0,7194.0
SAL006216,2026-07-13,STR004,PRD005,3,2299.0,6897.0
SAL006217,2026-07-13,STR004,PRD006,3,1799.0,5397.0
SAL006218,2026-07-13,STR004,PRD008,3,1499.0,4497.0
SAL006219,2026-07-13,STR004,PRD009,4,299.0,1196.0
SAL006220,2026-07-13,STR004,PRD010,2,1299.0,2598.0
SAL006221,2026-07-13,STR004,PRD011,3,1599.0,4797.0
SAL006222,2026-07-13,STR004,PRD012,2,199.0,398.0
SAL006223,2026-07-13,STR004,PRD013,3,249.0,747.0
SAL006224,2026-07-13,STR004,PRD015,4,449.0,1796.0
SAL006225,2026-07-13,STR004,PRD016,2,1199.0,2398.0
SAL006226,2026-07-13,STR004,PRD017,2,649.0,1298.0
SAL006227,2026-07-13,STR004,PRD018,2,899.0,1798.0
SAL006228,2026-07-13,STR004,PRD020,1,1499.0,1499.0
SAL006229,2026-07-13,STR004,PRD022,2,599.0,1198.0
SAL006230,2026-07-13,STR004,PRD023,2,1299.0,2598.0
SAL006231,2026-07-13,STR004,PRD026,6,299.0,1794.0
SAL006232,2026-07-13,STR004,PRD027,1,179.0,179.0
SAL006233,2026-07-13,STR004,PRD028,2,499.0,998.0
SAL006234,2026-07-13,STR004,PRD029,1,349.0,349.0
SAL006235,2026-07-13,STR004,PRD030,2,199.0,398.0
SAL006236,2026-07-13,STR004,PRD034,2,399.0,798.0
SAL006237,2026-07-13,STR004,PRD038,2,429.0,858.0
SAL006238,2026-07-13,STR004,PRD039,5,299.0,1495.0
SAL006239,2026-07-14,STR001,PRD001,3,599.0,1797.0
SAL006240,2026-07-14,STR001,PRD002,3,2899.0,8697.0
SAL006241,2026-07-14,STR001,PRD003,1,3499.0,3499.0
SAL006242,2026-07-14,STR001,PRD004,7,1199.0,8393.0
SAL006243,2026-07-14,STR001,PRD005,1,2299.0,2299.0
SAL006244,2026-07-14,STR001,PRD006,3,1799.0,5397.0
SAL006245,2026-07-14,STR001,PRD007,5,1999.0,9995.0
SAL006246,2026-07-14,STR001,PRD008,1,1499.0,1499.0
SAL006247,2026-07-14,STR001,PRD009,5,299.0,1495.0
SAL006248,2026-07-14,STR001,PRD010,4,1299.0,5196.0
SAL006249,2026-07-14,STR001,PRD013,4,249.0,996.0
SAL006250,2026-07-14,STR001,PRD015,4,449.0,1796.0
SAL006251,2026-07-14,STR001,PRD018,3,899.0,2697.0
SAL006252,2026-07-14,STR001,PRD019,2,1399.0,2798.0
SAL006253,2026-07-14,STR001,PRD023,1,1299.0,1299.0
SAL006254,2026-07-14,STR001,PRD025,2,1899.0,3798.0
SAL006255,2026-07-14,STR001,PRD026,2,299.0,598.0
SAL006256,2026-07-14,STR001,PRD027,4,179.0,716.0
SAL006257,2026-07-14,STR001,PRD028,2,499.0,998.0
SAL006258,2026-07-14,STR001,PRD030,6,199.0,1194.0
SAL006259,2026-07-14,STR001,PRD031,4,999.0,3996.0
SAL006260,2026-07-14,STR001,PRD034,2,399.0,798.0
SAL006261,2026-07-14,STR001,PRD035,8,449.0,3592.0
SAL006262,2026-07-14,STR001,PRD036,6,329.0,1974.0
SAL006263,2026-07-14,STR001,PRD037,3,379.0,1137.0
SAL006264,2026-07-14,STR001,PRD039,4,299.0,1196.0
SAL006265,2026-07-14,STR001,PRD040,2,249.0,498.0
SAL006266,2026-07-14,STR002,PRD001,7,599.0,4193.0
SAL006267,2026-07-14,STR002,PRD002,3,2899.0,8697.0
SAL006268,2026-07-14,STR002,PRD004,2,1199.0,2398.0
SAL006269,2026-07-14,STR002,PRD007,2,1999.0,3998.0
SAL006270,2026-07-14,STR002,PRD009,5,299.0,1495.0
SAL006271,2026-07-14,STR002,PRD010,2,1299.0,2598.0
SAL006272,2026-07-14,STR002,PRD012,1,199.0,199.0
SAL006273,2026-07-14,STR002,PRD013,1,249.0,249.0
SAL006274,2026-07-14,STR002,PRD016,5,1199.0,5995.0
SAL006275,2026-07-14,STR002,PRD017,3,649.0,1947.0
SAL006276,2026-07-14,STR002,PRD018,3,899.0,2697.0
SAL006277,2026-07-14,STR002,PRD020,3,1499.0,4497.0
SAL006278,2026-07-14,STR002,PRD021,1,1099.0,1099.0
SAL006279,2026-07-14,STR002,PRD023,1,1299.0,1299.0
SAL006280,2026-07-14,STR002,PRD026,3,299.0,897.0
SAL006281,2026-07-14,STR002,PRD027,3,179.0,537.0
SAL006282,2026-07-14,STR002,PRD028,5,499.0,2495.0
SAL006283,2026-07-14,STR002,PRD036,6,329.0,1974.0
SAL006284,2026-07-14,STR002,PRD037,5,379.0,1895.0
SAL006285,2026-07-14,STR002,PRD038,1,429.0,429.0
SAL006286,2026-07-14,STR002,PRD039,5,299.0,1495.0
SAL006287,2026-07-14,STR002,PRD040,5,249.0,1245.0
SAL006288,2026-07-14,STR003,PRD001,5,599.0,2995.0
SAL006289,2026-07-14,STR003,PRD002,1,2899.0,2899.0
SAL006290,2026-07-14,STR003,PRD004,4,1199.0,4796.0
SAL006291,2026-07-14,STR003,PRD007,2,1999.0,3998.0
SAL006292,2026-07-14,STR003,PRD008,2,1499.0,2998.0
SAL006293,2026-07-14,STR003,PRD015,4,449.0,1796.0
SAL006294,2026-07-14,STR003,PRD016,3,1199.0,3597.0
SAL006295,2026-07-14,STR003,PRD017,4,649.0,2596.0
SAL006296,2026-07-14,STR003,PRD020,1,1499.0,1499.0
SAL006297,2026-07-14,STR003,PRD021,4,1099.0,4396.0
SAL006298,2026-07-14,STR003,PRD022,1,599.0,599.0
SAL006299,2026-07-14,STR003,PRD023,2,1299.0,2598.0
SAL006300,2026-07-14,STR003,PRD024,4,1499.0,5996.0
SAL006301,2026-07-14,STR003,PRD025,4,1899.0,7596.0
SAL006302,2026-07-14,STR003,PRD026,5,299.0,1495.0
SAL006303,2026-07-14,STR003,PRD027,2,179.0,358.0
SAL006304,2026-07-14,STR003,PRD030,2,199.0,398.0
SAL006305,2026-07-14,STR003,PRD031,3,999.0,2997.0
SAL006306,2026-07-14,STR003,PRD033,2,849.0,1698.0
SAL006307,2026-07-14,STR003,PRD036,4,329.0,1316.0
SAL006308,2026-07-14,STR003,PRD037,4,379.0,1516.0
SAL006309,2026-07-14,STR003,PRD039,6,299.0,1794.0
SAL006310,2026-07-14,STR003,PRD040,5,249.0,1245.0
SAL006311,2026-07-14,STR004,PRD001,5,599.0,2995.0
SAL006312,2026-07-14,STR004,PRD002,4,2899.0,11596.0
SAL006313,2026-07-14,STR004,PRD004,2,1199.0,2398.0
SAL006314,2026-07-14,STR004,PRD005,3,2299.0,6897.0
SAL006315,2026-07-14,STR004,PRD007,2,1999.0,3998.0
SAL006316,2026-07-14,STR004,PRD009,3,299.0,897.0
SAL006317,2026-07-14,STR004,PRD011,3,1599.0,4797.0
SAL006318,2026-07-14,STR004,PRD015,1,449.0,449.0
SAL006319,2026-07-14,STR004,PRD017,3,649.0,1947.0
SAL006320,2026-07-14,STR004,PRD018,2,899.0,1798.0
SAL006321,2026-07-14,STR004,PRD020,4,1499.0,5996.0
SAL006322,2026-07-14,STR004,PRD023,3,1299.0,3897.0
SAL006323,2026-07-14,STR004,PRD026,4,299.0,1196.0
SAL006324,2026-07-14,STR004,PRD028,3,499.0,1497.0
SAL006325,2026-07-14,STR004,PRD029,2,349.0,698.0
SAL006326,2026-07-14,STR004,PRD030,4,199.0,796.0
SAL006327,2026-07-14,STR004,PRD031,3,999.0,2997.0
SAL006328,2026-07-14,STR004,PRD032,2,699.0,1398.0
SAL006329,2026-07-14,STR004,PRD035,2,449.0,898.0
SAL006330,2026-07-14,STR004,PRD036,3,329.0,987.0
SAL006331,2026-07-14,STR004,PRD039,3,299.0,897.0
SAL006332,2026-07-15,STR001,PRD001,7,599.0,4193.0
SAL006333,2026-07-15,STR001,PRD003,4,3499.0,13996.0
SAL006334,2026-07-15,STR001,PRD004,6,1199.0,7194.0
SAL006335,2026-07-15,STR001,PRD007,5,1999.0,9995.0
SAL006336,2026-07-15,STR001,PRD009,4,299.0,1196.0
SAL006337,2026-07-15,STR001,PRD010,5,1299.0,6495.0
SAL006338,2026-07-15,STR001,PRD011,1,1599.0,1599.0
SAL006339,2026-07-15,STR001,PRD012,4,199.0,796.0
SAL006340,2026-07-15,STR001,PRD016,1,1199.0,1199.0
SAL006341,2026-07-15,STR001,PRD018,1,899.0,899.0
SAL006342,2026-07-15,STR001,PRD020,2,1499.0,2998.0
SAL006343,2026-07-15,STR001,PRD024,4,1499.0,5996.0
SAL006344,2026-07-15,STR001,PRD026,3,299.0,897.0
SAL006345,2026-07-15,STR001,PRD027,2,179.0,358.0
SAL006346,2026-07-15,STR001,PRD028,3,499.0,1497.0
SAL006347,2026-07-15,STR001,PRD029,2,349.0,698.0
SAL006348,2026-07-15,STR001,PRD031,1,999.0,999.0
SAL006349,2026-07-15,STR001,PRD034,4,399.0,1596.0
SAL006350,2026-07-15,STR001,PRD035,8,449.0,3592.0
SAL006351,2026-07-15,STR001,PRD038,2,429.0,858.0
SAL006352,2026-07-15,STR001,PRD039,4,299.0,1196.0
SAL006353,2026-07-15,STR002,PRD002,5,2899.0,14495.0
SAL006354,2026-07-15,STR002,PRD003,2,3499.0,6998.0
SAL006355,2026-07-15,STR002,PRD004,5,1199.0,5995.0
SAL006356,2026-07-15,STR002,PRD006,2,1799.0,3598.0
SAL006357,2026-07-15,STR002,PRD007,2,1999.0,3998.0
SAL006358,2026-07-15,STR002,PRD008,3,1499.0,4497.0
SAL006359,2026-07-15,STR002,PRD009,7,299.0,2093.0
SAL006360,2026-07-15,STR002,PRD010,2,1299.0,2598.0
SAL006361,2026-07-15,STR002,PRD012,3,199.0,597.0
SAL006362,2026-07-15,STR002,PRD017,2,649.0,1298.0
SAL006363,2026-07-15,STR002,PRD021,3,1099.0,3297.0
SAL006364,2026-07-15,STR002,PRD025,5,1899.0,9495.0
SAL006365,2026-07-15,STR002,PRD026,5,299.0,1495.0
SAL006366,2026-07-15,STR002,PRD027,1,179.0,179.0
SAL006367,2026-07-15,STR002,PRD031,5,999.0,4995.0
SAL006368,2026-07-15,STR002,PRD033,1,849.0,849.0
SAL006369,2026-07-15,STR002,PRD036,7,329.0,2303.0
SAL006370,2026-07-15,STR002,PRD037,2,379.0,758.0
SAL006371,2026-07-15,STR002,PRD038,1,429.0,429.0
SAL006372,2026-07-15,STR002,PRD039,2,299.0,598.0
SAL006373,2026-07-15,STR003,PRD001,5,599.0,2995.0
SAL006374,2026-07-15,STR003,PRD002,2,2899.0,5798.0
SAL006375,2026-07-15,STR003,PRD004,3,1199.0,3597.0
SAL006376,2026-07-15,STR003,PRD006,1,1799.0,1799.0
SAL006377,2026-07-15,STR003,PRD009,3,299.0,897.0
SAL006378,2026-07-15,STR003,PRD010,1,1299.0,1299.0
SAL006379,2026-07-15,STR003,PRD011,2,1599.0,3198.0
SAL006380,2026-07-15,STR003,PRD012,1,199.0,199.0
SAL006381,2026-07-15,STR003,PRD013,4,249.0,996.0
SAL006382,2026-07-15,STR003,PRD015,1,449.0,449.0
SAL006383,2026-07-15,STR003,PRD017,4,649.0,2596.0
SAL006384,2026-07-15,STR003,PRD019,1,1399.0,1399.0
SAL006385,2026-07-15,STR003,PRD021,4,1099.0,4396.0
SAL006386,2026-07-15,STR003,PRD023,2,1299.0,2598.0
SAL006387,2026-07-15,STR003,PRD025,3,1899.0,5697.0
SAL006388,2026-07-15,STR003,PRD026,7,299.0,2093.0
SAL006389,2026-07-15,STR003,PRD028,2,499.0,998.0
SAL006390,2026-07-15,STR003,PRD030,6,199.0,1194.0
SAL006391,2026-07-15,STR003,PRD032,2,699.0,1398.0
SAL006392,2026-07-15,STR003,PRD036,2,329.0,658.0
SAL006393,2026-07-15,STR003,PRD037,2,379.0,758.0
SAL006394,2026-07-15,STR003,PRD040,5,249.0,1245.0
SAL006395,2026-07-15,STR004,PRD002,3,2899.0,8697.0
SAL006396,2026-07-15,STR004,PRD006,1,1799.0,1799.0
SAL006397,2026-07-15,STR004,PRD007,2,1999.0,3998.0
SAL006398,2026-07-15,STR004,PRD008,4,1499.0,5996.0
SAL006399,2026-07-15,STR004,PRD009,2,299.0,598.0
SAL006400,2026-07-15,STR004,PRD010,2,1299.0,2598.0
SAL006401,2026-07-15,STR004,PRD012,1,199.0,199.0
SAL006402,2026-07-15,STR004,PRD018,2,899.0,1798.0
SAL006403,2026-07-15,STR004,PRD020,3,1499.0,4497.0
SAL006404,2026-07-15,STR004,PRD023,1,1299.0,1299.0
SAL006405,2026-07-15,STR004,PRD024,2,1499.0,2998.0
SAL006406,2026-07-15,STR004,PRD025,2,1899.0,3798.0
SAL006407,2026-07-15,STR004,PRD026,3,299.0,897.0
SAL006408,2026-07-15,STR004,PRD027,4,179.0,716.0
SAL006409,2026-07-15,STR004,PRD028,5,499.0,2495.0
SAL006410,2026-07-15,STR004,PRD030,6,199.0,1194.0
SAL006411,2026-07-15,STR004,PRD031,1,999.0,999.0
SAL006412,2026-07-15,STR004,PRD036,4,329.0,1316.0
SAL006413,2026-07-15,STR004,PRD037,4,379.0,1516.0
SAL006414,2026-07-15,STR004,PRD038,4,429.0,1716.0
SAL006415,2026-07-15,STR004,PRD039,6,299.0,1794.0
SAL006416,2026-07-15,STR004,PRD040,5,249.0,1245.0
SAL006417,2026-07-16,STR001,PRD001,6,599.0,3594.0
SAL006418,2026-07-16,STR001,PRD002,1,2899.0,2899.0
SAL006419,2026-07-16,STR001,PRD004,7,1199.0,8393.0
SAL006420,2026-07-16,STR001,PRD006,2,1799.0,3598.0
SAL006421,2026-07-16,STR001,PRD007,4,1999.0,7996.0
SAL006422,2026-07-16,STR001,PRD009,2,299.0,598.0
SAL006423,2026-07-16,STR001,PRD010,8,1299.0,10392.0
SAL006424,2026-07-16,STR001,PRD011,2,1599.0,3198.0
SAL006425,2026-07-16,STR001,PRD015,1,449.0,449.0
SAL006426,2026-07-16,STR001,PRD016,4,1199.0,4796.0
SAL006427,2026-07-16,STR001,PRD017,1,649.0,649.0
SAL006428,2026-07-16,STR001,PRD019,2,1399.0,2798.0
SAL006429,2026-07-16,STR001,PRD020,2,1499.0,2998.0
SAL006430,2026-07-16,STR001,PRD022,1,599.0,599.0
SAL006431,2026-07-16,STR001,PRD023,4,1299.0,5196.0
SAL006432,2026-07-16,STR001,PRD025,2,1899.0,3798.0
SAL006433,2026-07-16,STR001,PRD026,6,299.0,1794.0
SAL006434,2026-07-16,STR001,PRD028,2,499.0,998.0
SAL006435,2026-07-16,STR001,PRD029,3,349.0,1047.0
SAL006436,2026-07-16,STR001,PRD030,4,199.0,796.0
SAL006437,2026-07-16,STR001,PRD031,2,999.0,1998.0
SAL006438,2026-07-16,STR001,PRD032,2,699.0,1398.0
SAL006439,2026-07-16,STR001,PRD034,1,399.0,399.0
SAL006440,2026-07-16,STR001,PRD035,8,449.0,3592.0
SAL006441,2026-07-16,STR001,PRD036,6,329.0,1974.0
SAL006442,2026-07-16,STR001,PRD037,3,379.0,1137.0
SAL006443,2026-07-16,STR001,PRD038,1,429.0,429.0
SAL006444,2026-07-16,STR001,PRD039,2,299.0,598.0
SAL006445,2026-07-16,STR002,PRD001,8,599.0,4792.0
SAL006446,2026-07-16,STR002,PRD002,3,2899.0,8697.0
SAL006447,2026-07-16,STR002,PRD003,1,3499.0,3499.0
SAL006448,2026-07-16,STR002,PRD004,3,1199.0,3597.0
SAL006449,2026-07-16,STR002,PRD006,5,1799.0,8995.0
SAL006450,2026-07-16,STR002,PRD008,3,1499.0,4497.0
SAL006451,2026-07-16,STR002,PRD009,5,299.0,1495.0
SAL006452,2026-07-16,STR002,PRD010,1,1299.0,1299.0
SAL006453,2026-07-16,STR002,PRD011,2,1599.0,3198.0
SAL006454,2026-07-16,STR002,PRD012,3,199.0,597.0
SAL006455,2026-07-16,STR002,PRD014,1,899.0,899.0
SAL006456,2026-07-16,STR002,PRD016,3,1199.0,3597.0
SAL006457,2026-07-16,STR002,PRD017,1,649.0,649.0
SAL006458,2026-07-16,STR002,PRD018,2,899.0,1798.0
SAL006459,2026-07-16,STR002,PRD022,1,599.0,599.0
SAL006460,2026-07-16,STR002,PRD026,2,299.0,598.0
SAL006461,2026-07-16,STR002,PRD028,5,499.0,2495.0
SAL006462,2026-07-16,STR002,PRD029,1,349.0,349.0
SAL006463,2026-07-16,STR002,PRD030,2,199.0,398.0
SAL006464,2026-07-16,STR002,PRD035,1,449.0,449.0
SAL006465,2026-07-16,STR002,PRD036,2,329.0,658.0
SAL006466,2026-07-16,STR002,PRD037,5,379.0,1895.0
SAL006467,2026-07-16,STR002,PRD039,2,299.0,598.0
SAL006468,2026-07-16,STR003,PRD001,7,599.0,4193.0
SAL006469,2026-07-16,STR003,PRD006,3,1799.0,5397.0
SAL006470,2026-07-16,STR003,PRD007,3,1999.0,5997.0
SAL006471,2026-07-16,STR003,PRD009,6,299.0,1794.0
SAL006472,2026-07-16,STR003,PRD011,2,1599.0,3198.0
SAL006473,2026-07-16,STR003,PRD013,2,249.0,498.0
SAL006474,2026-07-16,STR003,PRD015,4,449.0,1796.0
SAL006475,2026-07-16,STR003,PRD017,1,649.0,649.0
SAL006476,2026-07-16,STR003,PRD020,2,1499.0,2998.0
SAL006477,2026-07-16,STR003,PRD022,2,599.0,1198.0
SAL006478,2026-07-16,STR003,PRD024,1,1499.0,1499.0
SAL006479,2026-07-16,STR003,PRD025,3,1899.0,5697.0
SAL006480,2026-07-16,STR003,PRD026,4,299.0,1196.0
SAL006481,2026-07-16,STR003,PRD028,5,499.0,2495.0
SAL006482,2026-07-16,STR003,PRD029,2,349.0,698.0
SAL006483,2026-07-16,STR003,PRD030,4,199.0,796.0
SAL006484,2026-07-16,STR003,PRD031,3,999.0,2997.0
SAL006485,2026-07-16,STR003,PRD035,1,449.0,449.0
SAL006486,2026-07-16,STR003,PRD036,2,329.0,658.0
SAL006487,2026-07-16,STR003,PRD037,3,379.0,1137.0
SAL006488,2026-07-16,STR003,PRD039,7,299.0,2093.0
SAL006489,2026-07-16,STR003,PRD040,3,249.0,747.0
SAL006490,2026-07-16,STR004,PRD001,3,599.0,1797.0
SAL006491,2026-07-16,STR004,PRD006,3,1799.0,5397.0
SAL006492,2026-07-16,STR004,PRD008,2,1499.0,2998.0
SAL006493,2026-07-16,STR004,PRD009,7,299.0,2093.0
SAL006494,2026-07-16,STR004,PRD011,2,1599.0,3198.0
SAL006495,2026-07-16,STR004,PRD012,3,199.0,597.0
SAL006496,2026-07-16,STR004,PRD013,4,249.0,996.0
SAL006497,2026-07-16,STR004,PRD017,4,649.0,2596.0
SAL006498,2026-07-16,STR004,PRD020,4,1499.0,5996.0
SAL006499,2026-07-16,STR004,PRD021,2,1099.0,2198.0
SAL006500,2026-07-16,STR004,PRD023,1,1299.0,1299.0
SAL006501,2026-07-16,STR004,PRD024,3,1499.0,4497.0
SAL006502,2026-07-16,STR004,PRD026,2,299.0,598.0
SAL006503,2026-07-16,STR004,PRD027,3,179.0,537.0
SAL006504,2026-07-16,STR004,PRD030,3,199.0,597.0
SAL006505,2026-07-16,STR004,PRD031,1,999.0,999.0
SAL006506,2026-07-16,STR004,PRD034,4,399.0,1596.0
SAL006507,2026-07-16,STR004,PRD035,1,449.0,449.0
SAL006508,2026-07-16,STR004,PRD036,4,329.0,1316.0
SAL006509,2026-07-16,STR004,PRD038,4,429.0,1716.0
SAL006510,2026-07-16,STR004,PRD039,7,299.0,2093.0
SAL006511,2026-07-16,STR004,PRD040,7,249.0,1743.0
SAL006512,2026-07-17,STR001,PRD001,7,599.0,4193.0
SAL006513,2026-07-17,STR001,PRD002,2,2899.0,5798.0
SAL006514,2026-07-17,STR001,PRD003,3,3499.0,10497.0
SAL006515,2026-07-17,STR001,PRD004,2,1199.0,2398.0
SAL006516,2026-07-17,STR001,PRD009,4,299.0,1196.0
SAL006517,2026-07-17,STR001,PRD010,8,1299.0,10392.0
SAL006518,2026-07-17,STR001,PRD011,1,1599.0,1599.0
SAL006519,2026-07-17,STR001,PRD012,4,199.0,796.0
SAL006520,2026-07-17,STR001,PRD015,3,449.0,1347.0
SAL006521,2026-07-17,STR001,PRD016,2,1199.0,2398.0
SAL006522,2026-07-17,STR001,PRD020,3,1499.0,4497.0
SAL006523,2026-07-17,STR001,PRD021,3,1099.0,3297.0
SAL006524,2026-07-17,STR001,PRD022,2,599.0,1198.0
SAL006525,2026-07-17,STR001,PRD023,4,1299.0,5196.0
SAL006526,2026-07-17,STR001,PRD024,4,1499.0,5996.0
SAL006527,2026-07-17,STR001,PRD026,5,299.0,1495.0
SAL006528,2026-07-17,STR001,PRD028,4,499.0,1996.0
SAL006529,2026-07-17,STR001,PRD030,4,199.0,796.0
SAL006530,2026-07-17,STR001,PRD035,7,449.0,3143.0
SAL006531,2026-07-17,STR001,PRD036,7,329.0,2303.0
SAL006532,2026-07-17,STR001,PRD039,2,299.0,598.0
SAL006533,2026-07-17,STR001,PRD040,6,249.0,1494.0
SAL006534,2026-07-17,STR002,PRD001,5,599.0,2995.0
SAL006535,2026-07-17,STR002,PRD002,1,2899.0,2899.0
SAL006536,2026-07-17,STR002,PRD004,7,1199.0,8393.0
SAL006537,2026-07-17,STR002,PRD007,2,1999.0,3998.0
SAL006538,2026-07-17,STR002,PRD008,1,1499.0,1499.0
SAL006539,2026-07-17,STR002,PRD011,2,1599.0,3198.0
SAL006540,2026-07-17,STR002,PRD013,2,249.0,498.0
SAL006541,2026-07-17,STR002,PRD016,1,1199.0,1199.0
SAL006542,2026-07-17,STR002,PRD017,1,649.0,649.0
SAL006543,2026-07-17,STR002,PRD018,2,899.0,1798.0
SAL006544,2026-07-17,STR002,PRD023,5,1299.0,6495.0
SAL006545,2026-07-17,STR002,PRD026,2,299.0,598.0
SAL006546,2026-07-17,STR002,PRD027,5,179.0,895.0
SAL006547,2026-07-17,STR002,PRD028,2,499.0,998.0
SAL006548,2026-07-17,STR002,PRD034,2,399.0,798.0
SAL006549,2026-07-17,STR002,PRD036,5,329.0,1645.0
SAL006550,2026-07-17,STR002,PRD037,3,379.0,1137.0
SAL006551,2026-07-17,STR002,PRD039,6,299.0,1794.0
SAL006552,2026-07-17,STR002,PRD040,6,249.0,1494.0
SAL006553,2026-07-17,STR003,PRD001,3,599.0,1797.0
SAL006554,2026-07-17,STR003,PRD002,1,2899.0,2899.0
SAL006555,2026-07-17,STR003,PRD003,3,3499.0,10497.0
SAL006556,2026-07-17,STR003,PRD004,2,1199.0,2398.0
SAL006557,2026-07-17,STR003,PRD005,2,2299.0,4598.0
SAL006558,2026-07-17,STR003,PRD006,2,1799.0,3598.0
SAL006559,2026-07-17,STR003,PRD008,1,1499.0,1499.0
SAL006560,2026-07-17,STR003,PRD009,4,299.0,1196.0
SAL006561,2026-07-17,STR003,PRD010,1,1299.0,1299.0
SAL006562,2026-07-17,STR003,PRD015,2,449.0,898.0
SAL006563,2026-07-17,STR003,PRD016,1,1199.0,1199.0
SAL006564,2026-07-17,STR003,PRD017,1,649.0,649.0
SAL006565,2026-07-17,STR003,PRD022,1,599.0,599.0
SAL006566,2026-07-17,STR003,PRD023,4,1299.0,5196.0
SAL006567,2026-07-17,STR003,PRD024,2,1499.0,2998.0
SAL006568,2026-07-17,STR003,PRD025,1,1899.0,1899.0
SAL006569,2026-07-17,STR003,PRD026,5,299.0,1495.0
SAL006570,2026-07-17,STR003,PRD027,2,179.0,358.0
SAL006571,2026-07-17,STR003,PRD028,2,499.0,998.0
SAL006572,2026-07-17,STR003,PRD029,3,349.0,1047.0
SAL006573,2026-07-17,STR003,PRD037,2,379.0,758.0
SAL006574,2026-07-17,STR003,PRD038,4,429.0,1716.0
SAL006575,2026-07-17,STR003,PRD039,5,299.0,1495.0
SAL006576,2026-07-17,STR003,PRD040,3,249.0,747.0
SAL006577,2026-07-17,STR004,PRD001,3,599.0,1797.0
SAL006578,2026-07-17,STR004,PRD004,4,1199.0,4796.0
SAL006579,2026-07-17,STR004,PRD005,1,2299.0,2299.0
SAL006580,2026-07-17,STR004,PRD006,4,1799.0,7196.0
SAL006581,2026-07-17,STR004,PRD009,3,299.0,897.0
SAL006582,2026-07-17,STR004,PRD010,2,1299.0,2598.0
SAL006583,2026-07-17,STR004,PRD011,3,1599.0,4797.0
SAL006584,2026-07-17,STR004,PRD013,1,249.0,249.0
SAL006585,2026-07-17,STR004,PRD014,2,899.0,1798.0
SAL006586,2026-07-17,STR004,PRD016,2,1199.0,2398.0
SAL006587,2026-07-17,STR004,PRD017,1,649.0,649.0
SAL006588,2026-07-17,STR004,PRD023,1,1299.0,1299.0
SAL006589,2026-07-17,STR004,PRD024,2,1499.0,2998.0
SAL006590,2026-07-17,STR004,PRD025,3,1899.0,5697.0
SAL006591,2026-07-17,STR004,PRD026,2,299.0,598.0
SAL006592,2026-07-17,STR004,PRD030,5,199.0,995.0
SAL006593,2026-07-17,STR004,PRD031,1,999.0,999.0
SAL006594,2026-07-17,STR004,PRD036,3,329.0,987.0
SAL006595,2026-07-17,STR004,PRD037,2,379.0,758.0
SAL006596,2026-07-17,STR004,PRD038,4,429.0,1716.0
SAL006597,2026-07-17,STR004,PRD039,3,299.0,897.0
SAL006598,2026-07-17,STR004,PRD040,6,249.0,1494.0
SAL006599,2026-07-18,STR001,PRD001,4,599.0,2396.0
SAL006600,2026-07-18,STR001,PRD003,4,3499.0,13996.0
SAL006601,2026-07-18,STR001,PRD004,9,1199.0,10791.0
SAL006602,2026-07-18,STR001,PRD005,4,2299.0,9196.0
SAL006603,2026-07-18,STR001,PRD006,5,1799.0,8995.0
SAL006604,2026-07-18,STR001,PRD007,3,1999.0,5997.0
SAL006605,2026-07-18,STR001,PRD008,3,1499.0,4497.0
SAL006606,2026-07-18,STR001,PRD009,8,299.0,2392.0
SAL006607,2026-07-18,STR001,PRD010,7,1299.0,9093.0
SAL006608,2026-07-18,STR001,PRD011,3,1599.0,4797.0
SAL006609,2026-07-18,STR001,PRD012,1,199.0,199.0
SAL006610,2026-07-18,STR001,PRD013,5,249.0,1245.0
SAL006611,2026-07-18,STR001,PRD020,4,1499.0,5996.0
SAL006612,2026-07-18,STR001,PRD026,4,299.0,1196.0
SAL006613,2026-07-18,STR001,PRD027,3,179.0,537.0
SAL006614,2026-07-18,STR001,PRD029,3,349.0,1047.0
SAL006615,2026-07-18,STR001,PRD030,4,199.0,796.0
SAL006616,2026-07-18,STR001,PRD031,5,999.0,4995.0
SAL006617,2026-07-18,STR001,PRD034,1,399.0,399.0
SAL006618,2026-07-18,STR001,PRD035,7,449.0,3143.0
SAL006619,2026-07-18,STR001,PRD036,4,329.0,1316.0
SAL006620,2026-07-18,STR001,PRD037,5,379.0,1895.0
SAL006621,2026-07-18,STR001,PRD038,1,429.0,429.0
SAL006622,2026-07-18,STR001,PRD039,7,299.0,2093.0
SAL006623,2026-07-18,STR001,PRD040,9,249.0,2241.0
SAL006624,2026-07-18,STR002,PRD002,3,2899.0,8697.0
SAL006625,2026-07-18,STR002,PRD004,7,1199.0,8393.0
SAL006626,2026-07-18,STR002,PRD005,4,2299.0,9196.0
SAL006627,2026-07-18,STR002,PRD006,3,1799.0,5397.0
SAL006628,2026-07-18,STR002,PRD007,3,1999.0,5997.0
SAL006629,2026-07-18,STR002,PRD009,9,299.0,2691.0
SAL006630,2026-07-18,STR002,PRD010,1,1299.0,1299.0
SAL006631,2026-07-18,STR002,PRD011,6,1599.0,9594.0
SAL006632,2026-07-18,STR002,PRD013,3,249.0,747.0
SAL006633,2026-07-18,STR002,PRD016,1,1199.0,1199.0
SAL006634,2026-07-18,STR002,PRD017,4,649.0,2596.0
SAL006635,2026-07-18,STR002,PRD018,3,899.0,2697.0
SAL006636,2026-07-18,STR002,PRD020,1,1499.0,1499.0
SAL006637,2026-07-18,STR002,PRD022,1,599.0,599.0
SAL006638,2026-07-18,STR002,PRD023,1,1299.0,1299.0
SAL006639,2026-07-18,STR002,PRD024,4,1499.0,5996.0
SAL006640,2026-07-18,STR002,PRD025,4,1899.0,7596.0
SAL006641,2026-07-18,STR002,PRD027,6,179.0,1074.0
SAL006642,2026-07-18,STR002,PRD028,3,499.0,1497.0
SAL006643,2026-07-18,STR002,PRD029,6,349.0,2094.0
SAL006644,2026-07-18,STR002,PRD031,6,999.0,5994.0
SAL006645,2026-07-18,STR002,PRD033,3,849.0,2547.0
SAL006646,2026-07-18,STR002,PRD036,3,329.0,987.0
SAL006647,2026-07-18,STR002,PRD037,6,379.0,2274.0
SAL006648,2026-07-18,STR002,PRD038,3,429.0,1287.0
SAL006649,2026-07-18,STR002,PRD039,9,299.0,2691.0
SAL006650,2026-07-18,STR002,PRD040,10,249.0,2490.0
SAL006651,2026-07-18,STR003,PRD001,6,599.0,3594.0
SAL006652,2026-07-18,STR003,PRD002,4,2899.0,11596.0
SAL006653,2026-07-18,STR003,PRD004,6,1199.0,7194.0
SAL006654,2026-07-18,STR003,PRD005,1,2299.0,2299.0
SAL006655,2026-07-18,STR003,PRD006,5,1799.0,8995.0
SAL006656,2026-07-18,STR003,PRD008,4,1499.0,5996.0
SAL006657,2026-07-18,STR003,PRD010,2,1299.0,2598.0
SAL006658,2026-07-18,STR003,PRD016,2,1199.0,2398.0
SAL006659,2026-07-18,STR003,PRD017,1,649.0,649.0
SAL006660,2026-07-18,STR003,PRD018,2,899.0,1798.0
SAL006661,2026-07-18,STR003,PRD020,1,1499.0,1499.0
SAL006662,2026-07-18,STR003,PRD023,2,1299.0,2598.0
SAL006663,2026-07-18,STR003,PRD026,8,299.0,2392.0
SAL006664,2026-07-18,STR003,PRD028,5,499.0,2495.0
SAL006665,2026-07-18,STR003,PRD029,4,349.0,1396.0
SAL006666,2026-07-18,STR003,PRD030,4,199.0,796.0
SAL006667,2026-07-18,STR003,PRD034,2,399.0,798.0
SAL006668,2026-07-18,STR003,PRD036,5,329.0,1645.0
SAL006669,2026-07-18,STR003,PRD037,2,379.0,758.0
SAL006670,2026-07-18,STR003,PRD038,2,429.0,858.0
SAL006671,2026-07-18,STR003,PRD040,8,249.0,1992.0
SAL006672,2026-07-18,STR004,PRD001,2,599.0,1198.0
SAL006673,2026-07-18,STR004,PRD003,5,3499.0,17495.0
SAL006674,2026-07-18,STR004,PRD004,5,1199.0,5995.0
SAL006675,2026-07-18,STR004,PRD006,5,1799.0,8995.0
SAL006676,2026-07-18,STR004,PRD008,4,1499.0,5996.0
SAL006677,2026-07-18,STR004,PRD009,6,299.0,1794.0
SAL006678,2026-07-18,STR004,PRD017,2,649.0,1298.0
SAL006679,2026-07-18,STR004,PRD018,1,899.0,899.0
SAL006680,2026-07-18,STR004,PRD023,5,1299.0,6495.0
SAL006681,2026-07-18,STR004,PRD025,2,1899.0,3798.0
SAL006682,2026-07-18,STR004,PRD027,2,179.0,358.0
SAL006683,2026-07-18,STR004,PRD028,5,499.0,2495.0
SAL006684,2026-07-18,STR004,PRD029,1,349.0,349.0
SAL006685,2026-07-18,STR004,PRD030,7,199.0,1393.0
SAL006686,2026-07-18,STR004,PRD033,2,849.0,1698.0
SAL006687,2026-07-18,STR004,PRD034,5,399.0,1995.0
SAL006688,2026-07-18,STR004,PRD036,5,329.0,1645.0
SAL006689,2026-07-18,STR004,PRD038,5,429.0,2145.0
SAL006690,2026-07-18,STR004,PRD039,4,299.0,1196.0
SAL006691,2026-07-18,STR004,PRD040,5,249.0,1245.0
SAL006692,2026-07-19,STR001,PRD001,5,599.0,2995.0
SAL006693,2026-07-19,STR001,PRD003,1,3499.0,3499.0
SAL006694,2026-07-19,STR001,PRD004,7,1199.0,8393.0
SAL006695,2026-07-19,STR001,PRD005,3,2299.0,6897.0
SAL006696,2026-07-19,STR001,PRD006,4,1799.0,7196.0
SAL006697,2026-07-19,STR001,PRD007,4,1999.0,7996.0
SAL006698,2026-07-19,STR001,PRD008,3,1499.0,4497.0
SAL006699,2026-07-19,STR001,PRD010,8,1299.0,10392.0
SAL006700,2026-07-19,STR001,PRD013,1,249.0,249.0
SAL006701,2026-07-19,STR001,PRD015,5,449.0,2245.0
SAL006702,2026-07-19,STR001,PRD016,1,1199.0,1199.0
SAL006703,2026-07-19,STR001,PRD017,1,649.0,649.0
SAL006704,2026-07-19,STR001,PRD018,4,899.0,3596.0
SAL006705,2026-07-19,STR001,PRD021,1,1099.0,1099.0
SAL006706,2026-07-19,STR001,PRD022,3,599.0,1797.0
SAL006707,2026-07-19,STR001,PRD023,4,1299.0,5196.0
SAL006708,2026-07-19,STR001,PRD024,3,1499.0,4497.0
SAL006709,2026-07-19,STR001,PRD025,4,1899.0,7596.0
SAL006710,2026-07-19,STR001,PRD026,4,299.0,1196.0
SAL006711,2026-07-19,STR001,PRD027,5,179.0,895.0
SAL006712,2026-07-19,STR001,PRD028,7,499.0,3493.0
SAL006713,2026-07-19,STR001,PRD029,5,349.0,1745.0
SAL006714,2026-07-19,STR001,PRD030,4,199.0,796.0
SAL006715,2026-07-19,STR001,PRD035,8,449.0,3592.0
SAL006716,2026-07-19,STR001,PRD038,5,429.0,2145.0
SAL006717,2026-07-19,STR001,PRD039,4,299.0,1196.0
SAL006718,2026-07-19,STR001,PRD040,7,249.0,1743.0
SAL006719,2026-07-19,STR002,PRD001,7,599.0,4193.0
SAL006720,2026-07-19,STR002,PRD002,6,2899.0,17394.0
SAL006721,2026-07-19,STR002,PRD003,4,3499.0,13996.0
SAL006722,2026-07-19,STR002,PRD006,4,1799.0,7196.0
SAL006723,2026-07-19,STR002,PRD009,3,299.0,897.0
SAL006724,2026-07-19,STR002,PRD010,3,1299.0,3897.0
SAL006725,2026-07-19,STR002,PRD011,1,1599.0,1599.0
SAL006726,2026-07-19,STR002,PRD012,3,199.0,597.0
SAL006727,2026-07-19,STR002,PRD013,3,249.0,747.0
SAL006728,2026-07-19,STR002,PRD015,3,449.0,1347.0
SAL006729,2026-07-19,STR002,PRD016,3,1199.0,3597.0
SAL006730,2026-07-19,STR002,PRD017,1,649.0,649.0
SAL006731,2026-07-19,STR002,PRD023,6,1299.0,7794.0
SAL006732,2026-07-19,STR002,PRD024,1,1499.0,1499.0
SAL006733,2026-07-19,STR002,PRD025,3,1899.0,5697.0
SAL006734,2026-07-19,STR002,PRD027,3,179.0,537.0
SAL006735,2026-07-19,STR002,PRD028,6,499.0,2994.0
SAL006736,2026-07-19,STR002,PRD029,3,349.0,1047.0
SAL006737,2026-07-19,STR002,PRD030,7,199.0,1393.0
SAL006738,2026-07-19,STR002,PRD031,1,999.0,999.0
SAL006739,2026-07-19,STR002,PRD033,3,849.0,2547.0
SAL006740,2026-07-19,STR002,PRD036,9,329.0,2961.0
SAL006741,2026-07-19,STR002,PRD037,3,379.0,1137.0
SAL006742,2026-07-19,STR002,PRD039,4,299.0,1196.0
SAL006743,2026-07-19,STR002,PRD040,7,249.0,1743.0
SAL006744,2026-07-19,STR003,PRD001,7,599.0,4193.0
SAL006745,2026-07-19,STR003,PRD002,2,2899.0,5798.0
SAL006746,2026-07-19,STR003,PRD003,4,3499.0,13996.0
SAL006747,2026-07-19,STR003,PRD008,4,1499.0,5996.0
SAL006748,2026-07-19,STR003,PRD009,4,299.0,1196.0
SAL006749,2026-07-19,STR003,PRD011,4,1599.0,6396.0
SAL006750,2026-07-19,STR003,PRD013,1,249.0,249.0
SAL006751,2026-07-19,STR003,PRD016,2,1199.0,2398.0
SAL006752,2026-07-19,STR003,PRD017,5,649.0,3245.0
SAL006753,2026-07-19,STR003,PRD019,1,1399.0,1399.0
SAL006754,2026-07-19,STR003,PRD021,1,1099.0,1099.0
SAL006755,2026-07-19,STR003,PRD022,2,599.0,1198.0
SAL006756,2026-07-19,STR003,PRD023,5,1299.0,6495.0
SAL006757,2026-07-19,STR003,PRD024,2,1499.0,2998.0
SAL006758,2026-07-19,STR003,PRD026,7,299.0,2093.0
SAL006759,2026-07-19,STR003,PRD028,2,499.0,998.0
SAL006760,2026-07-19,STR003,PRD030,8,199.0,1592.0
SAL006761,2026-07-19,STR003,PRD031,4,999.0,3996.0
SAL006762,2026-07-19,STR003,PRD034,2,399.0,798.0
SAL006763,2026-07-19,STR003,PRD036,4,329.0,1316.0
SAL006764,2026-07-19,STR003,PRD037,2,379.0,758.0
SAL006765,2026-07-19,STR003,PRD040,4,249.0,996.0
SAL006766,2026-07-19,STR004,PRD002,1,2899.0,2899.0
SAL006767,2026-07-19,STR004,PRD004,4,1199.0,4796.0
SAL006768,2026-07-19,STR004,PRD005,4,2299.0,9196.0
SAL006769,2026-07-19,STR004,PRD007,4,1999.0,7996.0
SAL006770,2026-07-19,STR004,PRD008,4,1499.0,5996.0
SAL006771,2026-07-19,STR004,PRD009,6,299.0,1794.0
SAL006772,2026-07-19,STR004,PRD010,2,1299.0,2598.0
SAL006773,2026-07-19,STR004,PRD011,1,1599.0,1599.0
SAL006774,2026-07-19,STR004,PRD013,5,249.0,1245.0
SAL006775,2026-07-19,STR004,PRD015,1,449.0,449.0
SAL006776,2026-07-19,STR004,PRD016,4,1199.0,4796.0
SAL006777,2026-07-19,STR004,PRD017,5,649.0,3245.0
SAL006778,2026-07-19,STR004,PRD018,1,899.0,899.0
SAL006779,2026-07-19,STR004,PRD019,2,1399.0,2798.0
SAL006780,2026-07-19,STR004,PRD020,4,1499.0,5996.0
SAL006781,2026-07-19,STR004,PRD023,1,1299.0,1299.0
SAL006782,2026-07-19,STR004,PRD025,5,1899.0,9495.0
SAL006783,2026-07-19,STR004,PRD026,9,299.0,2691.0
SAL006784,2026-07-19,STR004,PRD027,4,179.0,716.0
SAL006785,2026-07-19,STR004,PRD028,4,499.0,1996.0
SAL006786,2026-07-19,STR004,PRD030,9,199.0,1791.0
SAL006787,2026-07-19,STR004,PRD031,1,999.0,999.0
SAL006788,2026-07-19,STR004,PRD034,4,399.0,1596.0
SAL006789,2026-07-19,STR004,PRD036,4,329.0,1316.0
SAL006790,2026-07-19,STR004,PRD039,6,299.0,1794.0
SAL006791,2026-07-20,STR001,PRD001,2,599.0,1198.0
SAL006792,2026-07-20,STR001,PRD002,3,2899.0,8697.0
SAL006793,2026-07-20,STR001,PRD003,3,3499.0,10497.0
SAL006794,2026-07-20,STR001,PRD004,7,1199.0,8393.0
SAL006795,2026-07-20,STR001,PRD005,3,2299.0,6897.0
SAL006796,2026-07-20,STR001,PRD006,2,1799.0,3598.0
SAL006797,2026-07-20,STR001,PRD007,5,1999.0,9995.0
SAL006798,2026-07-20,STR001,PRD008,3,1499.0,4497.0
SAL006799,2026-07-20,STR001,PRD009,2,299.0,598.0
SAL006800,2026-07-20,STR001,PRD010,4,1299.0,5196.0
SAL006801,2026-07-20,STR001,PRD012,2,199.0,398.0
SAL006802,2026-07-20,STR001,PRD013,2,249.0,498.0
SAL006803,2026-07-20,STR001,PRD015,4,449.0,1796.0
SAL006804,2026-07-20,STR001,PRD016,1,1199.0,1199.0
SAL006805,2026-07-20,STR001,PRD017,1,649.0,649.0
SAL006806,2026-07-20,STR001,PRD021,4,1099.0,4396.0
SAL006807,2026-07-20,STR001,PRD024,1,1499.0,1499.0
SAL006808,2026-07-20,STR001,PRD026,3,299.0,897.0
SAL006809,2026-07-20,STR001,PRD027,4,179.0,716.0
SAL006810,2026-07-20,STR001,PRD028,5,499.0,2495.0
SAL006811,2026-07-20,STR001,PRD029,2,349.0,698.0
SAL006812,2026-07-20,STR001,PRD030,7,199.0,1393.0
SAL006813,2026-07-20,STR001,PRD031,1,999.0,999.0
SAL006814,2026-07-20,STR001,PRD035,8,449.0,3592.0
SAL006815,2026-07-20,STR001,PRD036,6,329.0,1974.0
SAL006816,2026-07-20,STR001,PRD037,2,379.0,758.0
SAL006817,2026-07-20,STR002,PRD001,8,599.0,4792.0
SAL006818,2026-07-20,STR002,PRD003,1,3499.0,3499.0
SAL006819,2026-07-20,STR002,PRD004,6,1199.0,7194.0
SAL006820,2026-07-20,STR002,PRD005,1,2299.0,2299.0
SAL006821,2026-07-20,STR002,PRD006,3,1799.0,5397.0
SAL006822,2026-07-20,STR002,PRD007,2,1999.0,3998.0
SAL006823,2026-07-20,STR002,PRD008,2,1499.0,2998.0
SAL006824,2026-07-20,STR002,PRD009,2,299.0,598.0
SAL006825,2026-07-20,STR002,PRD011,3,1599.0,4797.0
SAL006826,2026-07-20,STR002,PRD012,5,199.0,995.0
SAL006827,2026-07-20,STR002,PRD013,3,249.0,747.0
SAL006828,2026-07-20,STR002,PRD015,3,449.0,1347.0
SAL006829,2026-07-20,STR002,PRD016,1,1199.0,1199.0
SAL006830,2026-07-20,STR002,PRD017,5,649.0,3245.0
SAL006831,2026-07-20,STR002,PRD020,5,1499.0,7495.0
SAL006832,2026-07-20,STR002,PRD021,3,1099.0,3297.0
SAL006833,2026-07-20,STR002,PRD026,3,299.0,897.0
SAL006834,2026-07-20,STR002,PRD027,3,179.0,537.0
SAL006835,2026-07-20,STR002,PRD028,2,499.0,998.0
SAL006836,2026-07-20,STR002,PRD029,3,349.0,1047.0
SAL006837,2026-07-20,STR002,PRD030,6,199.0,1194.0
SAL006838,2026-07-20,STR002,PRD031,3,999.0,2997.0
SAL006839,2026-07-20,STR002,PRD034,5,399.0,1995.0
SAL006840,2026-07-20,STR002,PRD036,7,329.0,2303.0
SAL006841,2026-07-20,STR002,PRD037,5,379.0,1895.0
SAL006842,2026-07-20,STR002,PRD038,1,429.0,429.0
SAL006843,2026-07-20,STR002,PRD040,5,249.0,1245.0
SAL006844,2026-07-20,STR003,PRD001,7,599.0,4193.0
SAL006845,2026-07-20,STR003,PRD002,3,2899.0,8697.0
SAL006846,2026-07-20,STR003,PRD003,3,3499.0,10497.0
SAL006847,2026-07-20,STR003,PRD004,7,1199.0,8393.0
SAL006848,2026-07-20,STR003,PRD005,2,2299.0,4598.0
SAL006849,2026-07-20,STR003,PRD006,2,1799.0,3598.0
SAL006850,2026-07-20,STR003,PRD007,5,1999.0,9995.0
SAL006851,2026-07-20,STR003,PRD008,2,1499.0,2998.0
SAL006852,2026-07-20,STR003,PRD009,3,299.0,897.0
SAL006853,2026-07-20,STR003,PRD016,3,1199.0,3597.0
SAL006854,2026-07-20,STR003,PRD018,2,899.0,1798.0
SAL006855,2026-07-20,STR003,PRD020,3,1499.0,4497.0
SAL006856,2026-07-20,STR003,PRD025,2,1899.0,3798.0
SAL006857,2026-07-20,STR003,PRD026,4,299.0,1196.0
SAL006858,2026-07-20,STR003,PRD029,1,349.0,349.0
SAL006859,2026-07-20,STR003,PRD030,6,199.0,1194.0
SAL006860,2026-07-20,STR003,PRD036,5,329.0,1645.0
SAL006861,2026-07-20,STR003,PRD037,3,379.0,1137.0
SAL006862,2026-07-20,STR003,PRD039,6,299.0,1794.0
SAL006863,2026-07-20,STR003,PRD040,7,249.0,1743.0
SAL006864,2026-07-20,STR004,PRD001,3,599.0,1797.0
SAL006865,2026-07-20,STR004,PRD002,1,2899.0,2899.0
SAL006866,2026-07-20,STR004,PRD004,3,1199.0,3597.0
SAL006867,2026-07-20,STR004,PRD006,2,1799.0,3598.0
SAL006868,2026-07-20,STR004,PRD009,6,299.0,1794.0
SAL006869,2026-07-20,STR004,PRD012,2,199.0,398.0
SAL006870,2026-07-20,STR004,PRD013,1,249.0,249.0
SAL006871,2026-07-20,STR004,PRD016,1,1199.0,1199.0
SAL006872,2026-07-20,STR004,PRD018,2,899.0,1798.0
SAL006873,2026-07-20,STR004,PRD020,3,1499.0,4497.0
SAL006874,2026-07-20,STR004,PRD023,4,1299.0,5196.0
SAL006875,2026-07-20,STR004,PRD024,4,1499.0,5996.0
SAL006876,2026-07-20,STR004,PRD026,3,299.0,897.0
SAL006877,2026-07-20,STR004,PRD027,1,179.0,179.0
SAL006878,2026-07-20,STR004,PRD028,4,499.0,1996.0
SAL006879,2026-07-20,STR004,PRD030,5,199.0,995.0
SAL006880,2026-07-20,STR004,PRD032,1,699.0,699.0
SAL006881,2026-07-20,STR004,PRD035,2,449.0,898.0
SAL006882,2026-07-20,STR004,PRD036,2,329.0,658.0
SAL006883,2026-07-20,STR004,PRD037,4,379.0,1516.0
SAL006884,2026-07-20,STR004,PRD038,4,429.0,1716.0
SAL006885,2026-07-20,STR004,PRD040,6,249.0,1494.0
SAL006886,2026-07-21,STR001,PRD001,4,599.0,2396.0
SAL006887,2026-07-21,STR001,PRD002,4,2899.0,11596.0
SAL006888,2026-07-21,STR001,PRD004,5,1199.0,5995.0
SAL006889,2026-07-21,STR001,PRD006,2,1799.0,3598.0
SAL006890,2026-07-21,STR001,PRD008,3,1499.0,4497.0
SAL006891,2026-07-21,STR001,PRD009,3,299.0,897.0
SAL006892,2026-07-21,STR001,PRD010,6,1299.0,7794.0
SAL006893,2026-07-21,STR001,PRD011,2,1599.0,3198.0
SAL006894,2026-07-21,STR001,PRD012,2,199.0,398.0
SAL006895,2026-07-21,STR001,PRD015,2,449.0,898.0
SAL006896,2026-07-21,STR001,PRD016,2,1199.0,2398.0
SAL006897,2026-07-21,STR001,PRD017,4,649.0,2596.0
SAL006898,2026-07-21,STR001,PRD018,3,899.0,2697.0
SAL006899,2026-07-21,STR001,PRD020,2,1499.0,2998.0
SAL006900,2026-07-21,STR001,PRD021,4,1099.0,4396.0
SAL006901,2026-07-21,STR001,PRD023,2,1299.0,2598.0
SAL006902,2026-07-21,STR001,PRD025,2,1899.0,3798.0
SAL006903,2026-07-21,STR001,PRD026,7,299.0,2093.0
SAL006904,2026-07-21,STR001,PRD028,5,499.0,2495.0
SAL006905,2026-07-21,STR001,PRD030,2,199.0,398.0
SAL006906,2026-07-21,STR001,PRD031,3,999.0,2997.0
SAL006907,2026-07-21,STR001,PRD035,8,449.0,3592.0
SAL006908,2026-07-21,STR001,PRD037,1,379.0,379.0
SAL006909,2026-07-21,STR001,PRD040,4,249.0,996.0
SAL006910,2026-07-21,STR002,PRD001,5,599.0,2995.0
SAL006911,2026-07-21,STR002,PRD002,1,2899.0,2899.0
SAL006912,2026-07-21,STR002,PRD003,3,3499.0,10497.0
SAL006913,2026-07-21,STR002,PRD004,3,1199.0,3597.0
SAL006914,2026-07-21,STR002,PRD007,2,1999.0,3998.0
SAL006915,2026-07-21,STR002,PRD008,3,1499.0,4497.0
SAL006916,2026-07-21,STR002,PRD009,5,299.0,1495.0
SAL006917,2026-07-21,STR002,PRD010,2,1299.0,2598.0
SAL006918,2026-07-21,STR002,PRD014,1,899.0,899.0
SAL006919,2026-07-21,STR002,PRD015,2,449.0,898.0
SAL006920,2026-07-21,STR002,PRD017,2,649.0,1298.0
SAL006921,2026-07-21,STR002,PRD018,2,899.0,1798.0
SAL006922,2026-07-21,STR002,PRD021,1,1099.0,1099.0
SAL006923,2026-07-21,STR002,PRD023,3,1299.0,3897.0
SAL006924,2026-07-21,STR002,PRD024,5,1499.0,7495.0
SAL006925,2026-07-21,STR002,PRD025,1,1899.0,1899.0
SAL006926,2026-07-21,STR002,PRD026,6,299.0,1794.0
SAL006927,2026-07-21,STR002,PRD028,2,499.0,998.0
SAL006928,2026-07-21,STR002,PRD029,5,349.0,1745.0
SAL006929,2026-07-21,STR002,PRD030,6,199.0,1194.0
SAL006930,2026-07-21,STR002,PRD034,1,399.0,399.0
SAL006931,2026-07-21,STR002,PRD035,2,449.0,898.0
SAL006932,2026-07-21,STR002,PRD036,2,329.0,658.0
SAL006933,2026-07-21,STR002,PRD038,2,429.0,858.0
SAL006934,2026-07-21,STR002,PRD039,7,299.0,2093.0
SAL006935,2026-07-21,STR002,PRD040,6,249.0,1494.0
SAL006936,2026-07-21,STR003,PRD001,2,599.0,1198.0
SAL006937,2026-07-21,STR003,PRD002,2,2899.0,5798.0
SAL006938,2026-07-21,STR003,PRD003,3,3499.0,10497.0
SAL006939,2026-07-21,STR003,PRD004,6,1199.0,7194.0
SAL006940,2026-07-21,STR003,PRD008,4,1499.0,5996.0
SAL006941,2026-07-21,STR003,PRD009,3,299.0,897.0
SAL006942,2026-07-21,STR003,PRD011,1,1599.0,1599.0
SAL006943,2026-07-21,STR003,PRD013,4,249.0,996.0
SAL006944,2026-07-21,STR003,PRD015,4,449.0,1796.0
SAL006945,2026-07-21,STR003,PRD021,3,1099.0,3297.0
SAL006946,2026-07-21,STR003,PRD026,4,299.0,1196.0
SAL006947,2026-07-21,STR003,PRD027,3,179.0,537.0
SAL006948,2026-07-21,STR003,PRD028,3,499.0,1497.0
SAL006949,2026-07-21,STR003,PRD029,4,349.0,1396.0
SAL006950,2026-07-21,STR003,PRD030,7,199.0,1393.0
SAL006951,2026-07-21,STR003,PRD031,2,999.0,1998.0
SAL006952,2026-07-21,STR003,PRD034,2,399.0,798.0
SAL006953,2026-07-21,STR003,PRD036,6,329.0,1974.0
SAL006954,2026-07-21,STR003,PRD038,4,429.0,1716.0
SAL006955,2026-07-21,STR003,PRD039,4,299.0,1196.0
SAL006956,2026-07-21,STR003,PRD040,6,249.0,1494.0
SAL006957,2026-07-21,STR004,PRD001,3,599.0,1797.0
SAL006958,2026-07-21,STR004,PRD003,2,3499.0,6998.0
SAL006959,2026-07-21,STR004,PRD004,2,1199.0,2398.0
SAL006960,2026-07-21,STR004,PRD006,1,1799.0,1799.0
SAL006961,2026-07-21,STR004,PRD007,2,1999.0,3998.0
SAL006962,2026-07-21,STR004,PRD008,4,1499.0,5996.0
SAL006963,2026-07-21,STR004,PRD010,2,1299.0,2598.0
SAL006964,2026-07-21,STR004,PRD015,1,449.0,449.0
SAL006965,2026-07-21,STR004,PRD016,1,1199.0,1199.0
SAL006966,2026-07-21,STR004,PRD018,3,899.0,2697.0
SAL006967,2026-07-21,STR004,PRD019,1,1399.0,1399.0
SAL006968,2026-07-21,STR004,PRD021,3,1099.0,3297.0
SAL006969,2026-07-21,STR004,PRD023,3,1299.0,3897.0
SAL006970,2026-07-21,STR004,PRD026,2,299.0,598.0
SAL006971,2026-07-21,STR004,PRD027,2,179.0,358.0
SAL006972,2026-07-21,STR004,PRD030,3,199.0,597.0
SAL006973,2026-07-21,STR004,PRD031,4,999.0,3996.0
SAL006974,2026-07-21,STR004,PRD032,1,699.0,699.0
SAL006975,2026-07-21,STR004,PRD034,2,399.0,798.0
SAL006976,2026-07-21,STR004,PRD035,1,449.0,449.0
SAL006977,2026-07-21,STR004,PRD036,4,329.0,1316.0
SAL006978,2026-07-21,STR004,PRD038,4,429.0,1716.0
SAL006979,2026-07-21,STR004,PRD039,3,299.0,897.0
SAL006980,2026-07-22,STR001,PRD001,2,599.0,1198.0
SAL006981,2026-07-22,STR001,PRD004,4,1199.0,4796.0
SAL006982,2026-07-22,STR001,PRD005,2,2299.0,4598.0
SAL006983,2026-07-22,STR001,PRD008,4,1499.0,5996.0
SAL006984,2026-07-22,STR001,PRD009,6,299.0,1794.0
SAL006985,2026-07-22,STR001,PRD011,4,1599.0,6396.0
SAL006986,2026-07-22,STR001,PRD012,2,199.0,398.0
SAL006987,2026-07-22,STR001,PRD013,3,249.0,747.0
SAL006988,2026-07-22,STR001,PRD015,3,449.0,1347.0
SAL006989,2026-07-22,STR001,PRD016,3,1199.0,3597.0
SAL006990,2026-07-22,STR001,PRD017,4,649.0,2596.0
SAL006991,2026-07-22,STR001,PRD018,3,899.0,2697.0
SAL006992,2026-07-22,STR001,PRD020,4,1499.0,5996.0
SAL006993,2026-07-22,STR001,PRD022,2,599.0,1198.0
SAL006994,2026-07-22,STR001,PRD023,3,1299.0,3897.0
SAL006995,2026-07-22,STR001,PRD024,4,1499.0,5996.0
SAL006996,2026-07-22,STR001,PRD025,2,1899.0,3798.0
SAL006997,2026-07-22,STR001,PRD026,4,299.0,1196.0
SAL006998,2026-07-22,STR001,PRD028,2,499.0,998.0
SAL006999,2026-07-22,STR001,PRD030,2,199.0,398.0
SAL007000,2026-07-22,STR001,PRD031,2,999.0,1998.0
SAL007001,2026-07-22,STR001,PRD032,2,699.0,1398.0
SAL007002,2026-07-22,STR001,PRD035,6,449.0,2694.0
SAL007003,2026-07-22,STR001,PRD036,4,329.0,1316.0
SAL007004,2026-07-22,STR001,PRD039,3,299.0,897.0
SAL007005,2026-07-22,STR001,PRD040,6,249.0,1494.0
SAL007006,2026-07-22,STR002,PRD001,8,599.0,4792.0
SAL007007,2026-07-22,STR002,PRD003,5,3499.0,17495.0
SAL007008,2026-07-22,STR002,PRD004,8,1199.0,9592.0
SAL007009,2026-07-22,STR002,PRD006,5,1799.0,8995.0
SAL007010,2026-07-22,STR002,PRD007,5,1999.0,9995.0
SAL007011,2026-07-22,STR002,PRD010,2,1299.0,2598.0
SAL007012,2026-07-22,STR002,PRD011,3,1599.0,4797.0
SAL007013,2026-07-22,STR002,PRD012,1,199.0,199.0
SAL007014,2026-07-22,STR002,PRD015,2,449.0,898.0
SAL007015,2026-07-22,STR002,PRD017,1,649.0,649.0
SAL007016,2026-07-22,STR002,PRD018,3,899.0,2697.0
SAL007017,2026-07-22,STR002,PRD022,1,599.0,599.0
SAL007018,2026-07-22,STR002,PRD023,2,1299.0,2598.0
SAL007019,2026-07-22,STR002,PRD024,2,1499.0,2998.0
SAL007020,2026-07-22,STR002,PRD026,5,299.0,1495.0
SAL007021,2026-07-22,STR002,PRD027,1,179.0,179.0
SAL007022,2026-07-22,STR002,PRD029,5,349.0,1745.0
SAL007023,2026-07-22,STR002,PRD030,7,199.0,1393.0
SAL007024,2026-07-22,STR002,PRD031,5,999.0,4995.0
SAL007025,2026-07-22,STR002,PRD033,1,849.0,849.0
SAL007026,2026-07-22,STR002,PRD034,3,399.0,1197.0
SAL007027,2026-07-22,STR002,PRD036,5,329.0,1645.0
SAL007028,2026-07-22,STR002,PRD039,8,299.0,2392.0
SAL007029,2026-07-22,STR002,PRD040,6,249.0,1494.0
SAL007030,2026-07-22,STR003,PRD001,6,599.0,3594.0
SAL007031,2026-07-22,STR003,PRD003,4,3499.0,13996.0
SAL007032,2026-07-22,STR003,PRD004,4,1199.0,4796.0
SAL007033,2026-07-22,STR003,PRD009,5,299.0,1495.0
SAL007034,2026-07-22,STR003,PRD012,4,199.0,796.0
SAL007035,2026-07-22,STR003,PRD014,1,899.0,899.0
SAL007036,2026-07-22,STR003,PRD015,2,449.0,898.0
SAL007037,2026-07-22,STR003,PRD017,2,649.0,1298.0
SAL007038,2026-07-22,STR003,PRD018,1,899.0,899.0
SAL007039,2026-07-22,STR003,PRD019,2,1399.0,2798.0
SAL007040,2026-07-22,STR003,PRD021,2,1099.0,2198.0
SAL007041,2026-07-22,STR003,PRD023,1,1299.0,1299.0
SAL007042,2026-07-22,STR003,PRD024,4,1499.0,5996.0
SAL007043,2026-07-22,STR003,PRD030,6,199.0,1194.0
SAL007044,2026-07-22,STR003,PRD031,4,999.0,3996.0
SAL007045,2026-07-22,STR003,PRD036,7,329.0,2303.0
SAL007046,2026-07-22,STR003,PRD037,2,379.0,758.0
SAL007047,2026-07-22,STR003,PRD038,1,429.0,429.0
SAL007048,2026-07-22,STR003,PRD039,5,299.0,1495.0
SAL007049,2026-07-22,STR003,PRD040,2,249.0,498.0
SAL007050,2026-07-22,STR004,PRD001,7,599.0,4193.0
SAL007051,2026-07-22,STR004,PRD002,1,2899.0,2899.0
SAL007052,2026-07-22,STR004,PRD003,3,3499.0,10497.0
SAL007053,2026-07-22,STR004,PRD006,2,1799.0,3598.0
SAL007054,2026-07-22,STR004,PRD007,3,1999.0,5997.0
SAL007055,2026-07-22,STR004,PRD009,7,299.0,2093.0
SAL007056,2026-07-22,STR004,PRD010,1,1299.0,1299.0
SAL007057,2026-07-22,STR004,PRD011,2,1599.0,3198.0
SAL007058,2026-07-22,STR004,PRD012,1,199.0,199.0
SAL007059,2026-07-22,STR004,PRD015,4,449.0,1796.0
SAL007060,2026-07-22,STR004,PRD021,4,1099.0,4396.0
SAL007061,2026-07-22,STR004,PRD023,4,1299.0,5196.0
SAL007062,2026-07-22,STR004,PRD027,2,179.0,358.0
SAL007063,2026-07-22,STR004,PRD029,4,349.0,1396.0
SAL007064,2026-07-22,STR004,PRD030,3,199.0,597.0
SAL007065,2026-07-22,STR004,PRD031,4,999.0,3996.0
SAL007066,2026-07-22,STR004,PRD034,1,399.0,399.0
SAL007067,2026-07-22,STR004,PRD039,3,299.0,897.0
SAL007068,2026-07-22,STR004,PRD040,2,249.0,498.0
SAL007069,2026-07-23,STR001,PRD001,6,599.0,3594.0
SAL007070,2026-07-23,STR001,PRD002,1,2899.0,2899.0
SAL007071,2026-07-23,STR001,PRD003,1,3499.0,3499.0
SAL007072,2026-07-23,STR001,PRD004,7,1199.0,8393.0
SAL007073,2026-07-23,STR001,PRD005,1,2299.0,2299.0
SAL007074,2026-07-23,STR001,PRD006,2,1799.0,3598.0
SAL007075,2026-07-23,STR001,PRD007,3,1999.0,5997.0
SAL007076,2026-07-23,STR001,PRD008,2,1499.0,2998.0
SAL007077,2026-07-23,STR001,PRD009,3,299.0,897.0
SAL007078,2026-07-23,STR001,PRD010,8,1299.0,10392.0
SAL007079,2026-07-23,STR001,PRD012,4,199.0,796.0
SAL007080,2026-07-23,STR001,PRD013,1,249.0,249.0
SAL007081,2026-07-23,STR001,PRD016,1,1199.0,1199.0
SAL007082,2026-07-23,STR001,PRD018,3,899.0,2697.0
SAL007083,2026-07-23,STR001,PRD021,1,1099.0,1099.0
SAL007084,2026-07-23,STR001,PRD024,1,1499.0,1499.0
SAL007085,2026-07-23,STR001,PRD026,5,299.0,1495.0
SAL007086,2026-07-23,STR001,PRD028,2,499.0,998.0
SAL007087,2026-07-23,STR001,PRD029,4,349.0,1396.0
SAL007088,2026-07-23,STR001,PRD030,6,199.0,1194.0
SAL007089,2026-07-23,STR001,PRD035,4,449.0,1796.0
SAL007090,2026-07-23,STR001,PRD038,4,429.0,1716.0
SAL007091,2026-07-23,STR001,PRD039,7,299.0,2093.0
SAL007092,2026-07-23,STR002,PRD001,6,599.0,3594.0
SAL007093,2026-07-23,STR002,PRD004,2,1199.0,2398.0
SAL007094,2026-07-23,STR002,PRD005,2,2299.0,4598.0
SAL007095,2026-07-23,STR002,PRD006,2,1799.0,3598.0
SAL007096,2026-07-23,STR002,PRD007,3,1999.0,5997.0
SAL007097,2026-07-23,STR002,PRD009,8,299.0,2392.0
SAL007098,2026-07-23,STR002,PRD015,5,449.0,2245.0
SAL007099,2026-07-23,STR002,PRD016,5,1199.0,5995.0
SAL007100,2026-07-23,STR002,PRD017,5,649.0,3245.0
SAL007101,2026-07-23,STR002,PRD018,2,899.0,1798.0
SAL007102,2026-07-23,STR002,PRD019,2,1399.0,2798.0
SAL007103,2026-07-23,STR002,PRD021,1,1099.0,1099.0
SAL007104,2026-07-23,STR002,PRD025,5,1899.0,9495.0
SAL007105,2026-07-23,STR002,PRD026,5,299.0,1495.0
SAL007106,2026-07-23,STR002,PRD029,3,349.0,1047.0
SAL007107,2026-07-23,STR002,PRD030,7,199.0,1393.0
SAL007108,2026-07-23,STR002,PRD031,3,999.0,2997.0
SAL007109,2026-07-23,STR002,PRD032,2,699.0,1398.0
SAL007110,2026-07-23,STR002,PRD036,3,329.0,987.0
SAL007111,2026-07-23,STR002,PRD037,1,379.0,379.0
SAL007112,2026-07-23,STR002,PRD039,7,299.0,2093.0
SAL007113,2026-07-23,STR002,PRD040,5,249.0,1245.0
SAL007114,2026-07-23,STR003,PRD001,2,599.0,1198.0
SAL007115,2026-07-23,STR003,PRD003,4,3499.0,13996.0
SAL007116,2026-07-23,STR003,PRD005,1,2299.0,2299.0
SAL007117,2026-07-23,STR003,PRD006,1,1799.0,1799.0
SAL007118,2026-07-23,STR003,PRD007,3,1999.0,5997.0
SAL007119,2026-07-23,STR003,PRD009,5,299.0,1495.0
SAL007120,2026-07-23,STR003,PRD010,1,1299.0,1299.0
SAL007121,2026-07-23,STR003,PRD011,2,1599.0,3198.0
SAL007122,2026-07-23,STR003,PRD012,3,199.0,597.0
SAL007123,2026-07-23,STR003,PRD013,1,249.0,249.0
SAL007124,2026-07-23,STR003,PRD015,2,449.0,898.0
SAL007125,2026-07-23,STR003,PRD018,2,899.0,1798.0
SAL007126,2026-07-23,STR003,PRD020,2,1499.0,2998.0
SAL007127,2026-07-23,STR003,PRD023,1,1299.0,1299.0
SAL007128,2026-07-23,STR003,PRD025,2,1899.0,3798.0
SAL007129,2026-07-23,STR003,PRD026,5,299.0,1495.0
SAL007130,2026-07-23,STR003,PRD029,2,349.0,698.0
SAL007131,2026-07-23,STR003,PRD030,4,199.0,796.0
SAL007132,2026-07-23,STR003,PRD036,7,329.0,2303.0
SAL007133,2026-07-23,STR003,PRD037,3,379.0,1137.0
SAL007134,2026-07-23,STR003,PRD038,1,429.0,429.0
SAL007135,2026-07-23,STR003,PRD039,6,299.0,1794.0
SAL007136,2026-07-23,STR003,PRD040,5,249.0,1245.0
SAL007137,2026-07-23,STR004,PRD004,5,1199.0,5995.0
SAL007138,2026-07-23,STR004,PRD006,4,1799.0,7196.0
SAL007139,2026-07-23,STR004,PRD009,6,299.0,1794.0
SAL007140,2026-07-23,STR004,PRD011,1,1599.0,1599.0
SAL007141,2026-07-23,STR004,PRD012,2,199.0,398.0
SAL007142,2026-07-23,STR004,PRD013,1,249.0,249.0
SAL007143,2026-07-23,STR004,PRD014,2,899.0,1798.0
SAL007144,2026-07-23,STR004,PRD016,3,1199.0,3597.0
SAL007145,2026-07-23,STR004,PRD017,1,649.0,649.0
SAL007146,2026-07-23,STR004,PRD018,2,899.0,1798.0
SAL007147,2026-07-23,STR004,PRD024,3,1499.0,4497.0
SAL007148,2026-07-23,STR004,PRD026,3,299.0,897.0
SAL007149,2026-07-23,STR004,PRD027,3,179.0,537.0
SAL007150,2026-07-23,STR004,PRD028,5,499.0,2495.0
SAL007151,2026-07-23,STR004,PRD030,5,199.0,995.0
SAL007152,2026-07-23,STR004,PRD032,1,699.0,699.0
SAL007153,2026-07-23,STR004,PRD033,1,849.0,849.0
SAL007154,2026-07-23,STR004,PRD034,2,399.0,798.0
SAL007155,2026-07-23,STR004,PRD036,4,329.0,1316.0
SAL007156,2026-07-23,STR004,PRD037,1,379.0,379.0
SAL007157,2026-07-23,STR004,PRD038,3,429.0,1287.0
SAL007158,2026-07-23,STR004,PRD039,5,299.0,1495.0
SAL007159,2026-07-23,STR004,PRD040,4,249.0,996.0
SAL007160,2026-07-24,STR001,PRD001,4,599.0,2396.0
SAL007161,2026-07-24,STR001,PRD002,2,2899.0,5798.0
SAL007162,2026-07-24,STR001,PRD003,3,3499.0,10497.0
SAL007163,2026-07-24,STR001,PRD004,3,1199.0,3597.0
SAL007164,2026-07-24,STR001,PRD005,2,2299.0,4598.0
SAL007165,2026-07-24,STR001,PRD006,1,1799.0,1799.0
SAL007166,2026-07-24,STR001,PRD008,3,1499.0,4497.0
SAL007167,2026-07-24,STR001,PRD009,3,299.0,897.0
SAL007168,2026-07-24,STR001,PRD010,8,1299.0,10392.0
SAL007169,2026-07-24,STR001,PRD011,2,1599.0,3198.0
SAL007170,2026-07-24,STR001,PRD012,2,199.0,398.0
SAL007171,2026-07-24,STR001,PRD015,4,449.0,1796.0
SAL007172,2026-07-24,STR001,PRD016,2,1199.0,2398.0
SAL007173,2026-07-24,STR001,PRD018,1,899.0,899.0
SAL007174,2026-07-24,STR001,PRD020,2,1499.0,2998.0
SAL007175,2026-07-24,STR001,PRD024,3,1499.0,4497.0
SAL007176,2026-07-24,STR001,PRD025,3,1899.0,5697.0
SAL007177,2026-07-24,STR001,PRD026,4,299.0,1196.0
SAL007178,2026-07-24,STR001,PRD027,3,179.0,537.0
SAL007179,2026-07-24,STR001,PRD028,2,499.0,998.0
SAL007180,2026-07-24,STR001,PRD030,4,199.0,796.0
SAL007181,2026-07-24,STR001,PRD033,1,849.0,849.0
SAL007182,2026-07-24,STR001,PRD034,1,399.0,399.0
SAL007183,2026-07-24,STR001,PRD035,8,449.0,3592.0
SAL007184,2026-07-24,STR001,PRD036,5,329.0,1645.0
SAL007185,2026-07-24,STR001,PRD037,3,379.0,1137.0
SAL007186,2026-07-24,STR001,PRD038,3,429.0,1287.0
SAL007187,2026-07-24,STR001,PRD039,4,299.0,1196.0
SAL007188,2026-07-24,STR001,PRD040,4,249.0,996.0
SAL007189,2026-07-24,STR002,PRD001,7,599.0,4193.0
SAL007190,2026-07-24,STR002,PRD004,6,1199.0,7194.0
SAL007191,2026-07-24,STR002,PRD005,3,2299.0,6897.0
SAL007192,2026-07-24,STR002,PRD006,5,1799.0,8995.0
SAL007193,2026-07-24,STR002,PRD007,5,1999.0,9995.0
SAL007194,2026-07-24,STR002,PRD009,2,299.0,598.0
SAL007195,2026-07-24,STR002,PRD010,2,1299.0,2598.0
SAL007196,2026-07-24,STR002,PRD011,1,1599.0,1599.0
SAL007197,2026-07-24,STR002,PRD012,1,199.0,199.0
SAL007198,2026-07-24,STR002,PRD013,5,249.0,1245.0
SAL007199,2026-07-24,STR002,PRD014,1,899.0,899.0
SAL007200,2026-07-24,STR002,PRD016,2,1199.0,2398.0
SAL007201,2026-07-24,STR002,PRD017,1,649.0,649.0
SAL007202,2026-07-24,STR002,PRD023,2,1299.0,2598.0
SAL007203,2026-07-24,STR002,PRD024,5,1499.0,7495.0
SAL007204,2026-07-24,STR002,PRD025,3,1899.0,5697.0
SAL007205,2026-07-24,STR002,PRD026,6,299.0,1794.0
SAL007206,2026-07-24,STR002,PRD027,1,179.0,179.0
SAL007207,2026-07-24,STR002,PRD028,2,499.0,998.0
SAL007208,2026-07-24,STR002,PRD029,3,349.0,1047.0
SAL007209,2026-07-24,STR002,PRD030,8,199.0,1592.0
SAL007210,2026-07-24,STR002,PRD031,3,999.0,2997.0
SAL007211,2026-07-24,STR002,PRD036,7,329.0,2303.0
SAL007212,2026-07-24,STR002,PRD038,5,429.0,2145.0
SAL007213,2026-07-24,STR002,PRD039,5,299.0,1495.0
SAL007214,2026-07-24,STR003,PRD001,7,599.0,4193.0
SAL007215,2026-07-24,STR003,PRD002,4,2899.0,11596.0
SAL007216,2026-07-24,STR003,PRD004,5,1199.0,5995.0
SAL007217,2026-07-24,STR003,PRD006,3,1799.0,5397.0
SAL007218,2026-07-24,STR003,PRD007,5,1999.0,9995.0
SAL007219,2026-07-24,STR003,PRD008,3,1499.0,4497.0
SAL007220,2026-07-24,STR003,PRD011,3,1599.0,4797.0
SAL007221,2026-07-24,STR003,PRD012,1,199.0,199.0
SAL007222,2026-07-24,STR003,PRD014,2,899.0,1798.0
SAL007223,2026-07-24,STR003,PRD015,1,449.0,449.0
SAL007224,2026-07-24,STR003,PRD016,2,1199.0,2398.0
SAL007225,2026-07-24,STR003,PRD020,1,1499.0,1499.0
SAL007226,2026-07-24,STR003,PRD021,4,1099.0,4396.0
SAL007227,2026-07-24,STR003,PRD023,3,1299.0,3897.0
SAL007228,2026-07-24,STR003,PRD024,3,1499.0,4497.0
SAL007229,2026-07-24,STR003,PRD025,3,1899.0,5697.0
SAL007230,2026-07-24,STR003,PRD026,7,299.0,2093.0
SAL007231,2026-07-24,STR003,PRD028,4,499.0,1996.0
SAL007232,2026-07-24,STR003,PRD029,3,349.0,1047.0
SAL007233,2026-07-24,STR003,PRD030,5,199.0,995.0
SAL007234,2026-07-24,STR003,PRD031,3,999.0,2997.0
SAL007235,2026-07-24,STR003,PRD033,1,849.0,849.0
SAL007236,2026-07-24,STR003,PRD035,1,449.0,449.0
SAL007237,2026-07-24,STR003,PRD036,7,329.0,2303.0
SAL007238,2026-07-24,STR003,PRD039,7,299.0,2093.0
SAL007239,2026-07-24,STR003,PRD040,2,249.0,498.0
SAL007240,2026-07-24,STR004,PRD001,4,599.0,2396.0
SAL007241,2026-07-24,STR004,PRD002,2,2899.0,5798.0
SAL007242,2026-07-24,STR004,PRD005,1,2299.0,2299.0
SAL007243,2026-07-24,STR004,PRD006,3,1799.0,5397.0
SAL007244,2026-07-24,STR004,PRD008,3,1499.0,4497.0
SAL007245,2026-07-24,STR004,PRD013,4,249.0,996.0
SAL007246,2026-07-24,STR004,PRD015,4,449.0,1796.0
SAL007247,2026-07-24,STR004,PRD017,2,649.0,1298.0
SAL007248,2026-07-24,STR004,PRD020,3,1499.0,4497.0
SAL007249,2026-07-24,STR004,PRD023,1,1299.0,1299.0
SAL007250,2026-07-24,STR004,PRD028,4,499.0,1996.0
SAL007251,2026-07-24,STR004,PRD031,2,999.0,1998.0
SAL007252,2026-07-24,STR004,PRD036,5,329.0,1645.0
SAL007253,2026-07-24,STR004,PRD039,4,299.0,1196.0
SAL007254,2026-07-24,STR004,PRD040,7,249.0,1743.0
SAL007255,2026-07-25,STR001,PRD001,8,599.0,4792.0
SAL007256,2026-07-25,STR001,PRD002,1,2899.0,2899.0
SAL007257,2026-07-25,STR001,PRD004,9,1199.0,10791.0
SAL007258,2026-07-25,STR001,PRD005,4,2299.0,9196.0
SAL007259,2026-07-25,STR001,PRD006,3,1799.0,5397.0
SAL007260,2026-07-25,STR001,PRD007,3,1999.0,5997.0
SAL007261,2026-07-25,STR001,PRD009,8,299.0,2392.0
SAL007262,2026-07-25,STR001,PRD010,10,1299.0,12990.0
SAL007263,2026-07-25,STR001,PRD011,3,1599.0,4797.0
SAL007264,2026-07-25,STR001,PRD013,5,249.0,1245.0
SAL007265,2026-07-25,STR001,PRD016,1,1199.0,1199.0
SAL007266,2026-07-25,STR001,PRD017,5,649.0,3245.0
SAL007267,2026-07-25,STR001,PRD018,1,899.0,899.0
SAL007268,2026-07-25,STR001,PRD020,1,1499.0,1499.0
SAL007269,2026-07-25,STR001,PRD023,4,1299.0,5196.0
SAL007270,2026-07-25,STR001,PRD024,3,1499.0,4497.0
SAL007271,2026-07-25,STR001,PRD025,5,1899.0,9495.0
SAL007272,2026-07-25,STR001,PRD026,3,299.0,897.0
SAL007273,2026-07-25,STR001,PRD030,4,199.0,796.0
SAL007274,2026-07-25,STR001,PRD031,5,999.0,4995.0
SAL007275,2026-07-25,STR001,PRD032,3,699.0,2097.0
SAL007276,2026-07-25,STR001,PRD033,3,849.0,2547.0
SAL007277,2026-07-25,STR001,PRD034,5,399.0,1995.0
SAL007278,2026-07-25,STR001,PRD035,7,449.0,3143.0
SAL007279,2026-07-25,STR001,PRD036,8,329.0,2632.0
SAL007280,2026-07-25,STR001,PRD037,1,379.0,379.0
SAL007281,2026-07-25,STR001,PRD039,7,299.0,2093.0
SAL007282,2026-07-25,STR001,PRD040,9,249.0,2241.0
SAL007283,2026-07-25,STR002,PRD002,3,2899.0,8697.0
SAL007284,2026-07-25,STR002,PRD003,4,3499.0,13996.0
SAL007285,2026-07-25,STR002,PRD006,6,1799.0,10794.0
SAL007286,2026-07-25,STR002,PRD007,6,1999.0,11994.0
SAL007287,2026-07-25,STR002,PRD008,1,1499.0,1499.0
SAL007288,2026-07-25,STR002,PRD009,6,299.0,1794.0
SAL007289,2026-07-25,STR002,PRD010,1,1299.0,1299.0
SAL007290,2026-07-25,STR002,PRD015,1,449.0,449.0
SAL007291,2026-07-25,STR002,PRD017,6,649.0,3894.0
SAL007292,2026-07-25,STR002,PRD020,4,1499.0,5996.0
SAL007293,2026-07-25,STR002,PRD023,6,1299.0,7794.0
SAL007294,2026-07-25,STR002,PRD025,6,1899.0,11394.0
SAL007295,2026-07-25,STR002,PRD026,3,299.0,897.0
SAL007296,2026-07-25,STR002,PRD028,6,499.0,2994.0
SAL007297,2026-07-25,STR002,PRD030,9,199.0,1791.0
SAL007298,2026-07-25,STR002,PRD035,3,449.0,1347.0
SAL007299,2026-07-25,STR002,PRD037,1,379.0,379.0
SAL007300,2026-07-25,STR002,PRD038,3,429.0,1287.0
SAL007301,2026-07-25,STR002,PRD039,4,299.0,1196.0
SAL007302,2026-07-25,STR002,PRD040,4,249.0,996.0
SAL007303,2026-07-25,STR003,PRD001,7,599.0,4193.0
SAL007304,2026-07-25,STR003,PRD003,4,3499.0,13996.0
SAL007305,2026-07-25,STR003,PRD004,6,1199.0,7194.0
SAL007306,2026-07-25,STR003,PRD005,4,2299.0,9196.0
SAL007307,2026-07-25,STR003,PRD006,4,1799.0,7196.0
SAL007308,2026-07-25,STR003,PRD009,7,299.0,2093.0
SAL007309,2026-07-25,STR003,PRD011,5,1599.0,7995.0
SAL007310,2026-07-25,STR003,PRD012,1,199.0,199.0
SAL007311,2026-07-25,STR003,PRD014,2,899.0,1798.0
SAL007312,2026-07-25,STR003,PRD016,4,1199.0,4796.0
SAL007313,2026-07-25,STR003,PRD021,4,1099.0,4396.0
SAL007314,2026-07-25,STR003,PRD024,5,1499.0,7495.0
SAL007315,2026-07-25,STR003,PRD025,4,1899.0,7596.0
SAL007316,2026-07-25,STR003,PRD027,5,179.0,895.0
SAL007317,2026-07-25,STR003,PRD036,2,329.0,658.0
SAL007318,2026-07-25,STR003,PRD037,2,379.0,758.0
SAL007319,2026-07-25,STR003,PRD039,2,299.0,598.0
SAL007320,2026-07-25,STR003,PRD040,4,249.0,996.0
SAL007321,2026-07-25,STR004,PRD001,6,599.0,3594.0
SAL007322,2026-07-25,STR004,PRD003,2,3499.0,6998.0
SAL007323,2026-07-25,STR004,PRD004,4,1199.0,4796.0
SAL007324,2026-07-25,STR004,PRD005,2,2299.0,4598.0
SAL007325,2026-07-25,STR004,PRD006,4,1799.0,7196.0
SAL007326,2026-07-25,STR004,PRD007,2,1999.0,3998.0
SAL007327,2026-07-25,STR004,PRD009,2,299.0,598.0
SAL007328,2026-07-25,STR004,PRD011,5,1599.0,7995.0
SAL007329,2026-07-25,STR004,PRD013,2,249.0,498.0
SAL007330,2026-07-25,STR004,PRD015,2,449.0,898.0
SAL007331,2026-07-25,STR004,PRD018,1,899.0,899.0
SAL007332,2026-07-25,STR004,PRD020,1,1499.0,1499.0
SAL007333,2026-07-25,STR004,PRD023,5,1299.0,6495.0
SAL007334,2026-07-25,STR004,PRD024,4,1499.0,5996.0
SAL007335,2026-07-25,STR004,PRD026,2,299.0,598.0
SAL007336,2026-07-25,STR004,PRD028,5,499.0,2495.0
SAL007337,2026-07-25,STR004,PRD029,2,349.0,698.0
SAL007338,2026-07-25,STR004,PRD030,5,199.0,995.0
SAL007339,2026-07-25,STR004,PRD034,5,399.0,1995.0
SAL007340,2026-07-25,STR004,PRD036,9,329.0,2961.0
SAL007341,2026-07-25,STR004,PRD038,4,429.0,1716.0
SAL007342,2026-07-25,STR004,PRD039,6,299.0,1794.0
SAL007343,2026-07-25,STR004,PRD040,9,249.0,2241.0
SAL007344,2026-07-26,STR001,PRD001,7,599.0,4193.0
SAL007345,2026-07-26,STR001,PRD002,5,2899.0,14495.0
SAL007346,2026-07-26,STR001,PRD004,8,1199.0,9592.0
SAL007347,2026-07-26,STR001,PRD005,1,2299.0,2299.0
SAL007348,2026-07-26,STR001,PRD006,1,1799.0,1799.0
SAL007349,2026-07-26,STR001,PRD009,4,299.0,1196.0
SAL007350,2026-07-26,STR001,PRD010,8,1299.0,10392.0
SAL007351,2026-07-26,STR001,PRD014,1,899.0,899.0
SAL007352,2026-07-26,STR001,PRD015,1,449.0,449.0
SAL007353,2026-07-26,STR001,PRD016,4,1199.0,4796.0
SAL007354,2026-07-26,STR001,PRD017,5,649.0,3245.0
SAL007355,2026-07-26,STR001,PRD018,3,899.0,2697.0
SAL007356,2026-07-26,STR001,PRD019,3,1399.0,4197.0
SAL007357,2026-07-26,STR001,PRD020,5,1499.0,7495.0
SAL007358,2026-07-26,STR001,PRD021,3,1099.0,3297.0
SAL007359,2026-07-26,STR001,PRD022,1,599.0,599.0
SAL007360,2026-07-26,STR001,PRD024,4,1499.0,5996.0
SAL007361,2026-07-26,STR001,PRD026,7,299.0,2093.0
SAL007362,2026-07-26,STR001,PRD028,5,499.0,2495.0
SAL007363,2026-07-26,STR001,PRD029,1,349.0,349.0
SAL007364,2026-07-26,STR001,PRD030,7,199.0,1393.0
SAL007365,2026-07-26,STR001,PRD031,4,999.0,3996.0
SAL007366,2026-07-26,STR001,PRD032,1,699.0,699.0
SAL007367,2026-07-26,STR001,PRD034,1,399.0,399.0
SAL007368,2026-07-26,STR001,PRD035,9,449.0,4041.0
SAL007369,2026-07-26,STR001,PRD036,7,329.0,2303.0
SAL007370,2026-07-26,STR001,PRD037,1,379.0,379.0
SAL007371,2026-07-26,STR001,PRD039,3,299.0,897.0
SAL007372,2026-07-26,STR001,PRD040,8,249.0,1992.0
SAL007373,2026-07-26,STR002,PRD001,9,599.0,5391.0
SAL007374,2026-07-26,STR002,PRD002,6,2899.0,17394.0
SAL007375,2026-07-26,STR002,PRD004,7,1199.0,8393.0
SAL007376,2026-07-26,STR002,PRD005,1,2299.0,2299.0
SAL007377,2026-07-26,STR002,PRD006,4,1799.0,7196.0
SAL007378,2026-07-26,STR002,PRD007,6,1999.0,11994.0
SAL007379,2026-07-26,STR002,PRD009,7,299.0,2093.0
SAL007380,2026-07-26,STR002,PRD010,1,1299.0,1299.0
SAL007381,2026-07-26,STR002,PRD011,1,1599.0,1599.0
SAL007382,2026-07-26,STR002,PRD012,1,199.0,199.0
SAL007383,2026-07-26,STR002,PRD013,4,249.0,996.0
SAL007384,2026-07-26,STR002,PRD014,1,899.0,899.0
SAL007385,2026-07-26,STR002,PRD016,3,1199.0,3597.0
SAL007386,2026-07-26,STR002,PRD018,1,899.0,899.0
SAL007387,2026-07-26,STR002,PRD019,1,1399.0,1399.0
SAL007388,2026-07-26,STR002,PRD020,6,1499.0,8994.0
SAL007389,2026-07-26,STR002,PRD021,4,1099.0,4396.0
SAL007390,2026-07-26,STR002,PRD022,3,599.0,1797.0
SAL007391,2026-07-26,STR002,PRD024,1,1499.0,1499.0
SAL007392,2026-07-26,STR002,PRD026,7,299.0,2093.0
SAL007393,2026-07-26,STR002,PRD028,4,499.0,1996.0
SAL007394,2026-07-26,STR002,PRD029,1,349.0,349.0
SAL007395,2026-07-26,STR002,PRD030,4,199.0,796.0
SAL007396,2026-07-26,STR002,PRD031,4,999.0,3996.0
SAL007397,2026-07-26,STR002,PRD034,6,399.0,2394.0
SAL007398,2026-07-26,STR002,PRD035,3,449.0,1347.0
SAL007399,2026-07-26,STR002,PRD036,6,329.0,1974.0
SAL007400,2026-07-26,STR002,PRD038,3,429.0,1287.0
SAL007401,2026-07-26,STR002,PRD039,6,299.0,1794.0
SAL007402,2026-07-26,STR002,PRD040,6,249.0,1494.0
SAL007403,2026-07-26,STR003,PRD001,5,599.0,2995.0
SAL007404,2026-07-26,STR003,PRD002,1,2899.0,2899.0
SAL007405,2026-07-26,STR003,PRD003,1,3499.0,3499.0
SAL007406,2026-07-26,STR003,PRD004,2,1199.0,2398.0
SAL007407,2026-07-26,STR003,PRD005,4,2299.0,9196.0
SAL007408,2026-07-26,STR003,PRD008,5,1499.0,7495.0
SAL007409,2026-07-26,STR003,PRD009,6,299.0,1794.0
SAL007410,2026-07-26,STR003,PRD015,5,449.0,2245.0
SAL007411,2026-07-26,STR003,PRD018,2,899.0,1798.0
SAL007412,2026-07-26,STR003,PRD019,2,1399.0,2798.0
SAL007413,2026-07-26,STR003,PRD020,1,1499.0,1499.0
SAL007414,2026-07-26,STR003,PRD023,5,1299.0,6495.0
SAL007415,2026-07-26,STR003,PRD024,2,1499.0,2998.0
SAL007416,2026-07-26,STR003,PRD025,1,1899.0,1899.0
SAL007417,2026-07-26,STR003,PRD027,1,179.0,179.0
SAL007418,2026-07-26,STR003,PRD028,4,499.0,1996.0
SAL007419,2026-07-26,STR003,PRD029,4,349.0,1396.0
SAL007420,2026-07-26,STR003,PRD030,6,199.0,1194.0
SAL007421,2026-07-26,STR003,PRD037,2,379.0,758.0
SAL007422,2026-07-26,STR003,PRD039,4,299.0,1196.0
SAL007423,2026-07-26,STR003,PRD040,5,249.0,1245.0
SAL007424,2026-07-26,STR004,PRD001,5,599.0,2995.0
SAL007425,2026-07-26,STR004,PRD002,1,2899.0,2899.0
SAL007426,2026-07-26,STR004,PRD003,1,3499.0,3499.0
SAL007427,2026-07-26,STR004,PRD004,7,1199.0,8393.0
SAL007428,2026-07-26,STR004,PRD005,2,2299.0,4598.0
SAL007429,2026-07-26,STR004,PRD006,2,1799.0,3598.0
SAL007430,2026-07-26,STR004,PRD008,1,1499.0,1499.0
SAL007431,2026-07-26,STR004,PRD010,2,1299.0,2598.0
SAL007432,2026-07-26,STR004,PRD015,2,449.0,898.0
SAL007433,2026-07-26,STR004,PRD017,1,649.0,649.0
SAL007434,2026-07-26,STR004,PRD018,4,899.0,3596.0
SAL007435,2026-07-26,STR004,PRD023,1,1299.0,1299.0
SAL007436,2026-07-26,STR004,PRD025,1,1899.0,1899.0
SAL007437,2026-07-26,STR004,PRD026,2,299.0,598.0
SAL007438,2026-07-26,STR004,PRD027,1,179.0,179.0
SAL007439,2026-07-26,STR004,PRD028,2,499.0,998.0
SAL007440,2026-07-26,STR004,PRD029,2,349.0,698.0
SAL007441,2026-07-26,STR004,PRD030,4,199.0,796.0
SAL007442,2026-07-26,STR004,PRD032,2,699.0,1398.0
SAL007443,2026-07-26,STR004,PRD036,9,329.0,2961.0
SAL007444,2026-07-26,STR004,PRD037,1,379.0,379.0
SAL007445,2026-07-26,STR004,PRD038,4,429.0,1716.0
SAL007446,2026-07-26,STR004,PRD039,2,299.0,598.0
SAL007447,2026-07-27,STR001,PRD001,6,599.0,3594.0
SAL007448,2026-07-27,STR001,PRD002,3,2899.0,8697.0
SAL007449,2026-07-27,STR001,PRD003,1,3499.0,3499.0
SAL007450,2026-07-27,STR001,PRD004,6,1199.0,7194.0
SAL007451,2026-07-27,STR001,PRD007,3,1999.0,5997.0
SAL007452,2026-07-27,STR001,PRD008,1,1499.0,1499.0
SAL007453,2026-07-27,STR001,PRD010,5,1299.0,6495.0
SAL007454,2026-07-27,STR001,PRD012,1,199.0,199.0
SAL007455,2026-07-27,STR001,PRD013,1,249.0,249.0
SAL007456,2026-07-27,STR001,PRD017,3,649.0,1947.0
SAL007457,2026-07-27,STR001,PRD018,1,899.0,899.0
SAL007458,2026-07-27,STR001,PRD021,1,1099.0,1099.0
SAL007459,2026-07-27,STR001,PRD022,2,599.0,1198.0
SAL007460,2026-07-27,STR001,PRD025,2,1899.0,3798.0
SAL007461,2026-07-27,STR001,PRD026,3,299.0,897.0
SAL007462,2026-07-27,STR001,PRD027,4,179.0,716.0
SAL007463,2026-07-27,STR001,PRD028,4,499.0,1996.0
SAL007464,2026-07-27,STR001,PRD029,3,349.0,1047.0
SAL007465,2026-07-27,STR001,PRD030,7,199.0,1393.0
SAL007466,2026-07-27,STR001,PRD031,4,999.0,3996.0
SAL007467,2026-07-27,STR001,PRD033,1,849.0,849.0
SAL007468,2026-07-27,STR001,PRD034,2,399.0,798.0
SAL007469,2026-07-27,STR001,PRD035,4,449.0,1796.0
SAL007470,2026-07-27,STR001,PRD036,7,329.0,2303.0
SAL007471,2026-07-27,STR001,PRD039,3,299.0,897.0
SAL007472,2026-07-27,STR002,PRD001,7,599.0,4193.0
SAL007473,2026-07-27,STR002,PRD002,3,2899.0,8697.0
SAL007474,2026-07-27,STR002,PRD004,6,1199.0,7194.0
SAL007475,2026-07-27,STR002,PRD005,3,2299.0,6897.0
SAL007476,2026-07-27,STR002,PRD006,1,1799.0,1799.0
SAL007477,2026-07-27,STR002,PRD007,5,1999.0,9995.0
SAL007478,2026-07-27,STR002,PRD009,5,299.0,1495.0
SAL007479,2026-07-27,STR002,PRD011,3,1599.0,4797.0
SAL007480,2026-07-27,STR002,PRD012,2,199.0,398.0
SAL007481,2026-07-27,STR002,PRD013,5,249.0,1245.0
SAL007482,2026-07-27,STR002,PRD014,2,899.0,1798.0
SAL007483,2026-07-27,STR002,PRD015,1,449.0,449.0
SAL007484,2026-07-27,STR002,PRD018,3,899.0,2697.0
SAL007485,2026-07-27,STR002,PRD020,5,1499.0,7495.0
SAL007486,2026-07-27,STR002,PRD025,1,1899.0,1899.0
SAL007487,2026-07-27,STR002,PRD026,6,299.0,1794.0
SAL007488,2026-07-27,STR002,PRD027,1,179.0,179.0
SAL007489,2026-07-27,STR002,PRD028,3,499.0,1497.0
SAL007490,2026-07-27,STR002,PRD029,3,349.0,1047.0
SAL007491,2026-07-27,STR002,PRD030,2,199.0,398.0
SAL007492,2026-07-27,STR002,PRD031,2,999.0,1998.0
SAL007493,2026-07-27,STR002,PRD034,1,399.0,399.0
SAL007494,2026-07-27,STR002,PRD035,1,449.0,449.0
SAL007495,2026-07-27,STR002,PRD036,3,329.0,987.0
SAL007496,2026-07-27,STR002,PRD039,2,299.0,598.0
SAL007497,2026-07-27,STR002,PRD040,3,249.0,747.0
SAL007498,2026-07-27,STR003,PRD001,4,599.0,2396.0
SAL007499,2026-07-27,STR003,PRD004,7,1199.0,8393.0
SAL007500,2026-07-27,STR003,PRD005,2,2299.0,4598.0
SAL007501,2026-07-27,STR003,PRD006,3,1799.0,5397.0
SAL007502,2026-07-27,STR003,PRD007,2,1999.0,3998.0
SAL007503,2026-07-27,STR003,PRD009,3,299.0,897.0
SAL007504,2026-07-27,STR003,PRD012,2,199.0,398.0
SAL007505,2026-07-27,STR003,PRD016,1,1199.0,1199.0
SAL007506,2026-07-27,STR003,PRD017,1,649.0,649.0
SAL007507,2026-07-27,STR003,PRD018,3,899.0,2697.0
SAL007508,2026-07-27,STR003,PRD021,3,1099.0,3297.0
SAL007509,2026-07-27,STR003,PRD023,2,1299.0,2598.0
SAL007510,2026-07-27,STR003,PRD024,4,1499.0,5996.0
SAL007511,2026-07-27,STR003,PRD025,4,1899.0,7596.0
SAL007512,2026-07-27,STR003,PRD026,3,299.0,897.0
SAL007513,2026-07-27,STR003,PRD030,5,199.0,995.0
SAL007514,2026-07-27,STR003,PRD032,2,699.0,1398.0
SAL007515,2026-07-27,STR003,PRD034,4,399.0,1596.0
SAL007516,2026-07-27,STR003,PRD036,4,329.0,1316.0
SAL007517,2026-07-27,STR004,PRD001,2,599.0,1198.0
SAL007518,2026-07-27,STR004,PRD004,5,1199.0,5995.0
SAL007519,2026-07-27,STR004,PRD006,3,1799.0,5397.0
SAL007520,2026-07-27,STR004,PRD008,4,1499.0,5996.0
SAL007521,2026-07-27,STR004,PRD009,7,299.0,2093.0
SAL007522,2026-07-27,STR004,PRD010,1,1299.0,1299.0
SAL007523,2026-07-27,STR004,PRD012,1,199.0,199.0
SAL007524,2026-07-27,STR004,PRD013,1,249.0,249.0
SAL007525,2026-07-27,STR004,PRD015,4,449.0,1796.0
SAL007526,2026-07-27,STR004,PRD018,2,899.0,1798.0
SAL007527,2026-07-27,STR004,PRD021,3,1099.0,3297.0
SAL007528,2026-07-27,STR004,PRD025,1,1899.0,1899.0
SAL007529,2026-07-27,STR004,PRD026,4,299.0,1196.0
SAL007530,2026-07-27,STR004,PRD028,4,499.0,1996.0
SAL007531,2026-07-27,STR004,PRD030,3,199.0,597.0
SAL007532,2026-07-27,STR004,PRD031,2,999.0,1998.0
SAL007533,2026-07-27,STR004,PRD032,2,699.0,1398.0
SAL007534,2026-07-27,STR004,PRD034,3,399.0,1197.0
SAL007535,2026-07-27,STR004,PRD036,2,329.0,658.0
SAL007536,2026-07-27,STR004,PRD037,4,379.0,1516.0
SAL007537,2026-07-27,STR004,PRD039,2,299.0,598.0
SAL007538,2026-07-27,STR004,PRD040,5,249.0,1245.0
SAL007539,2026-07-28,STR001,PRD001,7,599.0,4193.0
SAL007540,2026-07-28,STR001,PRD002,3,2899.0,8697.0
SAL007541,2026-07-28,STR001,PRD003,3,3499.0,10497.0
SAL007542,2026-07-28,STR001,PRD004,6,1199.0,7194.0
SAL007543,2026-07-28,STR001,PRD007,4,1999.0,7996.0
SAL007544,2026-07-28,STR001,PRD008,4,1499.0,5996.0
SAL007545,2026-07-28,STR001,PRD009,5,299.0,1495.0
SAL007546,2026-07-28,STR001,PRD010,4,1299.0,5196.0
SAL007547,2026-07-28,STR001,PRD011,1,1599.0,1599.0
SAL007548,2026-07-28,STR001,PRD014,1,899.0,899.0
SAL007549,2026-07-28,STR001,PRD016,2,1199.0,2398.0
SAL007550,2026-07-28,STR001,PRD018,3,899.0,2697.0
SAL007551,2026-07-28,STR001,PRD019,1,1399.0,1399.0
SAL007552,2026-07-28,STR001,PRD020,4,1499.0,5996.0
SAL007553,2026-07-28,STR001,PRD021,4,1099.0,4396.0
SAL007554,2026-07-28,STR001,PRD022,1,599.0,599.0
SAL007555,2026-07-28,STR001,PRD023,1,1299.0,1299.0
SAL007556,2026-07-28,STR001,PRD026,2,299.0,598.0
SAL007557,2026-07-28,STR001,PRD028,2,499.0,998.0
SAL007558,2026-07-28,STR001,PRD030,6,199.0,1194.0
SAL007559,2026-07-28,STR001,PRD031,1,999.0,999.0
SAL007560,2026-07-28,STR001,PRD032,2,699.0,1398.0
SAL007561,2026-07-28,STR001,PRD033,1,849.0,849.0
SAL007562,2026-07-28,STR001,PRD034,4,399.0,1596.0
SAL007563,2026-07-28,STR001,PRD035,5,449.0,2245.0
SAL007564,2026-07-28,STR001,PRD036,7,329.0,2303.0
SAL007565,2026-07-28,STR001,PRD037,1,379.0,379.0
SAL007566,2026-07-28,STR001,PRD039,7,299.0,2093.0
SAL007567,2026-07-28,STR001,PRD040,2,249.0,498.0
SAL007568,2026-07-28,STR002,PRD001,2,599.0,1198.0
SAL007569,2026-07-28,STR002,PRD005,2,2299.0,4598.0
SAL007570,2026-07-28,STR002,PRD007,2,1999.0,3998.0
SAL007571,2026-07-28,STR002,PRD009,7,299.0,2093.0
SAL007572,2026-07-28,STR002,PRD015,1,449.0,449.0
SAL007573,2026-07-28,STR002,PRD017,5,649.0,3245.0
SAL007574,2026-07-28,STR002,PRD018,2,899.0,1798.0
SAL007575,2026-07-28,STR002,PRD021,2,1099.0,2198.0
SAL007576,2026-07-28,STR002,PRD025,1,1899.0,1899.0
SAL007577,2026-07-28,STR002,PRD026,6,299.0,1794.0
SAL007578,2026-07-28,STR002,PRD028,3,499.0,1497.0
SAL007579,2026-07-28,STR002,PRD029,5,349.0,1745.0
SAL007580,2026-07-28,STR002,PRD030,2,199.0,398.0
SAL007581,2026-07-28,STR002,PRD034,2,399.0,798.0
SAL007582,2026-07-28,STR002,PRD035,1,449.0,449.0
SAL007583,2026-07-28,STR002,PRD036,7,329.0,2303.0
SAL007584,2026-07-28,STR002,PRD038,5,429.0,2145.0
SAL007585,2026-07-28,STR002,PRD039,2,299.0,598.0
SAL007586,2026-07-28,STR002,PRD040,6,249.0,1494.0
SAL007587,2026-07-28,STR003,PRD001,3,599.0,1797.0
SAL007588,2026-07-28,STR003,PRD002,4,2899.0,11596.0
SAL007589,2026-07-28,STR003,PRD004,2,1199.0,2398.0
SAL007590,2026-07-28,STR003,PRD005,2,2299.0,4598.0
SAL007591,2026-07-28,STR003,PRD006,3,1799.0,5397.0
SAL007592,2026-07-28,STR003,PRD008,1,1499.0,1499.0
SAL007593,2026-07-28,STR003,PRD009,7,299.0,2093.0
SAL007594,2026-07-28,STR003,PRD010,2,1299.0,2598.0
SAL007595,2026-07-28,STR003,PRD011,2,1599.0,3198.0
SAL007596,2026-07-28,STR003,PRD012,4,199.0,796.0
SAL007597,2026-07-28,STR003,PRD014,1,899.0,899.0
SAL007598,2026-07-28,STR003,PRD015,1,449.0,449.0
SAL007599,2026-07-28,STR003,PRD017,4,649.0,2596.0
SAL007600,2026-07-28,STR003,PRD020,4,1499.0,5996.0
SAL007601,2026-07-28,STR003,PRD021,4,1099.0,4396.0
SAL007602,2026-07-28,STR003,PRD023,4,1299.0,5196.0
SAL007603,2026-07-28,STR003,PRD025,3,1899.0,5697.0
SAL007604,2026-07-28,STR003,PRD026,3,299.0,897.0
SAL007605,2026-07-28,STR003,PRD027,1,179.0,179.0
SAL007606,2026-07-28,STR003,PRD033,1,849.0,849.0
SAL007607,2026-07-28,STR003,PRD034,3,399.0,1197.0
SAL007608,2026-07-28,STR003,PRD035,2,449.0,898.0
SAL007609,2026-07-28,STR003,PRD037,2,379.0,758.0
SAL007610,2026-07-28,STR003,PRD039,6,299.0,1794.0
SAL007611,2026-07-28,STR003,PRD040,3,249.0,747.0
SAL007612,2026-07-28,STR004,PRD001,4,599.0,2396.0
SAL007613,2026-07-28,STR004,PRD002,3,2899.0,8697.0
SAL007614,2026-07-28,STR004,PRD003,2,3499.0,6998.0
SAL007615,2026-07-28,STR004,PRD004,4,1199.0,4796.0
SAL007616,2026-07-28,STR004,PRD007,2,1999.0,3998.0
SAL007617,2026-07-28,STR004,PRD009,3,299.0,897.0
SAL007618,2026-07-28,STR004,PRD010,1,1299.0,1299.0
SAL007619,2026-07-28,STR004,PRD011,1,1599.0,1599.0
SAL007620,2026-07-28,STR004,PRD012,3,199.0,597.0
SAL007621,2026-07-28,STR004,PRD017,2,649.0,1298.0
SAL007622,2026-07-28,STR004,PRD018,3,899.0,2697.0
SAL007623,2026-07-28,STR004,PRD020,1,1499.0,1499.0
SAL007624,2026-07-28,STR004,PRD021,3,1099.0,3297.0
SAL007625,2026-07-28,STR004,PRD022,1,599.0,599.0
SAL007626,2026-07-28,STR004,PRD024,4,1499.0,5996.0
SAL007627,2026-07-28,STR004,PRD025,2,1899.0,3798.0
SAL007628,2026-07-28,STR004,PRD026,6,299.0,1794.0
SAL007629,2026-07-28,STR004,PRD029,4,349.0,1396.0
SAL007630,2026-07-28,STR004,PRD030,4,199.0,796.0
SAL007631,2026-07-28,STR004,PRD031,1,999.0,999.0
SAL007632,2026-07-28,STR004,PRD032,1,699.0,699.0
SAL007633,2026-07-28,STR004,PRD036,3,329.0,987.0
SAL007634,2026-07-28,STR004,PRD039,2,299.0,598.0
SAL007635,2026-07-28,STR004,PRD040,4,249.0,996.0
SAL007636,2026-07-29,STR001,PRD001,7,599.0,4193.0
SAL007637,2026-07-29,STR001,PRD002,4,2899.0,11596.0
SAL007638,2026-07-29,STR001,PRD003,4,3499.0,13996.0
SAL007639,2026-07-29,STR001,PRD004,4,1199.0,4796.0
SAL007640,2026-07-29,STR001,PRD006,3,1799.0,5397.0
SAL007641,2026-07-29,STR001,PRD007,5,1999.0,9995.0
SAL007642,2026-07-29,STR001,PRD009,2,299.0,598.0
SAL007643,2026-07-29,STR001,PRD010,7,1299.0,9093.0
SAL007644,2026-07-29,STR001,PRD011,4,1599.0,6396.0
SAL007645,2026-07-29,STR001,PRD012,4,199.0,796.0
SAL007646,2026-07-29,STR001,PRD013,4,249.0,996.0
SAL007647,2026-07-29,STR001,PRD016,2,1199.0,2398.0
SAL007648,2026-07-29,STR001,PRD017,1,649.0,649.0
SAL007649,2026-07-29,STR001,PRD018,2,899.0,1798.0
SAL007650,2026-07-29,STR001,PRD021,2,1099.0,2198.0
SAL007651,2026-07-29,STR001,PRD023,1,1299.0,1299.0
SAL007652,2026-07-29,STR001,PRD025,3,1899.0,5697.0
SAL007653,2026-07-29,STR001,PRD026,7,299.0,2093.0
SAL007654,2026-07-29,STR001,PRD027,1,179.0,179.0
SAL007655,2026-07-29,STR001,PRD028,3,499.0,1497.0
SAL007656,2026-07-29,STR001,PRD029,4,349.0,1396.0
SAL007657,2026-07-29,STR001,PRD030,5,199.0,995.0
SAL007658,2026-07-29,STR001,PRD033,2,849.0,1698.0
SAL007659,2026-07-29,STR001,PRD035,7,449.0,3143.0
SAL007660,2026-07-29,STR001,PRD036,2,329.0,658.0
SAL007661,2026-07-29,STR001,PRD037,4,379.0,1516.0
SAL007662,2026-07-29,STR001,PRD039,2,299.0,598.0
SAL007663,2026-07-29,STR002,PRD001,5,599.0,2995.0
SAL007664,2026-07-29,STR002,PRD002,5,2899.0,14495.0
SAL007665,2026-07-29,STR002,PRD003,2,3499.0,6998.0
SAL007666,2026-07-29,STR002,PRD004,3,1199.0,3597.0
SAL007667,2026-07-29,STR002,PRD005,3,2299.0,6897.0
SAL007668,2026-07-29,STR002,PRD006,5,1799.0,8995.0
SAL007669,2026-07-29,STR002,PRD007,6,1999.0,11994.0
SAL007670,2026-07-29,STR002,PRD009,5,299.0,1495.0
SAL007671,2026-07-29,STR002,PRD013,2,249.0,498.0
SAL007672,2026-07-29,STR002,PRD014,2,899.0,1798.0
SAL007673,2026-07-29,STR002,PRD017,3,649.0,1947.0
SAL007674,2026-07-29,STR002,PRD022,1,599.0,599.0
SAL007675,2026-07-29,STR002,PRD026,6,299.0,1794.0
SAL007676,2026-07-29,STR002,PRD027,3,179.0,537.0
SAL007677,2026-07-29,STR002,PRD029,3,349.0,1047.0
SAL007678,2026-07-29,STR002,PRD030,2,199.0,398.0
SAL007679,2026-07-29,STR002,PRD034,3,399.0,1197.0
SAL007680,2026-07-29,STR002,PRD036,2,329.0,658.0
SAL007681,2026-07-29,STR002,PRD039,7,299.0,2093.0
SAL007682,2026-07-29,STR002,PRD040,3,249.0,747.0
SAL007683,2026-07-29,STR003,PRD001,5,599.0,2995.0
SAL007684,2026-07-29,STR003,PRD003,2,3499.0,6998.0
SAL007685,2026-07-29,STR003,PRD004,7,1199.0,8393.0
SAL007686,2026-07-29,STR003,PRD005,3,2299.0,6897.0
SAL007687,2026-07-29,STR003,PRD006,1,1799.0,1799.0
SAL007688,2026-07-29,STR003,PRD007,2,1999.0,3998.0
SAL007689,2026-07-29,STR003,PRD009,7,299.0,2093.0
SAL007690,2026-07-29,STR003,PRD011,1,1599.0,1599.0
SAL007691,2026-07-29,STR003,PRD013,2,249.0,498.0
SAL007692,2026-07-29,STR003,PRD014,2,899.0,1798.0
SAL007693,2026-07-29,STR003,PRD015,3,449.0,1347.0
SAL007694,2026-07-29,STR003,PRD016,3,1199.0,3597.0
SAL007695,2026-07-29,STR003,PRD018,3,899.0,2697.0
SAL007696,2026-07-29,STR003,PRD019,2,1399.0,2798.0
SAL007697,2026-07-29,STR003,PRD020,1,1499.0,1499.0
SAL007698,2026-07-29,STR003,PRD023,2,1299.0,2598.0
SAL007699,2026-07-29,STR003,PRD024,2,1499.0,2998.0
SAL007700,2026-07-29,STR003,PRD029,3,349.0,1047.0
SAL007701,2026-07-29,STR003,PRD030,5,199.0,995.0
SAL007702,2026-07-29,STR003,PRD031,1,999.0,999.0
SAL007703,2026-07-29,STR003,PRD032,1,699.0,699.0
SAL007704,2026-07-29,STR003,PRD034,1,399.0,399.0
SAL007705,2026-07-29,STR003,PRD036,2,329.0,658.0
SAL007706,2026-07-29,STR003,PRD037,2,379.0,758.0
SAL007707,2026-07-29,STR003,PRD038,1,429.0,429.0
SAL007708,2026-07-29,STR003,PRD040,2,249.0,498.0
SAL007709,2026-07-29,STR004,PRD001,3,599.0,1797.0
SAL007710,2026-07-29,STR004,PRD002,4,2899.0,11596.0
SAL007711,2026-07-29,STR004,PRD004,4,1199.0,4796.0
SAL007712,2026-07-29,STR004,PRD005,1,2299.0,2299.0
SAL007713,2026-07-29,STR004,PRD008,3,1499.0,4497.0
SAL007714,2026-07-29,STR004,PRD009,5,299.0,1495.0
SAL007715,2026-07-29,STR004,PRD012,2,199.0,398.0
SAL007716,2026-07-29,STR004,PRD014,2,899.0,1798.0
SAL007717,2026-07-29,STR004,PRD016,1,1199.0,1199.0
SAL007718,2026-07-29,STR004,PRD017,3,649.0,1947.0
SAL007719,2026-07-29,STR004,PRD021,2,1099.0,2198.0
SAL007720,2026-07-29,STR004,PRD023,4,1299.0,5196.0
SAL007721,2026-07-29,STR004,PRD026,6,299.0,1794.0
SAL007722,2026-07-29,STR004,PRD028,2,499.0,998.0
SAL007723,2026-07-29,STR004,PRD030,7,199.0,1393.0
SAL007724,2026-07-29,STR004,PRD031,4,999.0,3996.0
SAL007725,2026-07-29,STR004,PRD032,2,699.0,1398.0
SAL007726,2026-07-29,STR004,PRD034,3,399.0,1197.0
SAL007727,2026-07-29,STR004,PRD036,3,329.0,987.0
SAL007728,2026-07-29,STR004,PRD038,2,429.0,858.0
SAL007729,2026-07-29,STR004,PRD039,4,299.0,1196.0
SAL007730,2026-07-29,STR004,PRD040,7,249.0,1743.0
SAL007731,2026-07-30,STR001,PRD001,2,599.0,1198.0
SAL007732,2026-07-30,STR001,PRD002,1,2899.0,2899.0
SAL007733,2026-07-30,STR001,PRD003,4,3499.0,13996.0
SAL007734,2026-07-30,STR001,PRD004,2,1199.0,2398.0
SAL007735,2026-07-30,STR001,PRD005,2,2299.0,4598.0
SAL007736,2026-07-30,STR001,PRD007,2,1999.0,3998.0
SAL007737,2026-07-30,STR001,PRD008,1,1499.0,1499.0
SAL007738,2026-07-30,STR001,PRD009,2,299.0,598.0
SAL007739,2026-07-30,STR001,PRD010,5,1299.0,6495.0
SAL007740,2026-07-30,STR001,PRD012,1,199.0,199.0
SAL007741,2026-07-30,STR001,PRD017,1,649.0,649.0
SAL007742,2026-07-30,STR001,PRD018,3,899.0,2697.0
SAL007743,2026-07-30,STR001,PRD020,2,1499.0,2998.0
SAL007744,2026-07-30,STR001,PRD021,2,1099.0,2198.0
SAL007745,2026-07-30,STR001,PRD023,2,1299.0,2598.0
SAL007746,2026-07-30,STR001,PRD024,2,1499.0,2998.0
SAL007747,2026-07-30,STR001,PRD025,1,1899.0,1899.0
SAL007748,2026-07-30,STR001,PRD026,4,299.0,1196.0
SAL007749,2026-07-30,STR001,PRD029,1,349.0,349.0
SAL007750,2026-07-30,STR001,PRD030,7,199.0,1393.0
SAL007751,2026-07-30,STR001,PRD031,3,999.0,2997.0
SAL007752,2026-07-30,STR001,PRD035,7,449.0,3143.0
SAL007753,2026-07-30,STR001,PRD036,6,329.0,1974.0
SAL007754,2026-07-30,STR001,PRD038,2,429.0,858.0
SAL007755,2026-07-30,STR001,PRD039,3,299.0,897.0
SAL007756,2026-07-30,STR001,PRD040,3,249.0,747.0
SAL007757,2026-07-30,STR002,PRD001,3,599.0,1797.0
SAL007758,2026-07-30,STR002,PRD002,2,2899.0,5798.0
SAL007759,2026-07-30,STR002,PRD004,7,1199.0,8393.0
SAL007760,2026-07-30,STR002,PRD005,3,2299.0,6897.0
SAL007761,2026-07-30,STR002,PRD007,3,1999.0,5997.0
SAL007762,2026-07-30,STR002,PRD008,3,1499.0,4497.0
SAL007763,2026-07-30,STR002,PRD009,2,299.0,598.0
SAL007764,2026-07-30,STR002,PRD010,1,1299.0,1299.0
SAL007765,2026-07-30,STR002,PRD011,3,1599.0,4797.0
SAL007766,2026-07-30,STR002,PRD013,2,249.0,498.0
SAL007767,2026-07-30,STR002,PRD015,2,449.0,898.0
SAL007768,2026-07-30,STR002,PRD017,1,649.0,649.0
SAL007769,2026-07-30,STR002,PRD018,2,899.0,1798.0
SAL007770,2026-07-30,STR002,PRD020,1,1499.0,1499.0
SAL007771,2026-07-30,STR002,PRD026,6,299.0,1794.0
SAL007772,2026-07-30,STR002,PRD027,1,179.0,179.0
SAL007773,2026-07-30,STR002,PRD028,3,499.0,1497.0
SAL007774,2026-07-30,STR002,PRD029,1,349.0,349.0
SAL007775,2026-07-30,STR002,PRD030,2,199.0,398.0
SAL007776,2026-07-30,STR002,PRD031,2,999.0,1998.0
SAL007777,2026-07-30,STR002,PRD033,2,849.0,1698.0
SAL007778,2026-07-30,STR002,PRD035,2,449.0,898.0
SAL007779,2026-07-30,STR002,PRD036,7,329.0,2303.0
SAL007780,2026-07-30,STR002,PRD038,5,429.0,2145.0
SAL007781,2026-07-30,STR002,PRD039,3,299.0,897.0
SAL007782,2026-07-30,STR002,PRD040,7,249.0,1743.0
SAL007783,2026-07-30,STR003,PRD001,5,599.0,2995.0
SAL007784,2026-07-30,STR003,PRD003,1,3499.0,3499.0
SAL007785,2026-07-30,STR003,PRD004,3,1199.0,3597.0
SAL007786,2026-07-30,STR003,PRD008,2,1499.0,2998.0
SAL007787,2026-07-30,STR003,PRD009,3,299.0,897.0
SAL007788,2026-07-30,STR003,PRD010,1,1299.0,1299.0
SAL007789,2026-07-30,STR003,PRD011,2,1599.0,3198.0
SAL007790,2026-07-30,STR003,PRD013,3,249.0,747.0
SAL007791,2026-07-30,STR003,PRD014,1,899.0,899.0
SAL007792,2026-07-30,STR003,PRD016,1,1199.0,1199.0
SAL007793,2026-07-30,STR003,PRD017,1,649.0,649.0
SAL007794,2026-07-30,STR003,PRD018,2,899.0,1798.0
SAL007795,2026-07-30,STR003,PRD020,2,1499.0,2998.0
SAL007796,2026-07-30,STR003,PRD021,2,1099.0,2198.0
SAL007797,2026-07-30,STR003,PRD025,1,1899.0,1899.0
SAL007798,2026-07-30,STR003,PRD026,3,299.0,897.0
SAL007799,2026-07-30,STR003,PRD028,4,499.0,1996.0
SAL007800,2026-07-30,STR003,PRD030,2,199.0,398.0
SAL007801,2026-07-30,STR003,PRD034,4,399.0,1596.0
SAL007802,2026-07-30,STR003,PRD036,7,329.0,2303.0
SAL007803,2026-07-30,STR003,PRD037,2,379.0,758.0
SAL007804,2026-07-30,STR003,PRD040,6,249.0,1494.0
SAL007805,2026-07-30,STR004,PRD001,6,599.0,3594.0
SAL007806,2026-07-30,STR004,PRD002,1,2899.0,2899.0
SAL007807,2026-07-30,STR004,PRD003,1,3499.0,3499.0
SAL007808,2026-07-30,STR004,PRD004,5,1199.0,5995.0
SAL007809,2026-07-30,STR004,PRD008,3,1499.0,4497.0
SAL007810,2026-07-30,STR004,PRD009,4,299.0,1196.0
SAL007811,2026-07-30,STR004,PRD011,2,1599.0,3198.0
SAL007812,2026-07-30,STR004,PRD013,4,249.0,996.0
SAL007813,2026-07-30,STR004,PRD015,4,449.0,1796.0
SAL007814,2026-07-30,STR004,PRD017,3,649.0,1947.0
SAL007815,2026-07-30,STR004,PRD018,1,899.0,899.0
SAL007816,2026-07-30,STR004,PRD021,2,1099.0,2198.0
SAL007817,2026-07-30,STR004,PRD024,3,1499.0,4497.0
SAL007818,2026-07-30,STR004,PRD025,4,1899.0,7596.0
SAL007819,2026-07-30,STR004,PRD026,3,299.0,897.0
SAL007820,2026-07-30,STR004,PRD027,3,179.0,537.0
SAL007821,2026-07-30,STR004,PRD028,2,499.0,998.0
SAL007822,2026-07-30,STR004,PRD029,3,349.0,1047.0
SAL007823,2026-07-30,STR004,PRD030,7,199.0,1393.0
SAL007824,2026-07-30,STR004,PRD036,3,329.0,987.0
SAL007825,2026-07-30,STR004,PRD038,2,429.0,858.0
SAL007826,2026-07-30,STR004,PRD039,2,299.0,598.0
SAL007827,2026-07-31,STR001,PRD001,3,599.0,1797.0
SAL007828,2026-07-31,STR001,PRD002,3,2899.0,8697.0
SAL007829,2026-07-31,STR001,PRD003,2,3499.0,6998.0
SAL007830,2026-07-31,STR001,PRD004,2,1199.0,2398.0
SAL007831,2026-07-31,STR001,PRD007,5,1999.0,9995.0
SAL007832,2026-07-31,STR001,PRD008,4,1499.0,5996.0
SAL007833,2026-07-31,STR001,PRD009,4,299.0,1196.0
SAL007834,2026-07-31,STR001,PRD013,3,249.0,747.0
SAL007835,2026-07-31,STR001,PRD015,4,449.0,1796.0
SAL007836,2026-07-31,STR001,PRD018,1,899.0,899.0
SAL007837,2026-07-31,STR001,PRD020,1,1499.0,1499.0
SAL007838,2026-07-31,STR001,PRD024,2,1499.0,2998.0
SAL007839,2026-07-31,STR001,PRD025,3,1899.0,5697.0
SAL007840,2026-07-31,STR001,PRD026,2,299.0,598.0
SAL007841,2026-07-31,STR001,PRD027,2,179.0,358.0
SAL007842,2026-07-31,STR001,PRD028,2,499.0,998.0
SAL007843,2026-07-31,STR001,PRD030,2,199.0,398.0
SAL007844,2026-07-31,STR001,PRD032,2,699.0,1398.0
SAL007845,2026-07-31,STR001,PRD034,3,399.0,1197.0
SAL007846,2026-07-31,STR001,PRD035,7,449.0,3143.0
SAL007847,2026-07-31,STR001,PRD036,2,329.0,658.0
SAL007848,2026-07-31,STR001,PRD037,4,379.0,1516.0
SAL007849,2026-07-31,STR001,PRD039,3,299.0,897.0
SAL007850,2026-07-31,STR001,PRD040,7,249.0,1743.0
SAL007851,2026-07-31,STR002,PRD002,3,2899.0,8697.0
SAL007852,2026-07-31,STR002,PRD003,2,3499.0,6998.0
SAL007853,2026-07-31,STR002,PRD004,6,1199.0,7194.0
SAL007854,2026-07-31,STR002,PRD005,2,2299.0,4598.0
SAL007855,2026-07-31,STR002,PRD009,3,299.0,897.0
SAL007856,2026-07-31,STR002,PRD011,3,1599.0,4797.0
SAL007857,2026-07-31,STR002,PRD012,1,199.0,199.0
SAL007858,2026-07-31,STR002,PRD017,3,649.0,1947.0
SAL007859,2026-07-31,STR002,PRD021,2,1099.0,2198.0
SAL007860,2026-07-31,STR002,PRD024,3,1499.0,4497.0
SAL007861,2026-07-31,STR002,PRD025,5,1899.0,9495.0
SAL007862,2026-07-31,STR002,PRD028,3,499.0,1497.0
SAL007863,2026-07-31,STR002,PRD030,3,199.0,597.0
SAL007864,2026-07-31,STR002,PRD032,2,699.0,1398.0
SAL007865,2026-07-31,STR002,PRD037,5,379.0,1895.0
SAL007866,2026-07-31,STR002,PRD038,1,429.0,429.0
SAL007867,2026-07-31,STR002,PRD039,6,299.0,1794.0
SAL007868,2026-07-31,STR002,PRD040,7,249.0,1743.0
SAL007869,2026-07-31,STR003,PRD001,4,599.0,2396.0
SAL007870,2026-07-31,STR003,PRD003,2,3499.0,6998.0
SAL007871,2026-07-31,STR003,PRD004,3,1199.0,3597.0
SAL007872,2026-07-31,STR003,PRD005,2,2299.0,4598.0
SAL007873,2026-07-31,STR003,PRD007,5,1999.0,9995.0
SAL007874,2026-07-31,STR003,PRD008,3,1499.0,4497.0
SAL007875,2026-07-31,STR003,PRD009,4,299.0,1196.0
SAL007876,2026-07-31,STR003,PRD011,4,1599.0,6396.0
SAL007877,2026-07-31,STR003,PRD013,1,249.0,249.0
SAL007878,2026-07-31,STR003,PRD014,2,899.0,1798.0
SAL007879,2026-07-31,STR003,PRD016,2,1199.0,2398.0
SAL007880,2026-07-31,STR003,PRD017,2,649.0,1298.0
SAL007881,2026-07-31,STR003,PRD018,3,899.0,2697.0
SAL007882,2026-07-31,STR003,PRD019,2,1399.0,2798.0
SAL007883,2026-07-31,STR003,PRD020,4,1499.0,5996.0
SAL007884,2026-07-31,STR003,PRD025,3,1899.0,5697.0
SAL007885,2026-07-31,STR003,PRD026,4,299.0,1196.0
SAL007886,2026-07-31,STR003,PRD028,4,499.0,1996.0
SAL007887,2026-07-31,STR003,PRD029,4,349.0,1396.0
SAL007888,2026-07-31,STR003,PRD030,3,199.0,597.0
SAL007889,2026-07-31,STR003,PRD031,1,999.0,999.0
SAL007890,2026-07-31,STR003,PRD033,1,849.0,849.0
SAL007891,2026-07-31,STR003,PRD034,1,399.0,399.0
SAL007892,2026-07-31,STR003,PRD035,2,449.0,898.0
SAL007893,2026-07-31,STR003,PRD036,5,329.0,1645.0
SAL007894,2026-07-31,STR003,PRD039,4,299.0,1196.0
SAL007895,2026-07-31,STR003,PRD040,6,249.0,1494.0
SAL007896,2026-07-31,STR004,PRD002,3,2899.0,8697.0
SAL007897,2026-07-31,STR004,PRD003,1,3499.0,3499.0
SAL007898,2026-07-31,STR004,PRD004,5,1199.0,5995.0
SAL007899,2026-07-31,STR004,PRD005,2,2299.0,4598.0
SAL007900,2026-07-31,STR004,PRD008,4,1499.0,5996.0
SAL007901,2026-07-31,STR004,PRD009,5,299.0,1495.0
SAL007902,2026-07-31,STR004,PRD011,4,1599.0,6396.0
SAL007903,2026-07-31,STR004,PRD013,1,249.0,249.0
SAL007904,2026-07-31,STR004,PRD015,1,449.0,449.0
SAL007905,2026-07-31,STR004,PRD016,1,1199.0,1199.0
SAL007906,2026-07-31,STR004,PRD018,2,899.0,1798.0
SAL007907,2026-07-31,STR004,PRD020,1,1499.0,1499.0
SAL007908,2026-07-31,STR004,PRD021,3,1099.0,3297.0
SAL007909,2026-07-31,STR004,PRD026,4,299.0,1196.0
SAL007910,2026-07-31,STR004,PRD028,5,499.0,2495.0
SAL007911,2026-07-31,STR004,PRD029,1,349.0,349.0
SAL007912,2026-07-31,STR004,PRD030,3,199.0,597.0
SAL007913,2026-07-31,STR004,PRD031,4,999.0,3996.0
SAL007914,2026-07-31,STR004,PRD034,4,399.0,1596.0
SAL007915,2026-07-31,STR004,PRD036,2,329.0,658.0
SAL007916,2026-07-31,STR004,PRD038,1,429.0,429.0
SAL007917,2026-07-31,STR004,PRD039,3,299.0,897.0
SAL007918,2026-07-31,STR004,PRD040,3,249.0,747.0
SAL007919,2026-08-01,STR001,PRD001,7,599.0,4193.0
SAL007920,2026-08-01,STR001,PRD004,8,1199.0,9592.0
SAL007921,2026-08-01,STR001,PRD005,4,2299.0,9196.0
SAL007922,2026-08-01,STR001,PRD006,5,1799.0,8995.0
SAL007923,2026-08-01,STR001,PRD007,5,1999.0,9995.0
SAL007924,2026-08-01,STR001,PRD009,3,299.0,897.0
SAL007925,2026-08-01,STR001,PRD010,7,1299.0,9093.0
SAL007926,2026-08-01,STR001,PRD012,3,199.0,597.0
SAL007927,2026-08-01,STR001,PRD016,5,1199.0,5995.0
SAL007928,2026-08-01,STR001,PRD018,3,899.0,2697.0
SAL007929,2026-08-01,STR001,PRD025,1,1899.0,1899.0
SAL007930,2026-08-01,STR001,PRD026,3,299.0,897.0
SAL007931,2026-08-01,STR001,PRD027,5,179.0,895.0
SAL007932,2026-08-01,STR001,PRD030,7,199.0,1393.0
SAL007933,2026-08-01,STR001,PRD034,1,399.0,399.0
SAL007934,2026-08-01,STR001,PRD035,9,449.0,4041.0
SAL007935,2026-08-01,STR001,PRD036,8,329.0,2632.0
SAL007936,2026-08-01,STR001,PRD040,8,249.0,1992.0
SAL007937,2026-08-01,STR002,PRD001,9,599.0,5391.0
SAL007938,2026-08-01,STR002,PRD003,3,3499.0,10497.0
SAL007939,2026-08-01,STR002,PRD004,9,1199.0,10791.0
SAL007940,2026-08-01,STR002,PRD005,4,2299.0,9196.0
SAL007941,2026-08-01,STR002,PRD006,3,1799.0,5397.0
SAL007942,2026-08-01,STR002,PRD008,1,1499.0,1499.0
SAL007943,2026-08-01,STR002,PRD009,3,299.0,897.0
SAL007944,2026-08-01,STR002,PRD012,4,199.0,796.0
SAL007945,2026-08-01,STR002,PRD013,4,249.0,996.0
SAL007946,2026-08-01,STR002,PRD014,1,899.0,899.0
SAL007947,2026-08-01,STR002,PRD020,3,1499.0,4497.0
SAL007948,2026-08-01,STR002,PRD025,4,1899.0,7596.0
SAL007949,2026-08-01,STR002,PRD026,9,299.0,2691.0
SAL007950,2026-08-01,STR002,PRD028,3,499.0,1497.0
SAL007951,2026-08-01,STR002,PRD030,3,199.0,597.0
SAL007952,2026-08-01,STR002,PRD034,4,399.0,1596.0
SAL007953,2026-08-01,STR002,PRD036,6,329.0,1974.0
SAL007954,2026-08-01,STR002,PRD037,4,379.0,1516.0
SAL007955,2026-08-01,STR002,PRD039,3,299.0,897.0
SAL007956,2026-08-01,STR002,PRD040,10,249.0,2490.0
SAL007957,2026-08-01,STR003,PRD001,8,599.0,4792.0
SAL007958,2026-08-01,STR003,PRD002,1,2899.0,2899.0
SAL007959,2026-08-01,STR003,PRD003,1,3499.0,3499.0
SAL007960,2026-08-01,STR003,PRD004,6,1199.0,7194.0
SAL007961,2026-08-01,STR003,PRD006,2,1799.0,3598.0
SAL007962,2026-08-01,STR003,PRD007,5,1999.0,9995.0
SAL007963,2026-08-01,STR003,PRD009,2,299.0,598.0
SAL007964,2026-08-01,STR003,PRD010,2,1299.0,2598.0
SAL007965,2026-08-01,STR003,PRD014,1,899.0,899.0
SAL007966,2026-08-01,STR003,PRD015,2,449.0,898.0
SAL007967,2026-08-01,STR003,PRD018,1,899.0,899.0
SAL007968,2026-08-01,STR003,PRD021,4,1099.0,4396.0
SAL007969,2026-08-01,STR003,PRD022,1,599.0,599.0
SAL007970,2026-08-01,STR003,PRD023,1,1299.0,1299.0
SAL007971,2026-08-01,STR003,PRD024,1,1499.0,1499.0
SAL007972,2026-08-01,STR003,PRD025,5,1899.0,9495.0
SAL007973,2026-08-01,STR003,PRD026,4,299.0,1196.0
SAL007974,2026-08-01,STR003,PRD028,4,499.0,1996.0
SAL007975,2026-08-01,STR003,PRD030,5,199.0,995.0
SAL007976,2026-08-01,STR003,PRD035,1,449.0,449.0
SAL007977,2026-08-01,STR003,PRD036,8,329.0,2632.0
SAL007978,2026-08-01,STR003,PRD038,2,429.0,858.0
SAL007979,2026-08-01,STR003,PRD039,6,299.0,1794.0
SAL007980,2026-08-01,STR003,PRD040,2,249.0,498.0
SAL007981,2026-08-01,STR004,PRD001,7,599.0,4193.0
SAL007982,2026-08-01,STR004,PRD002,1,2899.0,2899.0
SAL007983,2026-08-01,STR004,PRD005,1,2299.0,2299.0
SAL007984,2026-08-01,STR004,PRD006,5,1799.0,8995.0
SAL007985,2026-08-01,STR004,PRD007,4,1999.0,7996.0
SAL007986,2026-08-01,STR004,PRD008,1,1499.0,1499.0
SAL007987,2026-08-01,STR004,PRD009,2,299.0,598.0
SAL007988,2026-08-01,STR004,PRD010,1,1299.0,1299.0
SAL007989,2026-08-01,STR004,PRD011,2,1599.0,3198.0
SAL007990,2026-08-01,STR004,PRD013,4,249.0,996.0
SAL007991,2026-08-01,STR004,PRD015,5,449.0,2245.0
SAL007992,2026-08-01,STR004,PRD017,4,649.0,2596.0
SAL007993,2026-08-01,STR004,PRD018,4,899.0,3596.0
SAL007994,2026-08-01,STR004,PRD022,1,599.0,599.0
SAL007995,2026-08-01,STR004,PRD024,2,1499.0,2998.0
SAL007996,2026-08-01,STR004,PRD025,4,1899.0,7596.0
SAL007997,2026-08-01,STR004,PRD026,7,299.0,2093.0
SAL007998,2026-08-01,STR004,PRD027,1,179.0,179.0
SAL007999,2026-08-01,STR004,PRD029,2,349.0,698.0
SAL008000,2026-08-01,STR004,PRD030,4,199.0,796.0
SAL008001,2026-08-01,STR004,PRD031,4,999.0,3996.0
SAL008002,2026-08-01,STR004,PRD036,6,329.0,1974.0
SAL008003,2026-08-01,STR004,PRD038,2,429.0,858.0
SAL008004,2026-08-01,STR004,PRD040,6,249.0,1494.0
SAL008005,2026-08-02,STR001,PRD001,9,599.0,5391.0
SAL008006,2026-08-02,STR001,PRD002,4,2899.0,11596.0
SAL008007,2026-08-02,STR001,PRD003,5,3499.0,17495.0
SAL008008,2026-08-02,STR001,PRD004,3,1199.0,3597.0
SAL008009,2026-08-02,STR001,PRD007,5,1999.0,9995.0
SAL008010,2026-08-02,STR001,PRD010,8,1299.0,10392.0
SAL008011,2026-08-02,STR001,PRD013,1,249.0,249.0
SAL008012,2026-08-02,STR001,PRD016,5,1199.0,5995.0
SAL008013,2026-08-02,STR001,PRD017,4,649.0,2596.0
SAL008014,2026-08-02,STR001,PRD018,4,899.0,3596.0
SAL008015,2026-08-02,STR001,PRD020,3,1499.0,4497.0
SAL008016,2026-08-02,STR001,PRD023,5,1299.0,6495.0
SAL008017,2026-08-02,STR001,PRD026,8,299.0,2392.0
SAL008018,2026-08-02,STR001,PRD027,1,179.0,179.0
SAL008019,2026-08-02,STR001,PRD028,5,499.0,2495.0
SAL008020,2026-08-02,STR001,PRD030,9,199.0,1791.0
SAL008021,2026-08-02,STR001,PRD032,1,699.0,699.0
SAL008022,2026-08-02,STR001,PRD034,5,399.0,1995.0
SAL008023,2026-08-02,STR001,PRD035,9,449.0,4041.0
SAL008024,2026-08-02,STR001,PRD036,4,329.0,1316.0
SAL008025,2026-08-02,STR001,PRD037,5,379.0,1895.0
SAL008026,2026-08-02,STR001,PRD038,5,429.0,2145.0
SAL008027,2026-08-02,STR001,PRD040,7,249.0,1743.0
SAL008028,2026-08-02,STR002,PRD001,6,599.0,3594.0
SAL008029,2026-08-02,STR002,PRD002,3,2899.0,8697.0
SAL008030,2026-08-02,STR002,PRD004,10,1199.0,11990.0
SAL008031,2026-08-02,STR002,PRD006,6,1799.0,10794.0
SAL008032,2026-08-02,STR002,PRD008,6,1499.0,8994.0
SAL008033,2026-08-02,STR002,PRD009,7,299.0,2093.0
SAL008034,2026-08-02,STR002,PRD011,6,1599.0,9594.0
SAL008035,2026-08-02,STR002,PRD012,1,199.0,199.0
SAL008036,2026-08-02,STR002,PRD013,3,249.0,747.0
SAL008037,2026-08-02,STR002,PRD014,3,899.0,2697.0
SAL008038,2026-08-02,STR002,PRD017,3,649.0,1947.0
SAL008039,2026-08-02,STR002,PRD022,1,599.0,599.0
SAL008040,2026-08-02,STR002,PRD023,1,1299.0,1299.0
SAL008041,2026-08-02,STR002,PRD024,1,1499.0,1499.0
SAL008042,2026-08-02,STR002,PRD025,1,1899.0,1899.0
SAL008043,2026-08-02,STR002,PRD026,10,299.0,2990.0
SAL008044,2026-08-02,STR002,PRD029,1,349.0,349.0
SAL008045,2026-08-02,STR002,PRD031,3,999.0,2997.0
SAL008046,2026-08-02,STR002,PRD036,3,329.0,987.0
SAL008047,2026-08-02,STR002,PRD037,6,379.0,2274.0
SAL008048,2026-08-02,STR002,PRD038,6,429.0,2574.0
SAL008049,2026-08-02,STR002,PRD039,9,299.0,2691.0
SAL008050,2026-08-02,STR002,PRD040,7,249.0,1743.0
SAL008051,2026-08-02,STR003,PRD001,8,599.0,4792.0
SAL008052,2026-08-02,STR003,PRD002,2,2899.0,5798.0
SAL008053,2026-08-02,STR003,PRD004,8,1199.0,9592.0
SAL008054,2026-08-02,STR003,PRD005,1,2299.0,2299.0
SAL008055,2026-08-02,STR003,PRD006,2,1799.0,3598.0
SAL008056,2026-08-02,STR003,PRD007,4,1999.0,7996.0
SAL008057,2026-08-02,STR003,PRD008,2,1499.0,2998.0
SAL008058,2026-08-02,STR003,PRD009,6,299.0,1794.0
SAL008059,2026-08-02,STR003,PRD011,1,1599.0,1599.0
SAL008060,2026-08-02,STR003,PRD013,5,249.0,1245.0
SAL008061,2026-08-02,STR003,PRD014,1,899.0,899.0
SAL008062,2026-08-02,STR003,PRD017,2,649.0,1298.0
SAL008063,2026-08-02,STR003,PRD019,2,1399.0,2798.0
SAL008064,2026-08-02,STR003,PRD020,1,1499.0,1499.0
SAL008065,2026-08-02,STR003,PRD021,5,1099.0,5495.0
SAL008066,2026-08-02,STR003,PRD024,4,1499.0,5996.0
SAL008067,2026-08-02,STR003,PRD026,8,299.0,2392.0
SAL008068,2026-08-02,STR003,PRD028,5,499.0,2495.0
SAL008069,2026-08-02,STR003,PRD030,4,199.0,796.0
SAL008070,2026-08-02,STR003,PRD038,4,429.0,1716.0
SAL008071,2026-08-02,STR003,PRD040,2,249.0,498.0
SAL008072,2026-08-02,STR004,PRD001,6,599.0,3594.0
SAL008073,2026-08-02,STR004,PRD002,2,2899.0,5798.0
SAL008074,2026-08-02,STR004,PRD003,4,3499.0,13996.0
SAL008075,2026-08-02,STR004,PRD004,6,1199.0,7194.0
SAL008076,2026-08-02,STR004,PRD005,4,2299.0,9196.0
SAL008077,2026-08-02,STR004,PRD007,2,1999.0,3998.0
SAL008078,2026-08-02,STR004,PRD008,4,1499.0,5996.0
SAL008079,2026-08-02,STR004,PRD009,9,299.0,2691.0
SAL008080,2026-08-02,STR004,PRD012,2,199.0,398.0
SAL008081,2026-08-02,STR004,PRD013,2,249.0,498.0
SAL008082,2026-08-02,STR004,PRD014,1,899.0,899.0
SAL008083,2026-08-02,STR004,PRD015,2,449.0,898.0
SAL008084,2026-08-02,STR004,PRD018,2,899.0,1798.0
SAL008085,2026-08-02,STR004,PRD023,5,1299.0,6495.0
SAL008086,2026-08-02,STR004,PRD026,2,299.0,598.0
SAL008087,2026-08-02,STR004,PRD030,5,199.0,995.0
SAL008088,2026-08-02,STR004,PRD031,1,999.0,999.0
SAL008089,2026-08-02,STR004,PRD038,2,429.0,858.0
SAL008090,2026-08-02,STR004,PRD040,7,249.0,1743.0
SAL008091,2026-08-03,STR001,PRD001,2,599.0,1198.0
SAL008092,2026-08-03,STR001,PRD002,4,2899.0,11596.0
SAL008093,2026-08-03,STR001,PRD003,3,3499.0,10497.0
SAL008094,2026-08-03,STR001,PRD004,2,1199.0,2398.0
SAL008095,2026-08-03,STR001,PRD005,2,2299.0,4598.0
SAL008096,2026-08-03,STR001,PRD006,3,1799.0,5397.0
SAL008097,2026-08-03,STR001,PRD007,2,1999.0,3998.0
SAL008098,2026-08-03,STR001,PRD009,4,299.0,1196.0
SAL008099,2026-08-03,STR001,PRD010,7,1299.0,9093.0
SAL008100,2026-08-03,STR001,PRD011,4,1599.0,6396.0
SAL008101,2026-08-03,STR001,PRD013,1,249.0,249.0
SAL008102,2026-08-03,STR001,PRD015,4,449.0,1796.0
SAL008103,2026-08-03,STR001,PRD017,3,649.0,1947.0
SAL008104,2026-08-03,STR001,PRD018,1,899.0,899.0
SAL008105,2026-08-03,STR001,PRD023,3,1299.0,3897.0
SAL008106,2026-08-03,STR001,PRD026,7,299.0,2093.0
SAL008107,2026-08-03,STR001,PRD027,2,179.0,358.0
SAL008108,2026-08-03,STR001,PRD028,2,499.0,998.0
SAL008109,2026-08-03,STR001,PRD030,5,199.0,995.0
SAL008110,2026-08-03,STR001,PRD034,3,399.0,1197.0
SAL008111,2026-08-03,STR001,PRD036,5,329.0,1645.0
SAL008112,2026-08-03,STR001,PRD038,1,429.0,429.0
SAL008113,2026-08-03,STR001,PRD039,6,299.0,1794.0
SAL008114,2026-08-03,STR001,PRD040,3,249.0,747.0
SAL008115,2026-08-03,STR002,PRD001,3,599.0,1797.0
SAL008116,2026-08-03,STR002,PRD003,5,3499.0,17495.0
SAL008117,2026-08-03,STR002,PRD004,6,1199.0,7194.0
SAL008118,2026-08-03,STR002,PRD006,2,1799.0,3598.0
SAL008119,2026-08-03,STR002,PRD008,5,1499.0,7495.0
SAL008120,2026-08-03,STR002,PRD009,2,299.0,598.0
SAL008121,2026-08-03,STR002,PRD011,5,1599.0,7995.0
SAL008122,2026-08-03,STR002,PRD012,1,199.0,199.0
SAL008123,2026-08-03,STR002,PRD013,1,249.0,249.0
SAL008124,2026-08-03,STR002,PRD016,5,1199.0,5995.0
SAL008125,2026-08-03,STR002,PRD018,1,899.0,899.0
SAL008126,2026-08-03,STR002,PRD019,1,1399.0,1399.0
SAL008127,2026-08-03,STR002,PRD026,3,299.0,897.0
SAL008128,2026-08-03,STR002,PRD027,2,179.0,358.0
SAL008129,2026-08-03,STR002,PRD028,3,499.0,1497.0
SAL008130,2026-08-03,STR002,PRD030,2,199.0,398.0
SAL008131,2026-08-03,STR002,PRD031,3,999.0,2997.0
SAL008132,2026-08-03,STR002,PRD034,5,399.0,1995.0
SAL008133,2026-08-03,STR002,PRD035,1,449.0,449.0
SAL008134,2026-08-03,STR002,PRD036,8,329.0,2632.0
SAL008135,2026-08-03,STR002,PRD037,3,379.0,1137.0
SAL008136,2026-08-03,STR002,PRD039,8,299.0,2392.0
SAL008137,2026-08-03,STR003,PRD001,4,599.0,2396.0
SAL008138,2026-08-03,STR003,PRD002,4,2899.0,11596.0
SAL008139,2026-08-03,STR003,PRD004,4,1199.0,4796.0
SAL008140,2026-08-03,STR003,PRD005,2,2299.0,4598.0
SAL008141,2026-08-03,STR003,PRD006,1,1799.0,1799.0
SAL008142,2026-08-03,STR003,PRD009,3,299.0,897.0
SAL008143,2026-08-03,STR003,PRD012,1,199.0,199.0
SAL008144,2026-08-03,STR003,PRD013,1,249.0,249.0
SAL008145,2026-08-03,STR003,PRD017,4,649.0,2596.0
SAL008146,2026-08-03,STR003,PRD020,4,1499.0,5996.0
SAL008147,2026-08-03,STR003,PRD021,4,1099.0,4396.0
SAL008148,2026-08-03,STR003,PRD022,2,599.0,1198.0
SAL008149,2026-08-03,STR003,PRD026,2,299.0,598.0
SAL008150,2026-08-03,STR003,PRD027,4,179.0,716.0
SAL008151,2026-08-03,STR003,PRD028,4,499.0,1996.0
SAL008152,2026-08-03,STR003,PRD029,3,349.0,1047.0
SAL008153,2026-08-03,STR003,PRD030,6,199.0,1194.0
SAL008154,2026-08-03,STR003,PRD032,2,699.0,1398.0
SAL008155,2026-08-03,STR003,PRD034,1,399.0,399.0
SAL008156,2026-08-03,STR003,PRD036,5,329.0,1645.0
SAL008157,2026-08-03,STR003,PRD037,1,379.0,379.0
SAL008158,2026-08-03,STR003,PRD038,2,429.0,858.0
SAL008159,2026-08-03,STR003,PRD039,7,299.0,2093.0
SAL008160,2026-08-03,STR003,PRD040,7,249.0,1743.0
SAL008161,2026-08-03,STR004,PRD001,2,599.0,1198.0
SAL008162,2026-08-03,STR004,PRD004,3,1199.0,3597.0
SAL008163,2026-08-03,STR004,PRD008,2,1499.0,2998.0
SAL008164,2026-08-03,STR004,PRD009,3,299.0,897.0
SAL008165,2026-08-03,STR004,PRD011,3,1599.0,4797.0
SAL008166,2026-08-03,STR004,PRD012,2,199.0,398.0
SAL008167,2026-08-03,STR004,PRD015,4,449.0,1796.0
SAL008168,2026-08-03,STR004,PRD017,1,649.0,649.0
SAL008169,2026-08-03,STR004,PRD021,4,1099.0,4396.0
SAL008170,2026-08-03,STR004,PRD022,2,599.0,1198.0
SAL008171,2026-08-03,STR004,PRD023,4,1299.0,5196.0
SAL008172,2026-08-03,STR004,PRD026,4,299.0,1196.0
SAL008173,2026-08-03,STR004,PRD028,3,499.0,1497.0
SAL008174,2026-08-03,STR004,PRD029,3,349.0,1047.0
SAL008175,2026-08-03,STR004,PRD030,6,199.0,1194.0
SAL008176,2026-08-03,STR004,PRD031,3,999.0,2997.0
SAL008177,2026-08-03,STR004,PRD034,1,399.0,399.0
SAL008178,2026-08-03,STR004,PRD036,6,329.0,1974.0
SAL008179,2026-08-03,STR004,PRD038,3,429.0,1287.0
SAL008180,2026-08-03,STR004,PRD039,4,299.0,1196.0
SAL008181,2026-08-04,STR001,PRD001,4,599.0,2396.0
SAL008182,2026-08-04,STR001,PRD002,4,2899.0,11596.0
SAL008183,2026-08-04,STR001,PRD003,2,3499.0,6998.0
SAL008184,2026-08-04,STR001,PRD004,7,1199.0,8393.0
SAL008185,2026-08-04,STR001,PRD005,1,2299.0,2299.0
SAL008186,2026-08-04,STR001,PRD006,4,1799.0,7196.0
SAL008187,2026-08-04,STR001,PRD007,5,1999.0,9995.0
SAL008188,2026-08-04,STR001,PRD008,2,1499.0,2998.0
SAL008189,2026-08-04,STR001,PRD010,7,1299.0,9093.0
SAL008190,2026-08-04,STR001,PRD012,4,199.0,796.0
SAL008191,2026-08-04,STR001,PRD013,1,249.0,249.0
SAL008192,2026-08-04,STR001,PRD016,4,1199.0,4796.0
SAL008193,2026-08-04,STR001,PRD018,1,899.0,899.0
SAL008194,2026-08-04,STR001,PRD019,1,1399.0,1399.0
SAL008195,2026-08-04,STR001,PRD020,3,1499.0,4497.0
SAL008196,2026-08-04,STR001,PRD021,3,1099.0,3297.0
SAL008197,2026-08-04,STR001,PRD024,2,1499.0,2998.0
SAL008198,2026-08-04,STR001,PRD026,2,299.0,598.0
SAL008199,2026-08-04,STR001,PRD027,1,179.0,179.0
SAL008200,2026-08-04,STR001,PRD028,2,499.0,998.0
SAL008201,2026-08-04,STR001,PRD029,4,349.0,1396.0
SAL008202,2026-08-04,STR001,PRD030,4,199.0,796.0
SAL008203,2026-08-04,STR001,PRD031,3,999.0,2997.0
SAL008204,2026-08-04,STR001,PRD033,2,849.0,1698.0
SAL008205,2026-08-04,STR001,PRD034,3,399.0,1197.0
SAL008206,2026-08-04,STR001,PRD035,7,449.0,3143.0
SAL008207,2026-08-04,STR001,PRD038,1,429.0,429.0
SAL008208,2026-08-04,STR001,PRD039,4,299.0,1196.0
SAL008209,2026-08-04,STR001,PRD040,5,249.0,1245.0
SAL008210,2026-08-04,STR002,PRD001,5,599.0,2995.0
SAL008211,2026-08-04,STR002,PRD003,1,3499.0,3499.0
SAL008212,2026-08-04,STR002,PRD004,7,1199.0,8393.0
SAL008213,2026-08-04,STR002,PRD006,5,1799.0,8995.0
SAL008214,2026-08-04,STR002,PRD009,6,299.0,1794.0
SAL008215,2026-08-04,STR002,PRD011,5,1599.0,7995.0
SAL008216,2026-08-04,STR002,PRD013,2,249.0,498.0
SAL008217,2026-08-04,STR002,PRD016,5,1199.0,5995.0
SAL008218,2026-08-04,STR002,PRD017,1,649.0,649.0
SAL008219,2026-08-04,STR002,PRD018,2,899.0,1798.0
SAL008220,2026-08-04,STR002,PRD019,1,1399.0,1399.0
SAL008221,2026-08-04,STR002,PRD025,3,1899.0,5697.0
SAL008222,2026-08-04,STR002,PRD026,2,299.0,598.0
SAL008223,2026-08-04,STR002,PRD028,3,499.0,1497.0
SAL008224,2026-08-04,STR002,PRD029,3,349.0,1047.0
SAL008225,2026-08-04,STR002,PRD030,3,199.0,597.0
SAL008226,2026-08-04,STR002,PRD031,2,999.0,1998.0
SAL008227,2026-08-04,STR002,PRD034,2,399.0,798.0
SAL008228,2026-08-04,STR002,PRD035,2,449.0,898.0
SAL008229,2026-08-04,STR002,PRD036,2,329.0,658.0
SAL008230,2026-08-04,STR002,PRD037,2,379.0,758.0
SAL008231,2026-08-04,STR002,PRD038,2,429.0,858.0
SAL008232,2026-08-04,STR002,PRD039,6,299.0,1794.0
SAL008233,2026-08-04,STR002,PRD040,7,249.0,1743.0
SAL008234,2026-08-04,STR003,PRD001,4,599.0,2396.0
SAL008235,2026-08-04,STR003,PRD002,4,2899.0,11596.0
SAL008236,2026-08-04,STR003,PRD004,7,1199.0,8393.0
SAL008237,2026-08-04,STR003,PRD005,3,2299.0,6897.0
SAL008238,2026-08-04,STR003,PRD006,3,1799.0,5397.0
SAL008239,2026-08-04,STR003,PRD007,2,1999.0,3998.0
SAL008240,2026-08-04,STR003,PRD008,2,1499.0,2998.0
SAL008241,2026-08-04,STR003,PRD009,2,299.0,598.0
SAL008242,2026-08-04,STR003,PRD010,1,1299.0,1299.0
SAL008243,2026-08-04,STR003,PRD011,2,1599.0,3198.0
SAL008244,2026-08-04,STR003,PRD012,2,199.0,398.0
SAL008245,2026-08-04,STR003,PRD013,3,249.0,747.0
SAL008246,2026-08-04,STR003,PRD014,2,899.0,1798.0
SAL008247,2026-08-04,STR003,PRD015,1,449.0,449.0
SAL008248,2026-08-04,STR003,PRD016,2,1199.0,2398.0
SAL008249,2026-08-04,STR003,PRD018,3,899.0,2697.0
SAL008250,2026-08-04,STR003,PRD023,3,1299.0,3897.0
SAL008251,2026-08-04,STR003,PRD024,4,1499.0,5996.0
SAL008252,2026-08-04,STR003,PRD025,4,1899.0,7596.0
SAL008253,2026-08-04,STR003,PRD026,6,299.0,1794.0
SAL008254,2026-08-04,STR003,PRD028,3,499.0,1497.0
SAL008255,2026-08-04,STR003,PRD030,2,199.0,398.0
SAL008256,2026-08-04,STR003,PRD031,4,999.0,3996.0
SAL008257,2026-08-04,STR003,PRD034,2,399.0,798.0
SAL008258,2026-08-04,STR003,PRD035,2,449.0,898.0
SAL008259,2026-08-04,STR003,PRD038,2,429.0,858.0
SAL008260,2026-08-04,STR003,PRD039,5,299.0,1495.0
SAL008261,2026-08-04,STR003,PRD040,3,249.0,747.0
SAL008262,2026-08-04,STR004,PRD002,1,2899.0,2899.0
SAL008263,2026-08-04,STR004,PRD004,4,1199.0,4796.0
SAL008264,2026-08-04,STR004,PRD006,4,1799.0,7196.0
SAL008265,2026-08-04,STR004,PRD007,4,1999.0,7996.0
SAL008266,2026-08-04,STR004,PRD008,4,1499.0,5996.0
SAL008267,2026-08-04,STR004,PRD009,4,299.0,1196.0
SAL008268,2026-08-04,STR004,PRD011,3,1599.0,4797.0
SAL008269,2026-08-04,STR004,PRD012,3,199.0,597.0
SAL008270,2026-08-04,STR004,PRD013,1,249.0,249.0
SAL008271,2026-08-04,STR004,PRD016,1,1199.0,1199.0
SAL008272,2026-08-04,STR004,PRD017,4,649.0,2596.0
SAL008273,2026-08-04,STR004,PRD018,3,899.0,2697.0
SAL008274,2026-08-04,STR004,PRD020,3,1499.0,4497.0
SAL008275,2026-08-04,STR004,PRD021,4,1099.0,4396.0
SAL008276,2026-08-04,STR004,PRD023,1,1299.0,1299.0
SAL008277,2026-08-04,STR004,PRD025,2,1899.0,3798.0
SAL008278,2026-08-04,STR004,PRD026,2,299.0,598.0
SAL008279,2026-08-04,STR004,PRD027,4,179.0,716.0
SAL008280,2026-08-04,STR004,PRD028,4,499.0,1996.0
SAL008281,2026-08-04,STR004,PRD030,5,199.0,995.0
SAL008282,2026-08-04,STR004,PRD035,2,449.0,898.0
SAL008283,2026-08-04,STR004,PRD036,6,329.0,1974.0
SAL008284,2026-08-04,STR004,PRD037,2,379.0,758.0
SAL008285,2026-08-04,STR004,PRD038,2,429.0,858.0
SAL008286,2026-08-04,STR004,PRD040,6,249.0,1494.0
SAL008287,2026-08-05,STR001,PRD001,7,599.0,4193.0
SAL008288,2026-08-05,STR001,PRD002,3,2899.0,8697.0
SAL008289,2026-08-05,STR001,PRD004,2,1199.0,2398.0
SAL008290,2026-08-05,STR001,PRD005,3,2299.0,6897.0
SAL008291,2026-08-05,STR001,PRD006,1,1799.0,1799.0
SAL008292,2026-08-05,STR001,PRD007,4,1999.0,7996.0
SAL008293,2026-08-05,STR001,PRD009,4,299.0,1196.0
SAL008294,2026-08-05,STR001,PRD010,5,1299.0,6495.0
SAL008295,2026-08-05,STR001,PRD011,4,1599.0,6396.0
SAL008296,2026-08-05,STR001,PRD013,2,249.0,498.0
SAL008297,2026-08-05,STR001,PRD014,1,899.0,899.0
SAL008298,2026-08-05,STR001,PRD016,4,1199.0,4796.0
SAL008299,2026-08-05,STR001,PRD017,1,649.0,649.0
SAL008300,2026-08-05,STR001,PRD018,3,899.0,2697.0
SAL008301,2026-08-05,STR001,PRD021,1,1099.0,1099.0
SAL008302,2026-08-05,STR001,PRD024,3,1499.0,4497.0
SAL008303,2026-08-05,STR001,PRD026,4,299.0,1196.0
SAL008304,2026-08-05,STR001,PRD027,1,179.0,179.0
SAL008305,2026-08-05,STR001,PRD028,5,499.0,2495.0
SAL008306,2026-08-05,STR001,PRD029,2,349.0,698.0
SAL008307,2026-08-05,STR001,PRD030,3,199.0,597.0
SAL008308,2026-08-05,STR001,PRD034,4,399.0,1596.0
SAL008309,2026-08-05,STR001,PRD035,5,449.0,2245.0
SAL008310,2026-08-05,STR001,PRD036,7,329.0,2303.0
SAL008311,2026-08-05,STR001,PRD037,4,379.0,1516.0
SAL008312,2026-08-05,STR001,PRD038,2,429.0,858.0
SAL008313,2026-08-05,STR001,PRD040,5,249.0,1245.0
SAL008314,2026-08-05,STR002,PRD001,7,599.0,4193.0
SAL008315,2026-08-05,STR002,PRD003,3,3499.0,10497.0
SAL008316,2026-08-05,STR002,PRD004,7,1199.0,8393.0
SAL008317,2026-08-05,STR002,PRD005,3,2299.0,6897.0
SAL008318,2026-08-05,STR002,PRD006,2,1799.0,3598.0
SAL008319,2026-08-05,STR002,PRD007,5,1999.0,9995.0
SAL008320,2026-08-05,STR002,PRD009,5,299.0,1495.0
SAL008321,2026-08-05,STR002,PRD012,3,199.0,597.0
SAL008322,2026-08-05,STR002,PRD013,3,249.0,747.0
SAL008323,2026-08-05,STR002,PRD019,1,1399.0,1399.0
SAL008324,2026-08-05,STR002,PRD023,2,1299.0,2598.0
SAL008325,2026-08-05,STR002,PRD024,1,1499.0,1499.0
SAL008326,2026-08-05,STR002,PRD025,1,1899.0,1899.0
SAL008327,2026-08-05,STR002,PRD026,3,299.0,897.0
SAL008328,2026-08-05,STR002,PRD027,5,179.0,895.0
SAL008329,2026-08-05,STR002,PRD028,2,499.0,998.0
SAL008330,2026-08-05,STR002,PRD029,3,349.0,1047.0
SAL008331,2026-08-05,STR002,PRD030,5,199.0,995.0
SAL008332,2026-08-05,STR002,PRD034,5,399.0,1995.0
SAL008333,2026-08-05,STR002,PRD036,6,329.0,1974.0
SAL008334,2026-08-05,STR002,PRD037,3,379.0,1137.0
SAL008335,2026-08-05,STR002,PRD039,3,299.0,897.0
SAL008336,2026-08-05,STR002,PRD040,6,249.0,1494.0
SAL008337,2026-08-05,STR003,PRD001,2,599.0,1198.0
SAL008338,2026-08-05,STR003,PRD002,4,2899.0,11596.0
SAL008339,2026-08-05,STR003,PRD003,4,3499.0,13996.0
SAL008340,2026-08-05,STR003,PRD004,3,1199.0,3597.0
SAL008341,2026-08-05,STR003,PRD005,1,2299.0,2299.0
SAL008342,2026-08-05,STR003,PRD006,4,1799.0,7196.0
SAL008343,2026-08-05,STR003,PRD007,4,1999.0,7996.0
SAL008344,2026-08-05,STR003,PRD008,2,1499.0,2998.0
SAL008345,2026-08-05,STR003,PRD009,4,299.0,1196.0
SAL008346,2026-08-05,STR003,PRD011,4,1599.0,6396.0
SAL008347,2026-08-05,STR003,PRD013,2,249.0,498.0
SAL008348,2026-08-05,STR003,PRD014,2,899.0,1798.0
SAL008349,2026-08-05,STR003,PRD017,2,649.0,1298.0
SAL008350,2026-08-05,STR003,PRD024,1,1499.0,1499.0
SAL008351,2026-08-05,STR003,PRD026,4,299.0,1196.0
SAL008352,2026-08-05,STR003,PRD027,2,179.0,358.0
SAL008353,2026-08-05,STR003,PRD028,5,499.0,2495.0
SAL008354,2026-08-05,STR003,PRD029,1,349.0,349.0
SAL008355,2026-08-05,STR003,PRD030,4,199.0,796.0
SAL008356,2026-08-05,STR003,PRD034,3,399.0,1197.0
SAL008357,2026-08-05,STR003,PRD036,7,329.0,2303.0
SAL008358,2026-08-05,STR003,PRD039,2,299.0,598.0
SAL008359,2026-08-05,STR003,PRD040,5,249.0,1245.0
SAL008360,2026-08-05,STR004,PRD001,6,599.0,3594.0
SAL008361,2026-08-05,STR004,PRD003,3,3499.0,10497.0
SAL008362,2026-08-05,STR004,PRD004,3,1199.0,3597.0
SAL008363,2026-08-05,STR004,PRD006,3,1799.0,5397.0
SAL008364,2026-08-05,STR004,PRD007,4,1999.0,7996.0
SAL008365,2026-08-05,STR004,PRD008,3,1499.0,4497.0
SAL008366,2026-08-05,STR004,PRD009,2,299.0,598.0
SAL008367,2026-08-05,STR004,PRD011,4,1599.0,6396.0
SAL008368,2026-08-05,STR004,PRD013,1,249.0,249.0
SAL008369,2026-08-05,STR004,PRD015,2,449.0,898.0
SAL008370,2026-08-05,STR004,PRD021,2,1099.0,2198.0
SAL008371,2026-08-05,STR004,PRD023,2,1299.0,2598.0
SAL008372,2026-08-05,STR004,PRD025,2,1899.0,3798.0
SAL008373,2026-08-05,STR004,PRD026,2,299.0,598.0
SAL008374,2026-08-05,STR004,PRD029,2,349.0,698.0
SAL008375,2026-08-05,STR004,PRD030,4,199.0,796.0
SAL008376,2026-08-05,STR004,PRD035,1,449.0,449.0
SAL008377,2026-08-05,STR004,PRD036,7,329.0,2303.0
SAL008378,2026-08-05,STR004,PRD037,4,379.0,1516.0
SAL008379,2026-08-05,STR004,PRD038,4,429.0,1716.0
SAL008380,2026-08-05,STR004,PRD039,6,299.0,1794.0
SAL008381,2026-08-05,STR004,PRD040,2,249.0,498.0
SAL008382,2026-08-06,STR001,PRD001,2,599.0,1198.0
SAL008383,2026-08-06,STR001,PRD002,4,2899.0,11596.0
SAL008384,2026-08-06,STR001,PRD007,3,1999.0,5997.0
SAL008385,2026-08-06,STR001,PRD009,7,299.0,2093.0
SAL008386,2026-08-06,STR001,PRD010,7,1299.0,9093.0
SAL008387,2026-08-06,STR001,PRD013,4,249.0,996.0
SAL008388,2026-08-06,STR001,PRD014,1,899.0,899.0
SAL008389,2026-08-06,STR001,PRD015,4,449.0,1796.0
SAL008390,2026-08-06,STR001,PRD016,3,1199.0,3597.0
SAL008391,2026-08-06,STR001,PRD018,3,899.0,2697.0
SAL008392,2026-08-06,STR001,PRD020,4,1499.0,5996.0
SAL008393,2026-08-06,STR001,PRD023,1,1299.0,1299.0
SAL008394,2026-08-06,STR001,PRD025,1,1899.0,1899.0
SAL008395,2026-08-06,STR001,PRD026,3,299.0,897.0
SAL008396,2026-08-06,STR001,PRD028,2,499.0,998.0
SAL008397,2026-08-06,STR001,PRD029,1,349.0,349.0
SAL008398,2026-08-06,STR001,PRD030,6,199.0,1194.0
SAL008399,2026-08-06,STR001,PRD031,2,999.0,1998.0
SAL008400,2026-08-06,STR001,PRD035,7,449.0,3143.0
SAL008401,2026-08-06,STR001,PRD036,6,329.0,1974.0
SAL008402,2026-08-06,STR001,PRD040,5,249.0,1245.0
SAL008403,2026-08-06,STR002,PRD001,3,599.0,1797.0
SAL008404,2026-08-06,STR002,PRD003,1,3499.0,3499.0
SAL008405,2026-08-06,STR002,PRD006,1,1799.0,1799.0
SAL008406,2026-08-06,STR002,PRD007,6,1999.0,11994.0
SAL008407,2026-08-06,STR002,PRD008,3,1499.0,4497.0
SAL008408,2026-08-06,STR002,PRD009,8,299.0,2392.0
SAL008409,2026-08-06,STR002,PRD012,3,199.0,597.0
SAL008410,2026-08-06,STR002,PRD015,3,449.0,1347.0
SAL008411,2026-08-06,STR002,PRD016,5,1199.0,5995.0
SAL008412,2026-08-06,STR002,PRD017,3,649.0,1947.0
SAL008413,2026-08-06,STR002,PRD018,3,899.0,2697.0
SAL008414,2026-08-06,STR002,PRD024,5,1499.0,7495.0
SAL008415,2026-08-06,STR002,PRD026,2,299.0,598.0
SAL008416,2026-08-06,STR002,PRD027,1,179.0,179.0
SAL008417,2026-08-06,STR002,PRD028,2,499.0,998.0
SAL008418,2026-08-06,STR002,PRD030,7,199.0,1393.0
SAL008419,2026-08-06,STR002,PRD034,2,399.0,798.0
SAL008420,2026-08-06,STR002,PRD036,6,329.0,1974.0
SAL008421,2026-08-06,STR002,PRD037,1,379.0,379.0
SAL008422,2026-08-06,STR002,PRD040,6,249.0,1494.0
SAL008423,2026-08-06,STR003,PRD001,3,599.0,1797.0
SAL008424,2026-08-06,STR003,PRD004,7,1199.0,8393.0
SAL008425,2026-08-06,STR003,PRD007,4,1999.0,7996.0
SAL008426,2026-08-06,STR003,PRD009,6,299.0,1794.0
SAL008427,2026-08-06,STR003,PRD010,2,1299.0,2598.0
SAL008428,2026-08-06,STR003,PRD013,2,249.0,498.0
SAL008429,2026-08-06,STR003,PRD015,4,449.0,1796.0
SAL008430,2026-08-06,STR003,PRD016,4,1199.0,4796.0
SAL008431,2026-08-06,STR003,PRD017,1,649.0,649.0
SAL008432,2026-08-06,STR003,PRD019,1,1399.0,1399.0
SAL008433,2026-08-06,STR003,PRD020,2,1499.0,2998.0
SAL008434,2026-08-06,STR003,PRD021,2,1099.0,2198.0
SAL008435,2026-08-06,STR003,PRD024,3,1499.0,4497.0
SAL008436,2026-08-06,STR003,PRD026,5,299.0,1495.0
SAL008437,2026-08-06,STR003,PRD028,5,499.0,2495.0
SAL008438,2026-08-06,STR003,PRD030,4,199.0,796.0
SAL008439,2026-08-06,STR003,PRD031,4,999.0,3996.0
SAL008440,2026-08-06,STR003,PRD034,2,399.0,798.0
SAL008441,2026-08-06,STR003,PRD036,4,329.0,1316.0
SAL008442,2026-08-06,STR003,PRD038,4,429.0,1716.0
SAL008443,2026-08-06,STR003,PRD039,7,299.0,2093.0
SAL008444,2026-08-06,STR003,PRD040,3,249.0,747.0
SAL008445,2026-08-06,STR004,PRD001,7,599.0,4193.0
SAL008446,2026-08-06,STR004,PRD003,3,3499.0,10497.0
SAL008447,2026-08-06,STR004,PRD004,7,1199.0,8393.0
SAL008448,2026-08-06,STR004,PRD005,2,2299.0,4598.0
SAL008449,2026-08-06,STR004,PRD006,1,1799.0,1799.0
SAL008450,2026-08-06,STR004,PRD007,2,1999.0,3998.0
SAL008451,2026-08-06,STR004,PRD008,2,1499.0,2998.0
SAL008452,2026-08-06,STR004,PRD009,7,299.0,2093.0
SAL008453,2026-08-06,STR004,PRD011,3,1599.0,4797.0
SAL008454,2026-08-06,STR004,PRD012,2,199.0,398.0
SAL008455,2026-08-06,STR004,PRD013,1,249.0,249.0
SAL008456,2026-08-06,STR004,PRD015,4,449.0,1796.0
SAL008457,2026-08-06,STR004,PRD024,4,1499.0,5996.0
SAL008458,2026-08-06,STR004,PRD025,4,1899.0,7596.0
SAL008459,2026-08-06,STR004,PRD026,6,299.0,1794.0
SAL008460,2026-08-06,STR004,PRD030,5,199.0,995.0
SAL008461,2026-08-06,STR004,PRD034,3,399.0,1197.0
SAL008462,2026-08-06,STR004,PRD036,4,329.0,1316.0
SAL008463,2026-08-06,STR004,PRD037,3,379.0,1137.0
SAL008464,2026-08-06,STR004,PRD038,4,429.0,1716.0
SAL008465,2026-08-06,STR004,PRD039,4,299.0,1196.0
SAL008466,2026-08-06,STR004,PRD040,3,249.0,747.0
SAL008467,2026-08-07,STR001,PRD001,5,599.0,2995.0
SAL008468,2026-08-07,STR001,PRD003,3,3499.0,10497.0
SAL008469,2026-08-07,STR001,PRD004,2,1199.0,2398.0
SAL008470,2026-08-07,STR001,PRD005,1,2299.0,2299.0
SAL008471,2026-08-07,STR001,PRD006,4,1799.0,7196.0
SAL008472,2026-08-07,STR001,PRD007,5,1999.0,9995.0
SAL008473,2026-08-07,STR001,PRD008,2,1499.0,2998.0
SAL008474,2026-08-07,STR001,PRD010,7,1299.0,9093.0
SAL008475,2026-08-07,STR001,PRD011,2,1599.0,3198.0
SAL008476,2026-08-07,STR001,PRD014,2,899.0,1798.0
SAL008477,2026-08-07,STR001,PRD015,4,449.0,1796.0
SAL008478,2026-08-07,STR001,PRD018,1,899.0,899.0
SAL008479,2026-08-07,STR001,PRD019,1,1399.0,1399.0
SAL008480,2026-08-07,STR001,PRD020,3,1499.0,4497.0
SAL008481,2026-08-07,STR001,PRD025,2,1899.0,3798.0
SAL008482,2026-08-07,STR001,PRD026,5,299.0,1495.0
SAL008483,2026-08-07,STR001,PRD029,3,349.0,1047.0
SAL008484,2026-08-07,STR001,PRD030,4,199.0,796.0
SAL008485,2026-08-07,STR001,PRD031,4,999.0,3996.0
SAL008486,2026-08-07,STR001,PRD033,2,849.0,1698.0
SAL008487,2026-08-07,STR001,PRD035,7,449.0,3143.0
SAL008488,2026-08-07,STR001,PRD036,7,329.0,2303.0
SAL008489,2026-08-07,STR001,PRD037,2,379.0,758.0
SAL008490,2026-08-07,STR001,PRD039,7,299.0,2093.0
SAL008491,2026-08-07,STR001,PRD040,6,249.0,1494.0
SAL008492,2026-08-07,STR002,PRD001,2,599.0,1198.0
SAL008493,2026-08-07,STR002,PRD003,1,3499.0,3499.0
SAL008494,2026-08-07,STR002,PRD004,6,1199.0,7194.0
SAL008495,2026-08-07,STR002,PRD005,1,2299.0,2299.0
SAL008496,2026-08-07,STR002,PRD008,1,1499.0,1499.0
SAL008497,2026-08-07,STR002,PRD009,7,299.0,2093.0
SAL008498,2026-08-07,STR002,PRD010,2,1299.0,2598.0
SAL008499,2026-08-07,STR002,PRD012,3,199.0,597.0
SAL008500,2026-08-07,STR002,PRD015,1,449.0,449.0
SAL008501,2026-08-07,STR002,PRD017,2,649.0,1298.0
SAL008502,2026-08-07,STR002,PRD020,2,1499.0,2998.0
SAL008503,2026-08-07,STR002,PRD023,5,1299.0,6495.0
SAL008504,2026-08-07,STR002,PRD024,2,1499.0,2998.0
SAL008505,2026-08-07,STR002,PRD026,2,299.0,598.0
SAL008506,2026-08-07,STR002,PRD028,5,499.0,2495.0
SAL008507,2026-08-07,STR002,PRD030,7,199.0,1393.0
SAL008508,2026-08-07,STR002,PRD034,2,399.0,798.0
SAL008509,2026-08-07,STR002,PRD036,2,329.0,658.0
SAL008510,2026-08-07,STR002,PRD038,5,429.0,2145.0
SAL008511,2026-08-07,STR002,PRD039,2,299.0,598.0
SAL008512,2026-08-07,STR002,PRD040,5,249.0,1245.0
SAL008513,2026-08-07,STR003,PRD001,3,599.0,1797.0
SAL008514,2026-08-07,STR003,PRD002,1,2899.0,2899.0
SAL008515,2026-08-07,STR003,PRD003,2,3499.0,6998.0
SAL008516,2026-08-07,STR003,PRD004,7,1199.0,8393.0
SAL008517,2026-08-07,STR003,PRD006,1,1799.0,1799.0
SAL008518,2026-08-07,STR003,PRD007,3,1999.0,5997.0
SAL008519,2026-08-07,STR003,PRD012,1,199.0,199.0
SAL008520,2026-08-07,STR003,PRD013,4,249.0,996.0
SAL008521,2026-08-07,STR003,PRD015,3,449.0,1347.0
SAL008522,2026-08-07,STR003,PRD016,4,1199.0,4796.0
SAL008523,2026-08-07,STR003,PRD017,3,649.0,1947.0
SAL008524,2026-08-07,STR003,PRD018,1,899.0,899.0
SAL008525,2026-08-07,STR003,PRD019,2,1399.0,2798.0
SAL008526,2026-08-07,STR003,PRD020,3,1499.0,4497.0
SAL008527,2026-08-07,STR003,PRD023,3,1299.0,3897.0
SAL008528,2026-08-07,STR003,PRD024,4,1499.0,5996.0
SAL008529,2026-08-07,STR003,PRD026,5,299.0,1495.0
SAL008530,2026-08-07,STR003,PRD027,2,179.0,358.0
SAL008531,2026-08-07,STR003,PRD028,2,499.0,998.0
SAL008532,2026-08-07,STR003,PRD030,4,199.0,796.0
SAL008533,2026-08-07,STR003,PRD036,7,329.0,2303.0
SAL008534,2026-08-07,STR003,PRD037,4,379.0,1516.0
SAL008535,2026-08-07,STR003,PRD038,3,429.0,1287.0
SAL008536,2026-08-07,STR003,PRD039,4,299.0,1196.0
SAL008537,2026-08-07,STR003,PRD040,2,249.0,498.0
SAL008538,2026-08-07,STR004,PRD001,6,599.0,3594.0
SAL008539,2026-08-07,STR004,PRD002,2,2899.0,5798.0
SAL008540,2026-08-07,STR004,PRD004,2,1199.0,2398.0
SAL008541,2026-08-07,STR004,PRD009,4,299.0,1196.0
SAL008542,2026-08-07,STR004,PRD011,4,1599.0,6396.0
SAL008543,2026-08-07,STR004,PRD012,2,199.0,398.0
SAL008544,2026-08-07,STR004,PRD013,2,249.0,498.0
SAL008545,2026-08-07,STR004,PRD015,2,449.0,898.0
SAL008546,2026-08-07,STR004,PRD017,3,649.0,1947.0
SAL008547,2026-08-07,STR004,PRD018,3,899.0,2697.0
SAL008548,2026-08-07,STR004,PRD020,4,1499.0,5996.0
SAL008549,2026-08-07,STR004,PRD021,2,1099.0,2198.0
SAL008550,2026-08-07,STR004,PRD022,1,599.0,599.0
SAL008551,2026-08-07,STR004,PRD023,4,1299.0,5196.0
SAL008552,2026-08-07,STR004,PRD024,4,1499.0,5996.0
SAL008553,2026-08-07,STR004,PRD026,2,299.0,598.0
SAL008554,2026-08-07,STR004,PRD027,1,179.0,179.0
SAL008555,2026-08-07,STR004,PRD028,4,499.0,1996.0
SAL008556,2026-08-07,STR004,PRD029,4,349.0,1396.0
SAL008557,2026-08-07,STR004,PRD030,5,199.0,995.0
SAL008558,2026-08-07,STR004,PRD031,2,999.0,1998.0
SAL008559,2026-08-07,STR004,PRD032,2,699.0,1398.0
SAL008560,2026-08-07,STR004,PRD034,4,399.0,1596.0
SAL008561,2026-08-07,STR004,PRD036,3,329.0,987.0
SAL008562,2026-08-07,STR004,PRD038,1,429.0,429.0
SAL008563,2026-08-07,STR004,PRD039,5,299.0,1495.0
SAL008564,2026-08-07,STR004,PRD040,5,249.0,1245.0
SAL008565,2026-08-08,STR001,PRD001,3,599.0,1797.0
SAL008566,2026-08-08,STR001,PRD003,1,3499.0,3499.0
SAL008567,2026-08-08,STR001,PRD004,3,1199.0,3597.0
SAL008568,2026-08-08,STR001,PRD005,4,2299.0,9196.0
SAL008569,2026-08-08,STR001,PRD006,4,1799.0,7196.0
SAL008570,2026-08-08,STR001,PRD007,4,1999.0,7996.0
SAL008571,2026-08-08,STR001,PRD008,5,1499.0,7495.0
SAL008572,2026-08-08,STR001,PRD009,7,299.0,2093.0
SAL008573,2026-08-08,STR001,PRD010,5,1299.0,6495.0
SAL008574,2026-08-08,STR001,PRD011,5,1599.0,7995.0
SAL008575,2026-08-08,STR001,PRD016,4,1199.0,4796.0
SAL008576,2026-08-08,STR001,PRD017,3,649.0,1947.0
SAL008577,2026-08-08,STR001,PRD018,1,899.0,899.0
SAL008578,2026-08-08,STR001,PRD019,1,1399.0,1399.0
SAL008579,2026-08-08,STR001,PRD020,5,1499.0,7495.0
SAL008580,2026-08-08,STR001,PRD024,1,1499.0,1499.0
SAL008581,2026-08-08,STR001,PRD027,4,179.0,716.0
SAL008582,2026-08-08,STR001,PRD029,3,349.0,1047.0
SAL008583,2026-08-08,STR001,PRD030,7,199.0,1393.0
SAL008584,2026-08-08,STR001,PRD031,1,999.0,999.0
SAL008585,2026-08-08,STR001,PRD035,5,449.0,2245.0
SAL008586,2026-08-08,STR001,PRD036,7,329.0,2303.0
SAL008587,2026-08-08,STR001,PRD037,3,379.0,1137.0
SAL008588,2026-08-08,STR001,PRD038,3,429.0,1287.0
SAL008589,2026-08-08,STR001,PRD039,4,299.0,1196.0
SAL008590,2026-08-08,STR001,PRD040,3,249.0,747.0
SAL008591,2026-08-08,STR002,PRD002,3,2899.0,8697.0
SAL008592,2026-08-08,STR002,PRD003,3,3499.0,10497.0
SAL008593,2026-08-08,STR002,PRD004,7,1199.0,8393.0
SAL008594,2026-08-08,STR002,PRD005,1,2299.0,2299.0
SAL008595,2026-08-08,STR002,PRD006,1,1799.0,1799.0
SAL008596,2026-08-08,STR002,PRD008,3,1499.0,4497.0
SAL008597,2026-08-08,STR002,PRD009,6,299.0,1794.0
SAL008598,2026-08-08,STR002,PRD010,1,1299.0,1299.0
SAL008599,2026-08-08,STR002,PRD011,3,1599.0,4797.0
SAL008600,2026-08-08,STR002,PRD012,6,199.0,1194.0
SAL008601,2026-08-08,STR002,PRD014,1,899.0,899.0
SAL008602,2026-08-08,STR002,PRD015,4,449.0,1796.0
SAL008603,2026-08-08,STR002,PRD016,6,1199.0,7194.0
SAL008604,2026-08-08,STR002,PRD018,1,899.0,899.0
SAL008605,2026-08-08,STR002,PRD020,4,1499.0,5996.0
SAL008606,2026-08-08,STR002,PRD023,1,1299.0,1299.0
SAL008607,2026-08-08,STR002,PRD024,6,1499.0,8994.0
SAL008608,2026-08-08,STR002,PRD025,4,1899.0,7596.0
SAL008609,2026-08-08,STR002,PRD026,3,299.0,897.0
SAL008610,2026-08-08,STR002,PRD028,6,499.0,2994.0
SAL008611,2026-08-08,STR002,PRD029,6,349.0,2094.0
SAL008612,2026-08-08,STR002,PRD030,7,199.0,1393.0
SAL008613,2026-08-08,STR002,PRD036,4,329.0,1316.0
SAL008614,2026-08-08,STR002,PRD039,3,299.0,897.0
SAL008615,2026-08-08,STR002,PRD040,4,249.0,996.0
SAL008616,2026-08-08,STR003,PRD003,4,3499.0,13996.0
SAL008617,2026-08-08,STR003,PRD004,2,1199.0,2398.0
SAL008618,2026-08-08,STR003,PRD005,2,2299.0,4598.0
SAL008619,2026-08-08,STR003,PRD007,4,1999.0,7996.0
SAL008620,2026-08-08,STR003,PRD009,7,299.0,2093.0
SAL008621,2026-08-08,STR003,PRD011,1,1599.0,1599.0
SAL008622,2026-08-08,STR003,PRD012,4,199.0,796.0
SAL008623,2026-08-08,STR003,PRD013,5,249.0,1245.0
SAL008624,2026-08-08,STR003,PRD016,5,1199.0,5995.0
SAL008625,2026-08-08,STR003,PRD020,4,1499.0,5996.0
SAL008626,2026-08-08,STR003,PRD026,8,299.0,2392.0
SAL008627,2026-08-08,STR003,PRD028,5,499.0,2495.0
SAL008628,2026-08-08,STR003,PRD030,4,199.0,796.0
SAL008629,2026-08-08,STR003,PRD034,2,399.0,798.0
SAL008630,2026-08-08,STR003,PRD035,2,449.0,898.0
SAL008631,2026-08-08,STR003,PRD036,4,329.0,1316.0
SAL008632,2026-08-08,STR003,PRD039,6,299.0,1794.0
SAL008633,2026-08-08,STR004,PRD001,7,599.0,4193.0
SAL008634,2026-08-08,STR004,PRD003,2,3499.0,6998.0
SAL008635,2026-08-08,STR004,PRD005,4,2299.0,9196.0
SAL008636,2026-08-08,STR004,PRD006,5,1799.0,8995.0
SAL008637,2026-08-08,STR004,PRD007,2,1999.0,3998.0
SAL008638,2026-08-08,STR004,PRD008,1,1499.0,1499.0
SAL008639,2026-08-08,STR004,PRD009,7,299.0,2093.0
SAL008640,2026-08-08,STR004,PRD010,2,1299.0,2598.0
SAL008641,2026-08-08,STR004,PRD012,1,199.0,199.0
SAL008642,2026-08-08,STR004,PRD013,4,249.0,996.0
SAL008643,2026-08-08,STR004,PRD016,1,1199.0,1199.0
SAL008644,2026-08-08,STR004,PRD017,2,649.0,1298.0
SAL008645,2026-08-08,STR004,PRD019,1,1399.0,1399.0
SAL008646,2026-08-08,STR004,PRD020,2,1499.0,2998.0
SAL008647,2026-08-08,STR004,PRD021,5,1099.0,5495.0
SAL008648,2026-08-08,STR004,PRD022,1,599.0,599.0
SAL008649,2026-08-08,STR004,PRD026,7,299.0,2093.0
SAL008650,2026-08-08,STR004,PRD027,5,179.0,895.0
SAL008651,2026-08-08,STR004,PRD030,4,199.0,796.0
SAL008652,2026-08-08,STR004,PRD031,4,999.0,3996.0
SAL008653,2026-08-08,STR004,PRD033,1,849.0,849.0
SAL008654,2026-08-08,STR004,PRD036,5,329.0,1645.0
SAL008655,2026-08-08,STR004,PRD038,2,429.0,858.0
SAL008656,2026-08-08,STR004,PRD039,5,299.0,1495.0
SAL008657,2026-08-08,STR004,PRD040,9,249.0,2241.0
SAL008658,2026-08-09,STR001,PRD001,9,599.0,5391.0
SAL008659,2026-08-09,STR001,PRD002,4,2899.0,11596.0
SAL008660,2026-08-09,STR001,PRD003,5,3499.0,17495.0
SAL008661,2026-08-09,STR001,PRD004,4,1199.0,4796.0
SAL008662,2026-08-09,STR001,PRD006,4,1799.0,7196.0
SAL008663,2026-08-09,STR001,PRD007,7,1999.0,13993.0
SAL008664,2026-08-09,STR001,PRD009,9,299.0,2691.0
SAL008665,2026-08-09,STR001,PRD010,5,1299.0,6495.0
SAL008666,2026-08-09,STR001,PRD011,5,1599.0,7995.0
SAL008667,2026-08-09,STR001,PRD013,4,249.0,996.0
SAL008668,2026-08-09,STR001,PRD015,5,449.0,2245.0
SAL008669,2026-08-09,STR001,PRD016,1,1199.0,1199.0
SAL008670,2026-08-09,STR001,PRD017,3,649.0,1947.0
SAL008671,2026-08-09,STR001,PRD018,1,899.0,899.0
SAL008672,2026-08-09,STR001,PRD020,5,1499.0,7495.0
SAL008673,2026-08-09,STR001,PRD021,4,1099.0,4396.0
SAL008674,2026-08-09,STR001,PRD024,3,1499.0,4497.0
SAL008675,2026-08-09,STR001,PRD026,8,299.0,2392.0
SAL008676,2026-08-09,STR001,PRD027,1,179.0,179.0
SAL008677,2026-08-09,STR001,PRD028,4,499.0,1996.0
SAL008678,2026-08-09,STR001,PRD029,4,349.0,1396.0
SAL008679,2026-08-09,STR001,PRD030,9,199.0,1791.0
SAL008680,2026-08-09,STR001,PRD031,5,999.0,4995.0
SAL008681,2026-08-09,STR001,PRD033,3,849.0,2547.0
SAL008682,2026-08-09,STR001,PRD034,1,399.0,399.0
SAL008683,2026-08-09,STR001,PRD035,10,449.0,4490.0
SAL008684,2026-08-09,STR001,PRD036,9,329.0,2961.0
SAL008685,2026-08-09,STR001,PRD037,1,379.0,379.0
SAL008686,2026-08-09,STR001,PRD040,4,249.0,996.0
SAL008687,2026-08-09,STR002,PRD001,6,599.0,3594.0
SAL008688,2026-08-09,STR002,PRD003,6,3499.0,20994.0
SAL008689,2026-08-09,STR002,PRD004,6,1199.0,7194.0
SAL008690,2026-08-09,STR002,PRD007,3,1999.0,5997.0
SAL008691,2026-08-09,STR002,PRD009,6,299.0,1794.0
SAL008692,2026-08-09,STR002,PRD013,6,249.0,1494.0
SAL008693,2026-08-09,STR002,PRD016,1,1199.0,1199.0
SAL008694,2026-08-09,STR002,PRD018,4,899.0,3596.0
SAL008695,2026-08-09,STR002,PRD020,3,1499.0,4497.0
SAL008696,2026-08-09,STR002,PRD021,3,1099.0,3297.0
SAL008697,2026-08-09,STR002,PRD025,4,1899.0,7596.0
SAL008698,2026-08-09,STR002,PRD028,4,499.0,1996.0
SAL008699,2026-08-09,STR002,PRD029,1,349.0,349.0
SAL008700,2026-08-09,STR002,PRD030,9,199.0,1791.0
SAL008701,2026-08-09,STR002,PRD032,1,699.0,699.0
SAL008702,2026-08-09,STR002,PRD033,3,849.0,2547.0
SAL008703,2026-08-09,STR002,PRD034,4,399.0,1596.0
SAL008704,2026-08-09,STR002,PRD036,10,329.0,3290.0
SAL008705,2026-08-09,STR002,PRD039,4,299.0,1196.0
SAL008706,2026-08-09,STR002,PRD040,3,249.0,747.0
SAL008707,2026-08-09,STR003,PRD001,5,599.0,2995.0
SAL008708,2026-08-09,STR003,PRD005,2,2299.0,4598.0
SAL008709,2026-08-09,STR003,PRD007,2,1999.0,3998.0
SAL008710,2026-08-09,STR003,PRD008,1,1499.0,1499.0
SAL008711,2026-08-09,STR003,PRD009,7,299.0,2093.0
SAL008712,2026-08-09,STR003,PRD012,5,199.0,995.0
SAL008713,2026-08-09,STR003,PRD014,1,899.0,899.0
SAL008714,2026-08-09,STR003,PRD016,4,1199.0,4796.0
SAL008715,2026-08-09,STR003,PRD017,4,649.0,2596.0
SAL008716,2026-08-09,STR003,PRD019,1,1399.0,1399.0
SAL008717,2026-08-09,STR003,PRD020,1,1499.0,1499.0
SAL008718,2026-08-09,STR003,PRD021,5,1099.0,5495.0
SAL008719,2026-08-09,STR003,PRD025,4,1899.0,7596.0
SAL008720,2026-08-09,STR003,PRD026,8,299.0,2392.0
SAL008721,2026-08-09,STR003,PRD027,4,179.0,716.0
SAL008722,2026-08-09,STR003,PRD028,2,499.0,998.0
SAL008723,2026-08-09,STR003,PRD029,2,349.0,698.0
SAL008724,2026-08-09,STR003,PRD030,5,199.0,995.0
SAL008725,2026-08-09,STR003,PRD031,1,999.0,999.0
SAL008726,2026-08-09,STR003,PRD035,1,449.0,449.0
SAL008727,2026-08-09,STR003,PRD036,5,329.0,1645.0
SAL008728,2026-08-09,STR003,PRD038,4,429.0,1716.0
SAL008729,2026-08-09,STR003,PRD039,8,299.0,2392.0
SAL008730,2026-08-09,STR003,PRD040,5,249.0,1245.0
SAL008731,2026-08-09,STR004,PRD002,4,2899.0,11596.0
SAL008732,2026-08-09,STR004,PRD003,1,3499.0,3499.0
SAL008733,2026-08-09,STR004,PRD005,4,2299.0,9196.0
SAL008734,2026-08-09,STR004,PRD007,5,1999.0,9995.0
SAL008735,2026-08-09,STR004,PRD008,4,1499.0,5996.0
SAL008736,2026-08-09,STR004,PRD009,7,299.0,2093.0
SAL008737,2026-08-09,STR004,PRD010,1,1299.0,1299.0
SAL008738,2026-08-09,STR004,PRD011,1,1599.0,1599.0
SAL008739,2026-08-09,STR004,PRD015,4,449.0,1796.0
SAL008740,2026-08-09,STR004,PRD018,2,899.0,1798.0
SAL008741,2026-08-09,STR004,PRD020,2,1499.0,2998.0
SAL008742,2026-08-09,STR004,PRD022,1,599.0,599.0
SAL008743,2026-08-09,STR004,PRD023,5,1299.0,6495.0
SAL008744,2026-08-09,STR004,PRD024,4,1499.0,5996.0
SAL008745,2026-08-09,STR004,PRD025,1,1899.0,1899.0
SAL008746,2026-08-09,STR004,PRD026,2,299.0,598.0
SAL008747,2026-08-09,STR004,PRD027,1,179.0,179.0
SAL008748,2026-08-09,STR004,PRD028,5,499.0,2495.0
SAL008749,2026-08-09,STR004,PRD029,2,349.0,698.0
SAL008750,2026-08-09,STR004,PRD030,6,199.0,1194.0
SAL008751,2026-08-09,STR004,PRD031,5,999.0,4995.0
SAL008752,2026-08-09,STR004,PRD036,2,329.0,658.0
SAL008753,2026-08-09,STR004,PRD038,5,429.0,2145.0
SAL008754,2026-08-09,STR004,PRD039,7,299.0,2093.0
SAL008755,2026-08-09,STR004,PRD040,5,249.0,1245.0
SAL008756,2026-08-10,STR001,PRD003,2,3499.0,6998.0
SAL008757,2026-08-10,STR001,PRD004,2,1199.0,2398.0
SAL008758,2026-08-10,STR001,PRD005,1,2299.0,2299.0
SAL008759,2026-08-10,STR001,PRD006,1,1799.0,1799.0
SAL008760,2026-08-10,STR001,PRD007,3,1999.0,5997.0
SAL008761,2026-08-10,STR001,PRD008,2,1499.0,2998.0
SAL008762,2026-08-10,STR001,PRD009,3,299.0,897.0
SAL008763,2026-08-10,STR001,PRD010,5,1299.0,6495.0
SAL008764,2026-08-10,STR001,PRD011,3,1599.0,4797.0
SAL008765,2026-08-10,STR001,PRD012,2,199.0,398.0
SAL008766,2026-08-10,STR001,PRD013,3,249.0,747.0
SAL008767,2026-08-10,STR001,PRD016,1,1199.0,1199.0
SAL008768,2026-08-10,STR001,PRD017,1,649.0,649.0
SAL008769,2026-08-10,STR001,PRD020,1,1499.0,1499.0
SAL008770,2026-08-10,STR001,PRD021,1,1099.0,1099.0
SAL008771,2026-08-10,STR001,PRD024,1,1499.0,1499.0
SAL008772,2026-08-10,STR001,PRD027,3,179.0,537.0
SAL008773,2026-08-10,STR001,PRD031,2,999.0,1998.0
SAL008774,2026-08-10,STR001,PRD033,2,849.0,1698.0
SAL008775,2026-08-10,STR001,PRD034,3,399.0,1197.0
SAL008776,2026-08-10,STR001,PRD036,2,329.0,658.0
SAL008777,2026-08-10,STR001,PRD038,2,429.0,858.0
SAL008778,2026-08-10,STR001,PRD039,6,299.0,1794.0
SAL008779,2026-08-10,STR001,PRD040,2,249.0,498.0
SAL008780,2026-08-10,STR002,PRD001,5,599.0,2995.0
SAL008781,2026-08-10,STR002,PRD002,3,2899.0,8697.0
SAL008782,2026-08-10,STR002,PRD004,5,1199.0,5995.0
SAL008783,2026-08-10,STR002,PRD005,1,2299.0,2299.0
SAL008784,2026-08-10,STR002,PRD008,1,1499.0,1499.0
SAL008785,2026-08-10,STR002,PRD009,5,299.0,1495.0
SAL008786,2026-08-10,STR002,PRD010,2,1299.0,2598.0
SAL008787,2026-08-10,STR002,PRD012,2,199.0,398.0
SAL008788,2026-08-10,STR002,PRD013,2,249.0,498.0
SAL008789,2026-08-10,STR002,PRD014,1,899.0,899.0
SAL008790,2026-08-10,STR002,PRD015,2,449.0,898.0
SAL008791,2026-08-10,STR002,PRD017,1,649.0,649.0
SAL008792,2026-08-10,STR002,PRD023,5,1299.0,6495.0
SAL008793,2026-08-10,STR002,PRD024,2,1499.0,2998.0
SAL008794,2026-08-10,STR002,PRD026,7,299.0,2093.0
SAL008795,2026-08-10,STR002,PRD027,3,179.0,537.0
SAL008796,2026-08-10,STR002,PRD028,5,499.0,2495.0
SAL008797,2026-08-10,STR002,PRD030,7,199.0,1393.0
SAL008798,2026-08-10,STR002,PRD033,2,849.0,1698.0
SAL008799,2026-08-10,STR002,PRD034,1,399.0,399.0
SAL008800,2026-08-10,STR002,PRD036,6,329.0,1974.0
SAL008801,2026-08-10,STR002,PRD038,3,429.0,1287.0
SAL008802,2026-08-10,STR002,PRD039,3,299.0,897.0
SAL008803,2026-08-10,STR002,PRD040,7,249.0,1743.0
SAL008804,2026-08-10,STR003,PRD001,5,599.0,2995.0
SAL008805,2026-08-10,STR003,PRD002,1,2899.0,2899.0
SAL008806,2026-08-10,STR003,PRD003,4,3499.0,13996.0
SAL008807,2026-08-10,STR003,PRD004,3,1199.0,3597.0
SAL008808,2026-08-10,STR003,PRD005,2,2299.0,4598.0
SAL008809,2026-08-10,STR003,PRD006,1,1799.0,1799.0
SAL008810,2026-08-10,STR003,PRD007,4,1999.0,7996.0
SAL008811,2026-08-10,STR003,PRD008,4,1499.0,5996.0
SAL008812,2026-08-10,STR003,PRD009,3,299.0,897.0
SAL008813,2026-08-10,STR003,PRD012,1,199.0,199.0
SAL008814,2026-08-10,STR003,PRD013,2,249.0,498.0
SAL008815,2026-08-10,STR003,PRD015,2,449.0,898.0
SAL008816,2026-08-10,STR003,PRD016,4,1199.0,4796.0
SAL008817,2026-08-10,STR003,PRD018,3,899.0,2697.0
SAL008818,2026-08-10,STR003,PRD020,3,1499.0,4497.0
SAL008819,2026-08-10,STR003,PRD021,4,1099.0,4396.0
SAL008820,2026-08-10,STR003,PRD023,1,1299.0,1299.0
SAL008821,2026-08-10,STR003,PRD024,2,1499.0,2998.0
SAL008822,2026-08-10,STR003,PRD025,2,1899.0,3798.0
SAL008823,2026-08-10,STR003,PRD027,3,179.0,537.0
SAL008824,2026-08-10,STR003,PRD028,2,499.0,998.0
SAL008825,2026-08-10,STR003,PRD029,4,349.0,1396.0
SAL008826,2026-08-10,STR003,PRD030,4,199.0,796.0
SAL008827,2026-08-10,STR003,PRD031,3,999.0,2997.0
SAL008828,2026-08-10,STR003,PRD034,1,399.0,399.0
SAL008829,2026-08-10,STR003,PRD036,5,329.0,1645.0
SAL008830,2026-08-10,STR003,PRD037,1,379.0,379.0
SAL008831,2026-08-10,STR003,PRD038,4,429.0,1716.0
SAL008832,2026-08-10,STR003,PRD039,5,299.0,1495.0
SAL008833,2026-08-10,STR003,PRD040,4,249.0,996.0
SAL008834,2026-08-10,STR004,PRD001,5,599.0,2995.0
SAL008835,2026-08-10,STR004,PRD002,2,2899.0,5798.0
SAL008836,2026-08-10,STR004,PRD003,2,3499.0,6998.0
SAL008837,2026-08-10,STR004,PRD004,4,1199.0,4796.0
SAL008838,2026-08-10,STR004,PRD006,2,1799.0,3598.0
SAL008839,2026-08-10,STR004,PRD009,6,299.0,1794.0
SAL008840,2026-08-10,STR004,PRD011,4,1599.0,6396.0
SAL008841,2026-08-10,STR004,PRD012,3,199.0,597.0
SAL008842,2026-08-10,STR004,PRD013,2,249.0,498.0
SAL008843,2026-08-10,STR004,PRD015,1,449.0,449.0
SAL008844,2026-08-10,STR004,PRD016,1,1199.0,1199.0
SAL008845,2026-08-10,STR004,PRD017,2,649.0,1298.0
SAL008846,2026-08-10,STR004,PRD020,1,1499.0,1499.0
SAL008847,2026-08-10,STR004,PRD021,2,1099.0,2198.0
SAL008848,2026-08-10,STR004,PRD023,2,1299.0,2598.0
SAL008849,2026-08-10,STR004,PRD026,3,299.0,897.0
SAL008850,2026-08-10,STR004,PRD027,1,179.0,179.0
SAL008851,2026-08-10,STR004,PRD028,3,499.0,1497.0
SAL008852,2026-08-10,STR004,PRD030,3,199.0,597.0
SAL008853,2026-08-10,STR004,PRD031,2,999.0,1998.0
SAL008854,2026-08-10,STR004,PRD034,3,399.0,1197.0
SAL008855,2026-08-10,STR004,PRD035,1,449.0,449.0
SAL008856,2026-08-10,STR004,PRD036,2,329.0,658.0
SAL008857,2026-08-10,STR004,PRD038,2,429.0,858.0
SAL008858,2026-08-10,STR004,PRD039,3,299.0,897.0
SAL008859,2026-08-10,STR004,PRD040,3,249.0,747.0
SAL008860,2026-08-11,STR001,PRD001,5,599.0,2995.0
SAL008861,2026-08-11,STR001,PRD002,1,2899.0,2899.0
SAL008862,2026-08-11,STR001,PRD003,1,3499.0,3499.0
SAL008863,2026-08-11,STR001,PRD004,6,1199.0,7194.0
SAL008864,2026-08-11,STR001,PRD006,4,1799.0,7196.0
SAL008865,2026-08-11,STR001,PRD007,1,1999.0,1999.0
SAL008866,2026-08-11,STR001,PRD008,3,1499.0,4497.0
SAL008867,2026-08-11,STR001,PRD009,2,299.0,598.0
SAL008868,2026-08-11,STR001,PRD010,6,1299.0,7794.0
SAL008869,2026-08-11,STR001,PRD011,3,1599.0,4797.0
SAL008870,2026-08-11,STR001,PRD012,4,199.0,796.0
SAL008871,2026-08-11,STR001,PRD016,3,1199.0,3597.0
SAL008872,2026-08-11,STR001,PRD018,1,899.0,899.0
SAL008873,2026-08-11,STR001,PRD019,1,1399.0,1399.0
SAL008874,2026-08-11,STR001,PRD020,4,1499.0,5996.0
SAL008875,2026-08-11,STR001,PRD024,1,1499.0,1499.0
SAL008876,2026-08-11,STR001,PRD025,4,1899.0,7596.0
SAL008877,2026-08-11,STR001,PRD026,7,299.0,2093.0
SAL008878,2026-08-11,STR001,PRD027,2,179.0,358.0
SAL008879,2026-08-11,STR001,PRD030,4,199.0,796.0
SAL008880,2026-08-11,STR001,PRD035,4,449.0,1796.0
SAL008881,2026-08-11,STR001,PRD036,5,329.0,1645.0
SAL008882,2026-08-11,STR001,PRD037,4,379.0,1516.0
SAL008883,2026-08-11,STR001,PRD039,4,299.0,1196.0
SAL008884,2026-08-11,STR001,PRD040,5,249.0,1245.0
SAL008885,2026-08-11,STR002,PRD001,6,599.0,3594.0
SAL008886,2026-08-11,STR002,PRD002,1,2899.0,2899.0
SAL008887,2026-08-11,STR002,PRD004,2,1199.0,2398.0
SAL008888,2026-08-11,STR002,PRD008,1,1499.0,1499.0
SAL008889,2026-08-11,STR002,PRD009,7,299.0,2093.0
SAL008890,2026-08-11,STR002,PRD010,1,1299.0,1299.0
SAL008891,2026-08-11,STR002,PRD011,1,1599.0,1599.0
SAL008892,2026-08-11,STR002,PRD012,5,199.0,995.0
SAL008893,2026-08-11,STR002,PRD013,5,249.0,1245.0
SAL008894,2026-08-11,STR002,PRD015,2,449.0,898.0
SAL008895,2026-08-11,STR002,PRD016,2,1199.0,2398.0
SAL008896,2026-08-11,STR002,PRD018,2,899.0,1798.0
SAL008897,2026-08-11,STR002,PRD020,2,1499.0,2998.0
SAL008898,2026-08-11,STR002,PRD021,3,1099.0,3297.0
SAL008899,2026-08-11,STR002,PRD023,2,1299.0,2598.0
SAL008900,2026-08-11,STR002,PRD025,3,1899.0,5697.0
SAL008901,2026-08-11,STR002,PRD026,7,299.0,2093.0
SAL008902,2026-08-11,STR002,PRD027,1,179.0,179.0
SAL008903,2026-08-11,STR002,PRD028,1,499.0,499.0
SAL008904,2026-08-11,STR002,PRD029,3,349.0,1047.0
SAL008905,2026-08-11,STR002,PRD030,3,199.0,597.0
SAL008906,2026-08-11,STR002,PRD034,2,399.0,798.0
SAL008907,2026-08-11,STR002,PRD036,3,329.0,987.0
SAL008908,2026-08-11,STR002,PRD037,3,379.0,1137.0
SAL008909,2026-08-11,STR002,PRD039,6,299.0,1794.0
SAL008910,2026-08-11,STR002,PRD040,3,249.0,747.0
SAL008911,2026-08-11,STR003,PRD001,5,599.0,2995.0
SAL008912,2026-08-11,STR003,PRD003,3,3499.0,10497.0
SAL008913,2026-08-11,STR003,PRD004,7,1199.0,8393.0
SAL008914,2026-08-11,STR003,PRD008,1,1499.0,1499.0
SAL008915,2026-08-11,STR003,PRD011,2,1599.0,3198.0
SAL008916,2026-08-11,STR003,PRD012,1,199.0,199.0
SAL008917,2026-08-11,STR003,PRD015,4,449.0,1796.0
SAL008918,2026-08-11,STR003,PRD017,4,649.0,2596.0
SAL008919,2026-08-11,STR003,PRD018,1,899.0,899.0
SAL008920,2026-08-11,STR003,PRD023,2,1299.0,2598.0
SAL008921,2026-08-11,STR003,PRD024,3,1499.0,4497.0
SAL008922,2026-08-11,STR003,PRD025,3,1899.0,5697.0
SAL008923,2026-08-11,STR003,PRD026,3,299.0,897.0
SAL008924,2026-08-11,STR003,PRD027,3,179.0,537.0
SAL008925,2026-08-11,STR003,PRD029,4,349.0,1396.0
SAL008926,2026-08-11,STR003,PRD030,5,199.0,995.0
SAL008927,2026-08-11,STR003,PRD031,4,999.0,3996.0
SAL008928,2026-08-11,STR003,PRD034,3,399.0,1197.0
SAL008929,2026-08-11,STR003,PRD036,7,329.0,2303.0
SAL008930,2026-08-11,STR003,PRD037,1,379.0,379.0
SAL008931,2026-08-11,STR003,PRD038,4,429.0,1716.0
SAL008932,2026-08-11,STR003,PRD039,4,299.0,1196.0
SAL008933,2026-08-11,STR003,PRD040,5,249.0,1245.0
SAL008934,2026-08-11,STR004,PRD001,6,599.0,3594.0
SAL008935,2026-08-11,STR004,PRD002,4,2899.0,11596.0
SAL008936,2026-08-11,STR004,PRD003,3,3499.0,10497.0
SAL008937,2026-08-11,STR004,PRD005,3,2299.0,6897.0
SAL008938,2026-08-11,STR004,PRD006,4,1799.0,7196.0
SAL008939,2026-08-11,STR004,PRD011,2,1599.0,3198.0
SAL008940,2026-08-11,STR004,PRD016,3,1199.0,3597.0
SAL008941,2026-08-11,STR004,PRD018,3,899.0,2697.0
SAL008942,2026-08-11,STR004,PRD019,2,1399.0,2798.0
SAL008943,2026-08-11,STR004,PRD023,2,1299.0,2598.0
SAL008944,2026-08-11,STR004,PRD024,4,1499.0,5996.0
SAL008945,2026-08-11,STR004,PRD025,1,1899.0,1899.0
SAL008946,2026-08-11,STR004,PRD026,4,299.0,1196.0
SAL008947,2026-08-11,STR004,PRD029,2,349.0,698.0
SAL008948,2026-08-11,STR004,PRD030,6,199.0,1194.0
SAL008949,2026-08-11,STR004,PRD031,1,999.0,999.0
SAL008950,2026-08-11,STR004,PRD033,1,849.0,849.0
SAL008951,2026-08-11,STR004,PRD034,4,399.0,1596.0
SAL008952,2026-08-11,STR004,PRD036,3,329.0,987.0
SAL008953,2026-08-11,STR004,PRD038,2,429.0,858.0
SAL008954,2026-08-11,STR004,PRD039,6,299.0,1794.0
SAL008955,2026-08-11,STR004,PRD040,4,249.0,996.0
SAL008956,2026-08-12,STR001,PRD001,7,599.0,4193.0
SAL008957,2026-08-12,STR001,PRD003,4,3499.0,13996.0
SAL008958,2026-08-12,STR001,PRD004,3,1199.0,3597.0
SAL008959,2026-08-12,STR001,PRD005,1,2299.0,2299.0
SAL008960,2026-08-12,STR001,PRD009,5,299.0,1495.0
SAL008961,2026-08-12,STR001,PRD010,4,1299.0,5196.0
SAL008962,2026-08-12,STR001,PRD011,2,1599.0,3198.0
SAL008963,2026-08-12,STR001,PRD014,1,899.0,899.0
SAL008964,2026-08-12,STR001,PRD017,3,649.0,1947.0
SAL008965,2026-08-12,STR001,PRD018,2,899.0,1798.0
SAL008966,2026-08-12,STR001,PRD021,2,1099.0,2198.0
SAL008967,2026-08-12,STR001,PRD023,4,1299.0,5196.0
SAL008968,2026-08-12,STR001,PRD024,2,1499.0,2998.0
SAL008969,2026-08-12,STR001,PRD026,6,299.0,1794.0
SAL008970,2026-08-12,STR001,PRD027,1,179.0,179.0
SAL008971,2026-08-12,STR001,PRD029,3,349.0,1047.0
SAL008972,2026-08-12,STR001,PRD030,4,199.0,796.0
SAL008973,2026-08-12,STR001,PRD035,8,449.0,3592.0
SAL008974,2026-08-12,STR001,PRD038,1,429.0,429.0
SAL008975,2026-08-12,STR001,PRD039,3,299.0,897.0
SAL008976,2026-08-12,STR001,PRD040,6,249.0,1494.0
SAL008977,2026-08-12,STR002,PRD001,2,599.0,1198.0
SAL008978,2026-08-12,STR002,PRD004,8,1199.0,9592.0
SAL008979,2026-08-12,STR002,PRD007,1,1999.0,1999.0
SAL008980,2026-08-12,STR002,PRD008,1,1499.0,1499.0
SAL008981,2026-08-12,STR002,PRD009,7,299.0,2093.0
SAL008982,2026-08-12,STR002,PRD013,1,249.0,249.0
SAL008983,2026-08-12,STR002,PRD014,1,899.0,899.0
SAL008984,2026-08-12,STR002,PRD015,1,449.0,449.0
SAL008985,2026-08-12,STR002,PRD016,1,1199.0,1199.0
SAL008986,2026-08-12,STR002,PRD017,1,649.0,649.0
SAL008987,2026-08-12,STR002,PRD018,2,899.0,1798.0
SAL008988,2026-08-12,STR002,PRD020,2,1499.0,2998.0
SAL008989,2026-08-12,STR002,PRD022,1,599.0,599.0
SAL008990,2026-08-12,STR002,PRD023,2,1299.0,2598.0
SAL008991,2026-08-12,STR002,PRD024,5,1499.0,7495.0
SAL008992,2026-08-12,STR002,PRD025,1,1899.0,1899.0
SAL008993,2026-08-12,STR002,PRD026,7,299.0,2093.0
SAL008994,2026-08-12,STR002,PRD028,1,499.0,499.0
SAL008995,2026-08-12,STR002,PRD029,3,349.0,1047.0
SAL008996,2026-08-12,STR002,PRD030,6,199.0,1194.0
SAL008997,2026-08-12,STR002,PRD031,5,999.0,4995.0
SAL008998,2026-08-12,STR002,PRD033,1,849.0,849.0
SAL008999,2026-08-12,STR002,PRD034,5,399.0,1995.0
SAL009000,2026-08-12,STR002,PRD036,6,329.0,1974.0
SAL009001,2026-08-12,STR002,PRD038,2,429.0,858.0
SAL009002,2026-08-12,STR002,PRD039,2,299.0,598.0
SAL009003,2026-08-12,STR002,PRD040,2,249.0,498.0
SAL009004,2026-08-12,STR003,PRD001,5,599.0,2995.0
SAL009005,2026-08-12,STR003,PRD002,4,2899.0,11596.0
SAL009006,2026-08-12,STR003,PRD003,4,3499.0,13996.0
SAL009007,2026-08-12,STR003,PRD004,5,1199.0,5995.0
SAL009008,2026-08-12,STR003,PRD005,3,2299.0,6897.0
SAL009009,2026-08-12,STR003,PRD009,2,299.0,598.0
SAL009010,2026-08-12,STR003,PRD011,3,1599.0,4797.0
SAL009011,2026-08-12,STR003,PRD013,2,249.0,498.0
SAL009012,2026-08-12,STR003,PRD015,1,449.0,449.0
SAL009013,2026-08-12,STR003,PRD016,4,1199.0,4796.0
SAL009014,2026-08-12,STR003,PRD017,2,649.0,1298.0
SAL009015,2026-08-12,STR003,PRD018,1,899.0,899.0
SAL009016,2026-08-12,STR003,PRD020,2,1499.0,2998.0
SAL009017,2026-08-12,STR003,PRD021,2,1099.0,2198.0
SAL009018,2026-08-12,STR003,PRD023,2,1299.0,2598.0
SAL009019,2026-08-12,STR003,PRD024,4,1499.0,5996.0
SAL009020,2026-08-12,STR003,PRD025,1,1899.0,1899.0
SAL009021,2026-08-12,STR003,PRD026,4,299.0,1196.0
SAL009022,2026-08-12,STR003,PRD027,3,179.0,537.0
SAL009023,2026-08-12,STR003,PRD029,4,349.0,1396.0
SAL009024,2026-08-12,STR003,PRD030,3,199.0,597.0
SAL009025,2026-08-12,STR003,PRD031,2,999.0,1998.0
SAL009026,2026-08-12,STR003,PRD032,2,699.0,1398.0
SAL009027,2026-08-12,STR003,PRD033,2,849.0,1698.0
SAL009028,2026-08-12,STR003,PRD034,4,399.0,1596.0
SAL009029,2026-08-12,STR003,PRD036,7,329.0,2303.0
SAL009030,2026-08-12,STR003,PRD037,3,379.0,1137.0
SAL009031,2026-08-12,STR003,PRD038,3,429.0,1287.0
SAL009032,2026-08-12,STR003,PRD039,7,299.0,2093.0
SAL009033,2026-08-12,STR003,PRD040,4,249.0,996.0
SAL009034,2026-08-12,STR004,PRD001,6,599.0,3594.0
SAL009035,2026-08-12,STR004,PRD002,3,2899.0,8697.0
SAL009036,2026-08-12,STR004,PRD003,2,3499.0,6998.0
SAL009037,2026-08-12,STR004,PRD004,6,1199.0,7194.0
SAL009038,2026-08-12,STR004,PRD005,1,2299.0,2299.0
SAL009039,2026-08-12,STR004,PRD007,1,1999.0,1999.0
SAL009040,2026-08-12,STR004,PRD008,1,1499.0,1499.0
SAL009041,2026-08-12,STR004,PRD009,3,299.0,897.0
SAL009042,2026-08-12,STR004,PRD012,4,199.0,796.0
SAL009043,2026-08-12,STR004,PRD017,3,649.0,1947.0
SAL009044,2026-08-12,STR004,PRD018,1,899.0,899.0
SAL009045,2026-08-12,STR004,PRD020,4,1499.0,5996.0
SAL009046,2026-08-12,STR004,PRD021,1,1099.0,1099.0
SAL009047,2026-08-12,STR004,PRD022,1,599.0,599.0
SAL009048,2026-08-12,STR004,PRD023,1,1299.0,1299.0
SAL009049,2026-08-12,STR004,PRD026,3,299.0,897.0
SAL009050,2026-08-12,STR004,PRD027,3,179.0,537.0
SAL009051,2026-08-12,STR004,PRD031,4,999.0,3996.0
SAL009052,2026-08-12,STR004,PRD034,4,399.0,1596.0
SAL009053,2026-08-12,STR004,PRD035,2,449.0,898.0
SAL009054,2026-08-12,STR004,PRD039,5,299.0,1495.0
SAL009055,2026-08-12,STR004,PRD040,6,249.0,1494.0
SAL009056,2026-08-13,STR001,PRD001,5,599.0,2995.0
SAL009057,2026-08-13,STR001,PRD002,4,2899.0,11596.0
SAL009058,2026-08-13,STR001,PRD003,1,3499.0,3499.0
SAL009059,2026-08-13,STR001,PRD004,7,1199.0,8393.0
SAL009060,2026-08-13,STR001,PRD006,2,1799.0,3598.0
SAL009061,2026-08-13,STR001,PRD009,6,299.0,1794.0
SAL009062,2026-08-13,STR001,PRD010,5,1299.0,6495.0
SAL009063,2026-08-13,STR001,PRD011,3,1599.0,4797.0
SAL009064,2026-08-13,STR001,PRD016,4,1199.0,4796.0
SAL009065,2026-08-13,STR001,PRD019,1,1399.0,1399.0
SAL009066,2026-08-13,STR001,PRD024,1,1499.0,1499.0
SAL009067,2026-08-13,STR001,PRD025,3,1899.0,5697.0
SAL009068,2026-08-13,STR001,PRD026,3,299.0,897.0
SAL009069,2026-08-13,STR001,PRD027,1,179.0,179.0
SAL009070,2026-08-13,STR001,PRD030,2,199.0,398.0
SAL009071,2026-08-13,STR001,PRD034,1,399.0,399.0
SAL009072,2026-08-13,STR001,PRD035,5,449.0,2245.0
SAL009073,2026-08-13,STR001,PRD036,2,329.0,658.0
SAL009074,2026-08-13,STR001,PRD037,2,379.0,758.0
SAL009075,2026-08-13,STR001,PRD038,2,429.0,858.0
SAL009076,2026-08-13,STR001,PRD039,5,299.0,1495.0
SAL009077,2026-08-13,STR002,PRD001,7,599.0,4193.0
SAL009078,2026-08-13,STR002,PRD003,3,3499.0,10497.0
SAL009079,2026-08-13,STR002,PRD004,7,1199.0,8393.0
SAL009080,2026-08-13,STR002,PRD006,1,1799.0,1799.0
SAL009081,2026-08-13,STR002,PRD008,5,1499.0,7495.0
SAL009082,2026-08-13,STR002,PRD009,2,299.0,598.0
SAL009083,2026-08-13,STR002,PRD011,5,1599.0,7995.0
SAL009084,2026-08-13,STR002,PRD013,3,249.0,747.0
SAL009085,2026-08-13,STR002,PRD015,2,449.0,898.0
SAL009086,2026-08-13,STR002,PRD016,2,1199.0,2398.0
SAL009087,2026-08-13,STR002,PRD017,5,649.0,3245.0
SAL009088,2026-08-13,STR002,PRD020,3,1499.0,4497.0
SAL009089,2026-08-13,STR002,PRD021,2,1099.0,2198.0
SAL009090,2026-08-13,STR002,PRD023,3,1299.0,3897.0
SAL009091,2026-08-13,STR002,PRD026,8,299.0,2392.0
SAL009092,2026-08-13,STR002,PRD027,2,179.0,358.0
SAL009093,2026-08-13,STR002,PRD029,1,349.0,349.0
SAL009094,2026-08-13,STR002,PRD030,8,199.0,1592.0
SAL009095,2026-08-13,STR002,PRD032,2,699.0,1398.0
SAL009096,2026-08-13,STR002,PRD034,5,399.0,1995.0
SAL009097,2026-08-13,STR002,PRD036,7,329.0,2303.0
SAL009098,2026-08-13,STR002,PRD037,3,379.0,1137.0
SAL009099,2026-08-13,STR002,PRD038,2,429.0,858.0
SAL009100,2026-08-13,STR002,PRD039,2,299.0,598.0
SAL009101,2026-08-13,STR002,PRD040,8,249.0,1992.0
SAL009102,2026-08-13,STR003,PRD001,2,599.0,1198.0
SAL009103,2026-08-13,STR003,PRD004,3,1199.0,3597.0
SAL009104,2026-08-13,STR003,PRD005,2,2299.0,4598.0
SAL009105,2026-08-13,STR003,PRD008,2,1499.0,2998.0
SAL009106,2026-08-13,STR003,PRD009,2,299.0,598.0
SAL009107,2026-08-13,STR003,PRD011,1,1599.0,1599.0
SAL009108,2026-08-13,STR003,PRD013,2,249.0,498.0
SAL009109,2026-08-13,STR003,PRD014,2,899.0,1798.0
SAL009110,2026-08-13,STR003,PRD015,1,449.0,449.0
SAL009111,2026-08-13,STR003,PRD017,1,649.0,649.0
SAL009112,2026-08-13,STR003,PRD018,3,899.0,2697.0
SAL009113,2026-08-13,STR003,PRD020,3,1499.0,4497.0
SAL009114,2026-08-13,STR003,PRD021,2,1099.0,2198.0
SAL009115,2026-08-13,STR003,PRD023,2,1299.0,2598.0
SAL009116,2026-08-13,STR003,PRD024,3,1499.0,4497.0
SAL009117,2026-08-13,STR003,PRD026,5,299.0,1495.0
SAL009118,2026-08-13,STR003,PRD027,2,179.0,358.0
SAL009119,2026-08-13,STR003,PRD029,1,349.0,349.0
SAL009120,2026-08-13,STR003,PRD030,2,199.0,398.0
SAL009121,2026-08-13,STR003,PRD031,2,999.0,1998.0
SAL009122,2026-08-13,STR003,PRD034,3,399.0,1197.0
SAL009123,2026-08-13,STR003,PRD039,4,299.0,1196.0
SAL009124,2026-08-13,STR004,PRD001,2,599.0,1198.0
SAL009125,2026-08-13,STR004,PRD002,3,2899.0,8697.0
SAL009126,2026-08-13,STR004,PRD007,1,1999.0,1999.0
SAL009127,2026-08-13,STR004,PRD008,2,1499.0,2998.0
SAL009128,2026-08-13,STR004,PRD009,6,299.0,1794.0
SAL009129,2026-08-13,STR004,PRD012,1,199.0,199.0
SAL009130,2026-08-13,STR004,PRD014,2,899.0,1798.0
SAL009131,2026-08-13,STR004,PRD016,4,1199.0,4796.0
SAL009132,2026-08-13,STR004,PRD018,1,899.0,899.0
SAL009133,2026-08-13,STR004,PRD020,4,1499.0,5996.0
SAL009134,2026-08-13,STR004,PRD021,1,1099.0,1099.0
SAL009135,2026-08-13,STR004,PRD023,2,1299.0,2598.0
SAL009136,2026-08-13,STR004,PRD025,2,1899.0,3798.0
SAL009137,2026-08-13,STR004,PRD026,3,299.0,897.0
SAL009138,2026-08-13,STR004,PRD027,3,179.0,537.0
SAL009139,2026-08-13,STR004,PRD028,1,499.0,499.0
SAL009140,2026-08-13,STR004,PRD030,3,199.0,597.0
SAL009141,2026-08-13,STR004,PRD031,4,999.0,3996.0
SAL009142,2026-08-13,STR004,PRD032,1,699.0,699.0
SAL009143,2026-08-13,STR004,PRD033,2,849.0,1698.0
SAL009144,2026-08-13,STR004,PRD034,1,399.0,399.0
SAL009145,2026-08-13,STR004,PRD036,5,329.0,1645.0
SAL009146,2026-08-13,STR004,PRD038,4,429.0,1716.0
SAL009147,2026-08-13,STR004,PRD040,3,249.0,747.0
SAL009148,2026-08-14,STR001,PRD001,7,599.0,4193.0
SAL009149,2026-08-14,STR001,PRD002,1,2899.0,2899.0
SAL009150,2026-08-14,STR001,PRD003,2,3499.0,6998.0
SAL009151,2026-08-14,STR001,PRD004,6,1199.0,7194.0
SAL009152,2026-08-14,STR001,PRD005,1,2299.0,2299.0
SAL009153,2026-08-14,STR001,PRD006,4,1799.0,7196.0
SAL009154,2026-08-14,STR001,PRD008,3,1499.0,4497.0
SAL009155,2026-08-14,STR001,PRD010,7,1299.0,9093.0
SAL009156,2026-08-14,STR001,PRD011,2,1599.0,3198.0
SAL009157,2026-08-14,STR001,PRD013,1,249.0,249.0
SAL009158,2026-08-14,STR001,PRD018,2,899.0,1798.0
SAL009159,2026-08-14,STR001,PRD019,2,1399.0,2798.0
SAL009160,2026-08-14,STR001,PRD020,2,1499.0,2998.0
SAL009161,2026-08-14,STR001,PRD023,3,1299.0,3897.0
SAL009162,2026-08-14,STR001,PRD025,1,1899.0,1899.0
SAL009163,2026-08-14,STR001,PRD026,5,299.0,1495.0
SAL009164,2026-08-14,STR001,PRD027,1,179.0,179.0
SAL009165,2026-08-14,STR001,PRD029,4,349.0,1396.0
SAL009166,2026-08-14,STR001,PRD030,7,199.0,1393.0
SAL009167,2026-08-14,STR001,PRD031,1,999.0,999.0
SAL009168,2026-08-14,STR001,PRD032,1,699.0,699.0
SAL009169,2026-08-14,STR001,PRD035,8,449.0,3592.0
SAL009170,2026-08-14,STR001,PRD039,5,299.0,1495.0
SAL009171,2026-08-14,STR002,PRD001,8,599.0,4792.0
SAL009172,2026-08-14,STR002,PRD002,2,2899.0,5798.0
SAL009173,2026-08-14,STR002,PRD004,2,1199.0,2398.0
SAL009174,2026-08-14,STR002,PRD006,1,1799.0,1799.0
SAL009175,2026-08-14,STR002,PRD007,1,1999.0,1999.0
SAL009176,2026-08-14,STR002,PRD009,5,299.0,1495.0
SAL009177,2026-08-14,STR002,PRD010,1,1299.0,1299.0
SAL009178,2026-08-14,STR002,PRD011,3,1599.0,4797.0
SAL009179,2026-08-14,STR002,PRD012,2,199.0,398.0
SAL009180,2026-08-14,STR002,PRD013,2,249.0,498.0
SAL009181,2026-08-14,STR002,PRD015,1,449.0,449.0
SAL009182,2026-08-14,STR002,PRD017,2,649.0,1298.0
SAL009183,2026-08-14,STR002,PRD019,2,1399.0,2798.0
SAL009184,2026-08-14,STR002,PRD021,2,1099.0,2198.0
SAL009185,2026-08-14,STR002,PRD026,5,299.0,1495.0
SAL009186,2026-08-14,STR002,PRD029,5,349.0,1745.0
SAL009187,2026-08-14,STR002,PRD033,2,849.0,1698.0
SAL009188,2026-08-14,STR002,PRD034,1,399.0,399.0
SAL009189,2026-08-14,STR002,PRD036,5,329.0,1645.0
SAL009190,2026-08-14,STR002,PRD037,3,379.0,1137.0
SAL009191,2026-08-14,STR002,PRD039,6,299.0,1794.0
SAL009192,2026-08-14,STR002,PRD040,8,249.0,1992.0
SAL009193,2026-08-14,STR003,PRD001,5,599.0,2995.0
SAL009194,2026-08-14,STR003,PRD003,3,3499.0,10497.0
SAL009195,2026-08-14,STR003,PRD004,4,1199.0,4796.0
SAL009196,2026-08-14,STR003,PRD005,2,2299.0,4598.0
SAL009197,2026-08-14,STR003,PRD012,2,199.0,398.0
SAL009198,2026-08-14,STR003,PRD015,3,449.0,1347.0
SAL009199,2026-08-14,STR003,PRD016,2,1199.0,2398.0
SAL009200,2026-08-14,STR003,PRD024,4,1499.0,5996.0
SAL009201,2026-08-14,STR003,PRD026,3,299.0,897.0
SAL009202,2026-08-14,STR003,PRD027,4,179.0,716.0
SAL009203,2026-08-14,STR003,PRD029,1,349.0,349.0
SAL009204,2026-08-14,STR003,PRD033,2,849.0,1698.0
SAL009205,2026-08-14,STR003,PRD036,7,329.0,2303.0
SAL009206,2026-08-14,STR003,PRD037,2,379.0,758.0
SAL009207,2026-08-14,STR003,PRD039,6,299.0,1794.0
SAL009208,2026-08-14,STR003,PRD040,6,249.0,1494.0
SAL009209,2026-08-14,STR004,PRD001,2,599.0,1198.0
SAL009210,2026-08-14,STR004,PRD004,2,1199.0,2398.0
SAL009211,2026-08-14,STR004,PRD005,3,2299.0,6897.0
SAL009212,2026-08-14,STR004,PRD006,2,1799.0,3598.0
SAL009213,2026-08-14,STR004,PRD008,2,1499.0,2998.0
SAL009214,2026-08-14,STR004,PRD009,2,299.0,598.0
SAL009215,2026-08-14,STR004,PRD010,1,1299.0,1299.0
SAL009216,2026-08-14,STR004,PRD011,2,1599.0,3198.0
SAL009217,2026-08-14,STR004,PRD016,2,1199.0,2398.0
SAL009218,2026-08-14,STR004,PRD021,1,1099.0,1099.0
SAL009219,2026-08-14,STR004,PRD024,2,1499.0,2998.0
SAL009220,2026-08-14,STR004,PRD025,3,1899.0,5697.0
SAL009221,2026-08-14,STR004,PRD026,2,299.0,598.0
SAL009222,2026-08-14,STR004,PRD030,4,199.0,796.0
SAL009223,2026-08-14,STR004,PRD031,2,999.0,1998.0
SAL009224,2026-08-14,STR004,PRD033,1,849.0,849.0
SAL009225,2026-08-14,STR004,PRD034,1,399.0,399.0
SAL009226,2026-08-14,STR004,PRD035,2,449.0,898.0
SAL009227,2026-08-14,STR004,PRD036,7,329.0,2303.0
SAL009228,2026-08-14,STR004,PRD039,5,299.0,1495.0
SAL009229,2026-08-14,STR004,PRD040,4,249.0,996.0
SAL009230,2026-08-15,STR001,PRD001,9,599.0,5391.0
SAL009231,2026-08-15,STR001,PRD003,3,3499.0,10497.0
SAL009232,2026-08-15,STR001,PRD004,5,1199.0,5995.0
SAL009233,2026-08-15,STR001,PRD006,3,1799.0,5397.0
SAL009234,2026-08-15,STR001,PRD008,5,1499.0,7495.0
SAL009235,2026-08-15,STR001,PRD009,4,299.0,1196.0
SAL009236,2026-08-15,STR001,PRD010,9,1299.0,11691.0
SAL009237,2026-08-15,STR001,PRD013,1,249.0,249.0
SAL009238,2026-08-15,STR001,PRD015,3,449.0,1347.0
SAL009239,2026-08-15,STR001,PRD018,3,899.0,2697.0
SAL009240,2026-08-15,STR001,PRD020,5,1499.0,7495.0
SAL009241,2026-08-15,STR001,PRD026,3,299.0,897.0
SAL009242,2026-08-15,STR001,PRD027,4,179.0,716.0
SAL009243,2026-08-15,STR001,PRD029,3,349.0,1047.0
SAL009244,2026-08-15,STR001,PRD030,9,199.0,1791.0
SAL009245,2026-08-15,STR001,PRD031,5,999.0,4995.0
SAL009246,2026-08-15,STR001,PRD032,1,699.0,699.0
SAL009247,2026-08-15,STR001,PRD034,5,399.0,1995.0
SAL009248,2026-08-15,STR001,PRD035,9,449.0,4041.0
SAL009249,2026-08-15,STR001,PRD036,3,329.0,987.0
SAL009250,2026-08-15,STR001,PRD038,1,429.0,429.0
SAL009251,2026-08-15,STR001,PRD039,7,299.0,2093.0
SAL009252,2026-08-15,STR001,PRD040,7,249.0,1743.0
SAL009253,2026-08-15,STR002,PRD001,10,599.0,5990.0
SAL009254,2026-08-15,STR002,PRD002,6,2899.0,17394.0
SAL009255,2026-08-15,STR002,PRD003,1,3499.0,3499.0
SAL009256,2026-08-15,STR002,PRD004,7,1199.0,8393.0
SAL009257,2026-08-15,STR002,PRD005,3,2299.0,6897.0
SAL009258,2026-08-15,STR002,PRD006,6,1799.0,10794.0
SAL009259,2026-08-15,STR002,PRD008,1,1499.0,1499.0
SAL009260,2026-08-15,STR002,PRD009,4,299.0,1196.0
SAL009261,2026-08-15,STR002,PRD010,3,1299.0,3897.0
SAL009262,2026-08-15,STR002,PRD011,3,1599.0,4797.0
SAL009263,2026-08-15,STR002,PRD013,1,249.0,249.0
SAL009264,2026-08-15,STR002,PRD015,1,449.0,449.0
SAL009265,2026-08-15,STR002,PRD016,1,1199.0,1199.0
SAL009266,2026-08-15,STR002,PRD020,3,1499.0,4497.0
SAL009267,2026-08-15,STR002,PRD023,3,1299.0,3897.0
SAL009268,2026-08-15,STR002,PRD025,3,1899.0,5697.0
SAL009269,2026-08-15,STR002,PRD027,3,179.0,537.0
SAL009270,2026-08-15,STR002,PRD029,1,349.0,349.0
SAL009271,2026-08-15,STR002,PRD030,6,199.0,1194.0
SAL009272,2026-08-15,STR002,PRD032,3,699.0,2097.0
SAL009273,2026-08-15,STR002,PRD034,4,399.0,1596.0
SAL009274,2026-08-15,STR002,PRD036,6,329.0,1974.0
SAL009275,2026-08-15,STR002,PRD037,3,379.0,1137.0
SAL009276,2026-08-15,STR002,PRD039,4,299.0,1196.0
SAL009277,2026-08-15,STR002,PRD040,6,249.0,1494.0
SAL009278,2026-08-15,STR003,PRD001,5,599.0,2995.0
SAL009279,2026-08-15,STR003,PRD003,5,3499.0,17495.0
SAL009280,2026-08-15,STR003,PRD004,7,1199.0,8393.0
SAL009281,2026-08-15,STR003,PRD005,4,2299.0,9196.0
SAL009282,2026-08-15,STR003,PRD006,1,1799.0,1799.0
SAL009283,2026-08-15,STR003,PRD009,2,299.0,598.0
SAL009284,2026-08-15,STR003,PRD013,4,249.0,996.0
SAL009285,2026-08-15,STR003,PRD020,5,1499.0,7495.0
SAL009286,2026-08-15,STR003,PRD021,1,1099.0,1099.0
SAL009287,2026-08-15,STR003,PRD023,1,1299.0,1299.0
SAL009288,2026-08-15,STR003,PRD026,6,299.0,1794.0
SAL009289,2026-08-15,STR003,PRD031,2,999.0,1998.0
SAL009290,2026-08-15,STR003,PRD034,1,399.0,399.0
SAL009291,2026-08-15,STR003,PRD036,6,329.0,1974.0
SAL009292,2026-08-15,STR003,PRD037,2,379.0,758.0
SAL009293,2026-08-15,STR003,PRD038,2,429.0,858.0
SAL009294,2026-08-15,STR003,PRD039,2,299.0,598.0
SAL009295,2026-08-15,STR003,PRD040,6,249.0,1494.0
SAL009296,2026-08-15,STR004,PRD001,6,599.0,3594.0
SAL009297,2026-08-15,STR004,PRD002,5,2899.0,14495.0
SAL009298,2026-08-15,STR004,PRD003,1,3499.0,3499.0
SAL009299,2026-08-15,STR004,PRD004,7,1199.0,8393.0
SAL009300,2026-08-15,STR004,PRD006,1,1799.0,1799.0
SAL009301,2026-08-15,STR004,PRD008,1,1499.0,1499.0
SAL009302,2026-08-15,STR004,PRD009,4,299.0,1196.0
SAL009303,2026-08-15,STR004,PRD010,2,1299.0,2598.0
SAL009304,2026-08-15,STR004,PRD011,1,1599.0,1599.0
SAL009305,2026-08-15,STR004,PRD013,2,249.0,498.0
SAL009306,2026-08-15,STR004,PRD015,2,449.0,898.0
SAL009307,2026-08-15,STR004,PRD018,1,899.0,899.0
SAL009308,2026-08-15,STR004,PRD020,4,1499.0,5996.0
SAL009309,2026-08-15,STR004,PRD022,2,599.0,1198.0
SAL009310,2026-08-15,STR004,PRD023,5,1299.0,6495.0
SAL009311,2026-08-15,STR004,PRD025,1,1899.0,1899.0
SAL009312,2026-08-15,STR004,PRD026,7,299.0,2093.0
SAL009313,2026-08-15,STR004,PRD029,5,349.0,1745.0
SAL009314,2026-08-15,STR004,PRD030,5,199.0,995.0
SAL009315,2026-08-15,STR004,PRD034,5,399.0,1995.0
SAL009316,2026-08-15,STR004,PRD036,2,329.0,658.0
SAL009317,2026-08-15,STR004,PRD039,6,299.0,1794.0
SAL009318,2026-08-15,STR004,PRD040,2,249.0,498.0
SAL009319,2026-08-16,STR001,PRD001,5,599.0,2995.0
SAL009320,2026-08-16,STR001,PRD002,3,2899.0,8697.0
SAL009321,2026-08-16,STR001,PRD003,1,3499.0,3499.0
SAL009322,2026-08-16,STR001,PRD004,5,1199.0,5995.0
SAL009323,2026-08-16,STR001,PRD005,1,2299.0,2299.0
SAL009324,2026-08-16,STR001,PRD006,3,1799.0,5397.0
SAL009325,2026-08-16,STR001,PRD008,1,1499.0,1499.0
SAL009326,2026-08-16,STR001,PRD009,9,299.0,2691.0
SAL009327,2026-08-16,STR001,PRD010,5,1299.0,6495.0
SAL009328,2026-08-16,STR001,PRD013,5,249.0,1245.0
SAL009329,2026-08-16,STR001,PRD016,1,1199.0,1199.0
SAL009330,2026-08-16,STR001,PRD023,4,1299.0,5196.0
SAL009331,2026-08-16,STR001,PRD025,3,1899.0,5697.0
SAL009332,2026-08-16,STR001,PRD026,3,299.0,897.0
SAL009333,2026-08-16,STR001,PRD027,1,179.0,179.0
SAL009334,2026-08-16,STR001,PRD030,7,199.0,1393.0
SAL009335,2026-08-16,STR001,PRD034,4,399.0,1596.0
SAL009336,2026-08-16,STR001,PRD035,5,449.0,2245.0
SAL009337,2026-08-16,STR001,PRD036,9,329.0,2961.0
SAL009338,2026-08-16,STR001,PRD037,4,379.0,1516.0
SAL009339,2026-08-16,STR001,PRD038,3,429.0,1287.0
SAL009340,2026-08-16,STR001,PRD039,8,299.0,2392.0
SAL009341,2026-08-16,STR001,PRD040,3,249.0,747.0
SAL009342,2026-08-16,STR002,PRD003,4,3499.0,13996.0
SAL009343,2026-08-16,STR002,PRD004,6,1199.0,7194.0
SAL009344,2026-08-16,STR002,PRD005,3,2299.0,6897.0
SAL009345,2026-08-16,STR002,PRD006,6,1799.0,10794.0
SAL009346,2026-08-16,STR002,PRD007,1,1999.0,1999.0
SAL009347,2026-08-16,STR002,PRD008,6,1499.0,8994.0
SAL009348,2026-08-16,STR002,PRD009,9,299.0,2691.0
SAL009349,2026-08-16,STR002,PRD010,3,1299.0,3897.0
SAL009350,2026-08-16,STR002,PRD011,3,1599.0,4797.0
SAL009351,2026-08-16,STR002,PRD012,1,199.0,199.0
SAL009352,2026-08-16,STR002,PRD015,3,449.0,1347.0
SAL009353,2026-08-16,STR002,PRD017,4,649.0,2596.0
SAL009354,2026-08-16,STR002,PRD018,1,899.0,899.0
SAL009355,2026-08-16,STR002,PRD021,6,1099.0,6594.0
SAL009356,2026-08-16,STR002,PRD024,6,1499.0,8994.0
SAL009357,2026-08-16,STR002,PRD025,1,1899.0,1899.0
SAL009358,2026-08-16,STR002,PRD026,9,299.0,2691.0
SAL009359,2026-08-16,STR002,PRD027,4,179.0,716.0
SAL009360,2026-08-16,STR002,PRD029,3,349.0,1047.0
SAL009361,2026-08-16,STR002,PRD030,10,199.0,1990.0
SAL009362,2026-08-16,STR002,PRD034,1,399.0,399.0
SAL009363,2026-08-16,STR002,PRD036,7,329.0,2303.0
SAL009364,2026-08-16,STR002,PRD037,6,379.0,2274.0
SAL009365,2026-08-16,STR002,PRD038,3,429.0,1287.0
SAL009366,2026-08-16,STR002,PRD039,10,299.0,2990.0
SAL009367,2026-08-16,STR002,PRD040,7,249.0,1743.0
SAL009368,2026-08-16,STR003,PRD001,2,599.0,1198.0
SAL009369,2026-08-16,STR003,PRD003,1,3499.0,3499.0
SAL009370,2026-08-16,STR003,PRD004,5,1199.0,5995.0
SAL009371,2026-08-16,STR003,PRD006,5,1799.0,8995.0
SAL009372,2026-08-16,STR003,PRD009,6,299.0,1794.0
SAL009373,2026-08-16,STR003,PRD010,1,1299.0,1299.0
SAL009374,2026-08-16,STR003,PRD012,5,199.0,995.0
SAL009375,2026-08-16,STR003,PRD013,5,249.0,1245.0
SAL009376,2026-08-16,STR003,PRD017,2,649.0,1298.0
SAL009377,2026-08-16,STR003,PRD018,2,899.0,1798.0
SAL009378,2026-08-16,STR003,PRD020,2,1499.0,2998.0
SAL009379,2026-08-16,STR003,PRD021,2,1099.0,2198.0
SAL009380,2026-08-16,STR003,PRD023,4,1299.0,5196.0
SAL009381,2026-08-16,STR003,PRD025,2,1899.0,3798.0
SAL009382,2026-08-16,STR003,PRD026,8,299.0,2392.0
SAL009383,2026-08-16,STR003,PRD030,2,199.0,398.0
SAL009384,2026-08-16,STR003,PRD031,2,999.0,1998.0
SAL009385,2026-08-16,STR003,PRD033,2,849.0,1698.0
SAL009386,2026-08-16,STR003,PRD034,2,399.0,798.0
SAL009387,2026-08-16,STR003,PRD036,6,329.0,1974.0
SAL009388,2026-08-16,STR003,PRD037,2,379.0,758.0
SAL009389,2026-08-16,STR003,PRD038,1,429.0,429.0
SAL009390,2026-08-16,STR003,PRD039,2,299.0,598.0
SAL009391,2026-08-16,STR003,PRD040,2,249.0,498.0
SAL009392,2026-08-16,STR004,PRD001,7,599.0,4193.0
SAL009393,2026-08-16,STR004,PRD004,6,1199.0,7194.0
SAL009394,2026-08-16,STR004,PRD005,2,2299.0,4598.0
SAL009395,2026-08-16,STR004,PRD006,4,1799.0,7196.0
SAL009396,2026-08-16,STR004,PRD008,4,1499.0,5996.0
SAL009397,2026-08-16,STR004,PRD009,6,299.0,1794.0
SAL009398,2026-08-16,STR004,PRD011,2,1599.0,3198.0
SAL009399,2026-08-16,STR004,PRD013,5,249.0,1245.0
SAL009400,2026-08-16,STR004,PRD014,2,899.0,1798.0
SAL009401,2026-08-16,STR004,PRD015,5,449.0,2245.0
SAL009402,2026-08-16,STR004,PRD018,4,899.0,3596.0
SAL009403,2026-08-16,STR004,PRD019,1,1399.0,1399.0
SAL009404,2026-08-16,STR004,PRD022,1,599.0,599.0
SAL009405,2026-08-16,STR004,PRD023,4,1299.0,5196.0
SAL009406,2026-08-16,STR004,PRD024,2,1499.0,2998.0
SAL009407,2026-08-16,STR004,PRD025,5,1899.0,9495.0
SAL009408,2026-08-16,STR004,PRD026,2,299.0,598.0
SAL009409,2026-08-16,STR004,PRD027,5,179.0,895.0
SAL009410,2026-08-16,STR004,PRD029,4,349.0,1396.0
SAL009411,2026-08-16,STR004,PRD030,4,199.0,796.0
SAL009412,2026-08-16,STR004,PRD033,2,849.0,1698.0
SAL009413,2026-08-16,STR004,PRD035,1,449.0,449.0
SAL009414,2026-08-16,STR004,PRD036,4,329.0,1316.0
SAL009415,2026-08-16,STR004,PRD037,1,379.0,379.0
SAL009416,2026-08-16,STR004,PRD038,2,429.0,858.0
SAL009417,2026-08-16,STR004,PRD039,2,299.0,598.0
SAL009418,2026-08-16,STR004,PRD040,9,249.0,2241.0
SAL009419,2026-08-17,STR001,PRD001,5,599.0,2995.0
SAL009420,2026-08-17,STR001,PRD002,4,2899.0,11596.0
SAL009421,2026-08-17,STR001,PRD003,2,3499.0,6998.0
SAL009422,2026-08-17,STR001,PRD004,3,1199.0,3597.0
SAL009423,2026-08-17,STR001,PRD008,2,1499.0,2998.0
SAL009424,2026-08-17,STR001,PRD009,6,299.0,1794.0
SAL009425,2026-08-17,STR001,PRD010,6,1299.0,7794.0
SAL009426,2026-08-17,STR001,PRD011,1,1599.0,1599.0
SAL009427,2026-08-17,STR001,PRD013,1,249.0,249.0
SAL009428,2026-08-17,STR001,PRD018,2,899.0,1798.0
SAL009429,2026-08-17,STR001,PRD020,4,1499.0,5996.0
SAL009430,2026-08-17,STR001,PRD023,1,1299.0,1299.0
SAL009431,2026-08-17,STR001,PRD024,3,1499.0,4497.0
SAL009432,2026-08-17,STR001,PRD026,7,299.0,2093.0
SAL009433,2026-08-17,STR001,PRD027,3,179.0,537.0
SAL009434,2026-08-17,STR001,PRD030,4,199.0,796.0
SAL009435,2026-08-17,STR001,PRD031,2,999.0,1998.0
SAL009436,2026-08-17,STR001,PRD034,3,399.0,1197.0
SAL009437,2026-08-17,STR001,PRD035,7,449.0,3143.0
SAL009438,2026-08-17,STR001,PRD038,2,429.0,858.0
SAL009439,2026-08-17,STR001,PRD039,5,299.0,1495.0
SAL009440,2026-08-17,STR001,PRD040,2,249.0,498.0
SAL009441,2026-08-17,STR002,PRD001,6,599.0,3594.0
SAL009442,2026-08-17,STR002,PRD002,3,2899.0,8697.0
SAL009443,2026-08-17,STR002,PRD003,1,3499.0,3499.0
SAL009444,2026-08-17,STR002,PRD004,8,1199.0,9592.0
SAL009445,2026-08-17,STR002,PRD006,2,1799.0,3598.0
SAL009446,2026-08-17,STR002,PRD007,1,1999.0,1999.0
SAL009447,2026-08-17,STR002,PRD008,1,1499.0,1499.0
SAL009448,2026-08-17,STR002,PRD009,2,299.0,598.0
SAL009449,2026-08-17,STR002,PRD012,3,199.0,597.0
SAL009450,2026-08-17,STR002,PRD016,3,1199.0,3597.0
SAL009451,2026-08-17,STR002,PRD017,5,649.0,3245.0
SAL009452,2026-08-17,STR002,PRD018,2,899.0,1798.0
SAL009453,2026-08-17,STR002,PRD020,2,1499.0,2998.0
SAL009454,2026-08-17,STR002,PRD025,1,1899.0,1899.0
SAL009455,2026-08-17,STR002,PRD026,7,299.0,2093.0
SAL009456,2026-08-17,STR002,PRD027,2,179.0,358.0
SAL009457,2026-08-17,STR002,PRD030,6,199.0,1194.0
SAL009458,2026-08-17,STR002,PRD031,5,999.0,4995.0
SAL009459,2026-08-17,STR002,PRD033,1,849.0,849.0
SAL009460,2026-08-17,STR002,PRD036,3,329.0,987.0
SAL009461,2026-08-17,STR002,PRD037,2,379.0,758.0
SAL009462,2026-08-17,STR002,PRD039,5,299.0,1495.0
SAL009463,2026-08-17,STR002,PRD040,7,249.0,1743.0
SAL009464,2026-08-17,STR003,PRD001,7,599.0,4193.0
SAL009465,2026-08-17,STR003,PRD002,1,2899.0,2899.0
SAL009466,2026-08-17,STR003,PRD003,2,3499.0,6998.0
SAL009467,2026-08-17,STR003,PRD004,3,1199.0,3597.0
SAL009468,2026-08-17,STR003,PRD005,2,2299.0,4598.0
SAL009469,2026-08-17,STR003,PRD007,1,1999.0,1999.0
SAL009470,2026-08-17,STR003,PRD009,4,299.0,1196.0
SAL009471,2026-08-17,STR003,PRD010,2,1299.0,2598.0
SAL009472,2026-08-17,STR003,PRD011,1,1599.0,1599.0
SAL009473,2026-08-17,STR003,PRD012,3,199.0,597.0
SAL009474,2026-08-17,STR003,PRD013,3,249.0,747.0
SAL009475,2026-08-17,STR003,PRD014,2,899.0,1798.0
SAL009476,2026-08-17,STR003,PRD015,3,449.0,1347.0
SAL009477,2026-08-17,STR003,PRD018,3,899.0,2697.0
SAL009478,2026-08-17,STR003,PRD023,3,1299.0,3897.0
SAL009479,2026-08-17,STR003,PRD024,4,1499.0,5996.0
SAL009480,2026-08-17,STR003,PRD025,1,1899.0,1899.0
SAL009481,2026-08-17,STR003,PRD027,3,179.0,537.0
SAL009482,2026-08-17,STR003,PRD030,4,199.0,796.0
SAL009483,2026-08-17,STR003,PRD034,2,399.0,798.0
SAL009484,2026-08-17,STR003,PRD036,2,329.0,658.0
SAL009485,2026-08-17,STR003,PRD037,2,379.0,758.0
SAL009486,2026-08-17,STR003,PRD038,3,429.0,1287.0
SAL009487,2026-08-17,STR003,PRD039,3,299.0,897.0
SAL009488,2026-08-17,STR003,PRD040,6,249.0,1494.0
SAL009489,2026-08-17,STR004,PRD002,2,2899.0,5798.0
SAL009490,2026-08-17,STR004,PRD003,4,3499.0,13996.0
SAL009491,2026-08-17,STR004,PRD004,5,1199.0,5995.0
SAL009492,2026-08-17,STR004,PRD008,2,1499.0,2998.0
SAL009493,2026-08-17,STR004,PRD009,3,299.0,897.0
SAL009494,2026-08-17,STR004,PRD010,2,1299.0,2598.0
SAL009495,2026-08-17,STR004,PRD011,3,1599.0,4797.0
SAL009496,2026-08-17,STR004,PRD012,1,199.0,199.0
SAL009497,2026-08-17,STR004,PRD017,2,649.0,1298.0
SAL009498,2026-08-17,STR004,PRD020,2,1499.0,2998.0
SAL009499,2026-08-17,STR004,PRD021,4,1099.0,4396.0
SAL009500,2026-08-17,STR004,PRD023,2,1299.0,2598.0
SAL009501,2026-08-17,STR004,PRD024,2,1499.0,2998.0
SAL009502,2026-08-17,STR004,PRD025,3,1899.0,5697.0
SAL009503,2026-08-17,STR004,PRD026,6,299.0,1794.0
SAL009504,2026-08-17,STR004,PRD029,4,349.0,1396.0
SAL009505,2026-08-17,STR004,PRD030,7,199.0,1393.0
SAL009506,2026-08-17,STR004,PRD031,4,999.0,3996.0
SAL009507,2026-08-17,STR004,PRD034,4,399.0,1596.0
SAL009508,2026-08-17,STR004,PRD036,4,329.0,1316.0
SAL009509,2026-08-17,STR004,PRD037,2,379.0,758.0
SAL009510,2026-08-17,STR004,PRD039,6,299.0,1794.0
SAL009511,2026-08-18,STR001,PRD001,4,599.0,2396.0
SAL009512,2026-08-18,STR001,PRD002,3,2899.0,8697.0
SAL009513,2026-08-18,STR001,PRD003,1,3499.0,3499.0
SAL009514,2026-08-18,STR001,PRD004,4,1199.0,4796.0
SAL009515,2026-08-18,STR001,PRD005,13,2299.0,29887.0
SAL009516,2026-08-18,STR001,PRD009,4,299.0,1196.0
SAL009517,2026-08-18,STR001,PRD010,7,1299.0,9093.0
SAL009518,2026-08-18,STR001,PRD013,4,249.0,996.0
SAL009519,2026-08-18,STR001,PRD017,2,649.0,1298.0
SAL009520,2026-08-18,STR001,PRD018,6,899.0,5394.0
SAL009521,2026-08-18,STR001,PRD020,3,1499.0,4497.0
SAL009522,2026-08-18,STR001,PRD021,4,1099.0,4396.0
SAL009523,2026-08-18,STR001,PRD022,1,599.0,599.0
SAL009524,2026-08-18,STR001,PRD023,3,1299.0,3897.0
SAL009525,2026-08-18,STR001,PRD024,4,1499.0,5996.0
SAL009526,2026-08-18,STR001,PRD025,3,1899.0,5697.0
SAL009527,2026-08-18,STR001,PRD029,4,349.0,1396.0
SAL009528,2026-08-18,STR001,PRD030,5,199.0,995.0
SAL009529,2026-08-18,STR001,PRD031,3,999.0,2997.0
SAL009530,2026-08-18,STR001,PRD034,1,399.0,399.0
SAL009531,2026-08-18,STR001,PRD035,7,449.0,3143.0
SAL009532,2026-08-18,STR001,PRD036,2,329.0,658.0
SAL009533,2026-08-18,STR001,PRD040,3,249.0,747.0
SAL009534,2026-08-18,STR002,PRD001,5,599.0,2995.0
SAL009535,2026-08-18,STR002,PRD005,9,2299.0,20691.0
SAL009536,2026-08-18,STR002,PRD006,3,1799.0,5397.0
SAL009537,2026-08-18,STR002,PRD009,5,299.0,1495.0
SAL009538,2026-08-18,STR002,PRD010,2,1299.0,2598.0
SAL009539,2026-08-18,STR002,PRD013,3,249.0,747.0
SAL009540,2026-08-18,STR002,PRD017,2,649.0,1298.0
SAL009541,2026-08-18,STR002,PRD023,3,1299.0,3897.0
SAL009542,2026-08-18,STR002,PRD024,1,1499.0,1499.0
SAL009543,2026-08-18,STR002,PRD026,6,299.0,1794.0
SAL009544,2026-08-18,STR002,PRD030,5,199.0,995.0
SAL009545,2026-08-18,STR002,PRD031,3,999.0,2997.0
SAL009546,2026-08-18,STR002,PRD034,5,399.0,1995.0
SAL009547,2026-08-18,STR002,PRD036,3,329.0,987.0
SAL009548,2026-08-18,STR002,PRD039,2,299.0,598.0
SAL009549,2026-08-18,STR002,PRD040,5,249.0,1245.0
SAL009550,2026-08-18,STR003,PRD001,7,599.0,4193.0
SAL009551,2026-08-18,STR003,PRD003,4,3499.0,13996.0
SAL009552,2026-08-18,STR003,PRD004,3,1199.0,3597.0
SAL009553,2026-08-18,STR003,PRD005,11,2299.0,25289.0
SAL009554,2026-08-18,STR003,PRD009,3,299.0,897.0
SAL009555,2026-08-18,STR003,PRD011,2,1599.0,3198.0
SAL009556,2026-08-18,STR003,PRD013,1,249.0,249.0
SAL009557,2026-08-18,STR003,PRD015,3,449.0,1347.0
SAL009558,2026-08-18,STR003,PRD016,1,1199.0,1199.0
SAL009559,2026-08-18,STR003,PRD017,1,649.0,649.0
SAL009560,2026-08-18,STR003,PRD018,7,899.0,6293.0
SAL009561,2026-08-18,STR003,PRD020,3,1499.0,4497.0
SAL009562,2026-08-18,STR003,PRD021,2,1099.0,2198.0
SAL009563,2026-08-18,STR003,PRD022,2,599.0,1198.0
SAL009564,2026-08-18,STR003,PRD024,3,1499.0,4497.0
SAL009565,2026-08-18,STR003,PRD025,4,1899.0,7596.0
SAL009566,2026-08-18,STR003,PRD026,6,299.0,1794.0
SAL009567,2026-08-18,STR003,PRD027,4,179.0,716.0
SAL009568,2026-08-18,STR003,PRD028,1,499.0,499.0
SAL009569,2026-08-18,STR003,PRD029,4,349.0,1396.0
SAL009570,2026-08-18,STR003,PRD030,3,199.0,597.0
SAL009571,2026-08-18,STR003,PRD032,2,699.0,1398.0
SAL009572,2026-08-18,STR003,PRD034,3,399.0,1197.0
SAL009573,2026-08-18,STR003,PRD036,5,329.0,1645.0
SAL009574,2026-08-18,STR003,PRD039,6,299.0,1794.0
SAL009575,2026-08-18,STR003,PRD040,3,249.0,747.0
SAL009576,2026-08-18,STR004,PRD001,4,599.0,2396.0
SAL009577,2026-08-18,STR004,PRD002,4,2899.0,11596.0
SAL009578,2026-08-18,STR004,PRD003,1,3499.0,3499.0
SAL009579,2026-08-18,STR004,PRD004,3,1199.0,3597.0
SAL009580,2026-08-18,STR004,PRD005,9,2299.0,20691.0
SAL009581,2026-08-18,STR004,PRD006,3,1799.0,5397.0
SAL009582,2026-08-18,STR004,PRD009,5,299.0,1495.0
SAL009583,2026-08-18,STR004,PRD011,4,1599.0,6396.0
SAL009584,2026-08-18,STR004,PRD012,3,199.0,597.0
SAL009585,2026-08-18,STR004,PRD018,9,899.0,8091.0
SAL009586,2026-08-18,STR004,PRD020,3,1499.0,4497.0
SAL009587,2026-08-18,STR004,PRD026,3,299.0,897.0
SAL009588,2026-08-18,STR004,PRD029,4,349.0,1396.0
SAL009589,2026-08-18,STR004,PRD030,2,199.0,398.0
SAL009590,2026-08-18,STR004,PRD034,4,399.0,1596.0
SAL009591,2026-08-18,STR004,PRD035,2,449.0,898.0
SAL009592,2026-08-18,STR004,PRD037,4,379.0,1516.0
SAL009593,2026-08-18,STR004,PRD038,3,429.0,1287.0
SAL009594,2026-08-18,STR004,PRD039,6,299.0,1794.0
SAL009595,2026-08-18,STR004,PRD040,3,249.0,747.0
SAL009596,2026-08-19,STR001,PRD001,2,599.0,1198.0
SAL009597,2026-08-19,STR001,PRD002,4,2899.0,11596.0
SAL009598,2026-08-19,STR001,PRD004,3,1199.0,3597.0
SAL009599,2026-08-19,STR001,PRD005,10,2299.0,22990.0
SAL009600,2026-08-19,STR001,PRD006,1,1799.0,1799.0
SAL009601,2026-08-19,STR001,PRD008,3,1499.0,4497.0
SAL009602,2026-08-19,STR001,PRD009,5,299.0,1495.0
SAL009603,2026-08-19,STR001,PRD010,6,1299.0,7794.0
SAL009604,2026-08-19,STR001,PRD012,3,199.0,597.0
SAL009605,2026-08-19,STR001,PRD015,3,449.0,1347.0
SAL009606,2026-08-19,STR001,PRD017,2,649.0,1298.0
SAL009607,2026-08-19,STR001,PRD018,7,899.0,6293.0
SAL009608,2026-08-19,STR001,PRD021,4,1099.0,4396.0
SAL009609,2026-08-19,STR001,PRD023,1,1299.0,1299.0
SAL009610,2026-08-19,STR001,PRD025,4,1899.0,7596.0
SAL009611,2026-08-19,STR001,PRD026,6,299.0,1794.0
SAL009612,2026-08-19,STR001,PRD028,1,499.0,499.0
SAL009613,2026-08-19,STR001,PRD030,7,199.0,1393.0
SAL009614,2026-08-19,STR001,PRD031,4,999.0,3996.0
SAL009615,2026-08-19,STR001,PRD032,2,699.0,1398.0
SAL009616,2026-08-19,STR001,PRD035,4,449.0,1796.0
SAL009617,2026-08-19,STR001,PRD036,4,329.0,1316.0
SAL009618,2026-08-19,STR001,PRD037,4,379.0,1516.0
SAL009619,2026-08-19,STR001,PRD039,5,299.0,1495.0
SAL009620,2026-08-19,STR001,PRD040,7,249.0,1743.0
SAL009621,2026-08-19,STR002,PRD001,6,599.0,3594.0
SAL009622,2026-08-19,STR002,PRD002,1,2899.0,2899.0
SAL009623,2026-08-19,STR002,PRD003,5,3499.0,17495.0
SAL009624,2026-08-19,STR002,PRD004,8,1199.0,9592.0
SAL009625,2026-08-19,STR002,PRD005,12,2299.0,27588.0
SAL009626,2026-08-19,STR002,PRD006,5,1799.0,8995.0
SAL009627,2026-08-19,STR002,PRD009,6,299.0,1794.0
SAL009628,2026-08-19,STR002,PRD011,1,1599.0,1599.0
SAL009629,2026-08-19,STR002,PRD015,3,449.0,1347.0
SAL009630,2026-08-19,STR002,PRD016,1,1199.0,1199.0
SAL009631,2026-08-19,STR002,PRD017,2,649.0,1298.0
SAL009632,2026-08-19,STR002,PRD018,12,899.0,10788.0
SAL009633,2026-08-19,STR002,PRD022,2,599.0,1198.0
SAL009634,2026-08-19,STR002,PRD025,5,1899.0,9495.0
SAL009635,2026-08-19,STR002,PRD026,7,299.0,2093.0
SAL009636,2026-08-19,STR002,PRD027,2,179.0,358.0
SAL009637,2026-08-19,STR002,PRD029,1,349.0,349.0
SAL009638,2026-08-19,STR002,PRD030,3,199.0,597.0
SAL009639,2026-08-19,STR002,PRD034,3,399.0,1197.0
SAL009640,2026-08-19,STR002,PRD036,7,329.0,2303.0
SAL009641,2026-08-19,STR002,PRD038,5,429.0,2145.0
SAL009642,2026-08-19,STR002,PRD039,7,299.0,2093.0
SAL009643,2026-08-19,STR002,PRD040,5,249.0,1245.0
SAL009644,2026-08-19,STR003,PRD001,4,599.0,2396.0
SAL009645,2026-08-19,STR003,PRD003,3,3499.0,10497.0
SAL009646,2026-08-19,STR003,PRD004,4,1199.0,4796.0
SAL009647,2026-08-19,STR003,PRD005,10,2299.0,22990.0
SAL009648,2026-08-19,STR003,PRD009,5,299.0,1495.0
SAL009649,2026-08-19,STR003,PRD013,4,249.0,996.0
SAL009650,2026-08-19,STR003,PRD017,1,649.0,649.0
SAL009651,2026-08-19,STR003,PRD018,7,899.0,6293.0
SAL009652,2026-08-19,STR003,PRD020,2,1499.0,2998.0
SAL009653,2026-08-19,STR003,PRD021,3,1099.0,3297.0
SAL009654,2026-08-19,STR003,PRD023,4,1299.0,5196.0
SAL009655,2026-08-19,STR003,PRD025,1,1899.0,1899.0
SAL009656,2026-08-19,STR003,PRD026,6,299.0,1794.0
SAL009657,2026-08-19,STR003,PRD029,2,349.0,698.0
SAL009658,2026-08-19,STR003,PRD030,5,199.0,995.0
SAL009659,2026-08-19,STR003,PRD035,2,449.0,898.0
SAL009660,2026-08-19,STR003,PRD036,7,329.0,2303.0
SAL009661,2026-08-19,STR003,PRD038,2,429.0,858.0
SAL009662,2026-08-19,STR003,PRD040,5,249.0,1245.0
SAL009663,2026-08-19,STR004,PRD001,6,599.0,3594.0
SAL009664,2026-08-19,STR004,PRD004,5,1199.0,5995.0
SAL009665,2026-08-19,STR004,PRD005,10,2299.0,22990.0
SAL009666,2026-08-19,STR004,PRD006,2,1799.0,3598.0
SAL009667,2026-08-19,STR004,PRD008,2,1499.0,2998.0
SAL009668,2026-08-19,STR004,PRD009,6,299.0,1794.0
SAL009669,2026-08-19,STR004,PRD010,1,1299.0,1299.0
SAL009670,2026-08-19,STR004,PRD014,2,899.0,1798.0
SAL009671,2026-08-19,STR004,PRD016,2,1199.0,2398.0
SAL009672,2026-08-19,STR004,PRD019,1,1399.0,1399.0
SAL009673,2026-08-19,STR004,PRD020,3,1499.0,4497.0
SAL009674,2026-08-19,STR004,PRD023,1,1299.0,1299.0
SAL009675,2026-08-19,STR004,PRD026,2,299.0,598.0
SAL009676,2026-08-19,STR004,PRD027,2,179.0,358.0
SAL009677,2026-08-19,STR004,PRD029,1,349.0,349.0
SAL009678,2026-08-19,STR004,PRD031,4,999.0,3996.0
SAL009679,2026-08-19,STR004,PRD032,1,699.0,699.0
SAL009680,2026-08-19,STR004,PRD033,2,849.0,1698.0
SAL009681,2026-08-19,STR004,PRD034,1,399.0,399.0
SAL009682,2026-08-19,STR004,PRD036,2,329.0,658.0
SAL009683,2026-08-19,STR004,PRD037,3,379.0,1137.0
SAL009684,2026-08-19,STR004,PRD038,4,429.0,1716.0
SAL009685,2026-08-19,STR004,PRD039,2,299.0,598.0
SAL009686,2026-08-19,STR004,PRD040,2,249.0,498.0
SAL009687,2026-08-20,STR001,PRD001,6,599.0,3594.0
SAL009688,2026-08-20,STR001,PRD004,6,1199.0,7194.0
SAL009689,2026-08-20,STR001,PRD005,13,2299.0,29887.0
SAL009690,2026-08-20,STR001,PRD006,4,1799.0,7196.0
SAL009691,2026-08-20,STR001,PRD009,7,299.0,2093.0
SAL009692,2026-08-20,STR001,PRD010,6,1299.0,7794.0
SAL009693,2026-08-20,STR001,PRD012,2,199.0,398.0
SAL009694,2026-08-20,STR001,PRD014,2,899.0,1798.0
SAL009695,2026-08-20,STR001,PRD018,6,899.0,5394.0
SAL009696,2026-08-20,STR001,PRD024,1,1499.0,1499.0
SAL009697,2026-08-20,STR001,PRD026,7,299.0,2093.0
SAL009698,2026-08-20,STR001,PRD027,1,179.0,179.0
SAL009699,2026-08-20,STR001,PRD028,1,499.0,499.0
SAL009700,2026-08-20,STR001,PRD029,3,349.0,1047.0
SAL009701,2026-08-20,STR001,PRD030,7,199.0,1393.0
SAL009702,2026-08-20,STR001,PRD031,2,999.0,1998.0
SAL009703,2026-08-20,STR001,PRD034,1,399.0,399.0
SAL009704,2026-08-20,STR001,PRD035,7,449.0,3143.0
SAL009705,2026-08-20,STR001,PRD036,7,329.0,2303.0
SAL009706,2026-08-20,STR001,PRD037,4,379.0,1516.0
SAL009707,2026-08-20,STR001,PRD039,5,299.0,1495.0
SAL009708,2026-08-20,STR002,PRD001,3,599.0,1797.0
SAL009709,2026-08-20,STR002,PRD003,1,3499.0,3499.0
SAL009710,2026-08-20,STR002,PRD004,2,1199.0,2398.0
SAL009711,2026-08-20,STR002,PRD005,8,2299.0,18392.0
SAL009712,2026-08-20,STR002,PRD006,3,1799.0,5397.0
SAL009713,2026-08-20,STR002,PRD009,6,299.0,1794.0
SAL009714,2026-08-20,STR002,PRD010,1,1299.0,1299.0
SAL009715,2026-08-20,STR002,PRD011,1,1599.0,1599.0
SAL009716,2026-08-20,STR002,PRD012,5,199.0,995.0
SAL009717,2026-08-20,STR002,PRD015,5,449.0,2245.0
SAL009718,2026-08-20,STR002,PRD017,2,649.0,1298.0
SAL009719,2026-08-20,STR002,PRD018,7,899.0,6293.0
SAL009720,2026-08-20,STR002,PRD019,2,1399.0,2798.0
SAL009721,2026-08-20,STR002,PRD020,3,1499.0,4497.0
SAL009722,2026-08-20,STR002,PRD021,1,1099.0,1099.0
SAL009723,2026-08-20,STR002,PRD026,3,299.0,897.0
SAL009724,2026-08-20,STR002,PRD029,5,349.0,1745.0
SAL009725,2026-08-20,STR002,PRD030,7,199.0,1393.0
SAL009726,2026-08-20,STR002,PRD031,2,999.0,1998.0
SAL009727,2026-08-20,STR002,PRD034,3,399.0,1197.0
SAL009728,2026-08-20,STR002,PRD036,6,329.0,1974.0
SAL009729,2026-08-20,STR002,PRD039,8,299.0,2392.0
SAL009730,2026-08-20,STR002,PRD040,5,249.0,1245.0
SAL009731,2026-08-20,STR003,PRD004,4,1199.0,4796.0
SAL009732,2026-08-20,STR003,PRD005,10,2299.0,22990.0
SAL009733,2026-08-20,STR003,PRD006,1,1799.0,1799.0
SAL009734,2026-08-20,STR003,PRD007,1,1999.0,1999.0
SAL009735,2026-08-20,STR003,PRD008,3,1499.0,4497.0
SAL009736,2026-08-20,STR003,PRD009,3,299.0,897.0
SAL009737,2026-08-20,STR003,PRD010,2,1299.0,2598.0
SAL009738,2026-08-20,STR003,PRD011,4,1599.0,6396.0
SAL009739,2026-08-20,STR003,PRD013,4,249.0,996.0
SAL009740,2026-08-20,STR003,PRD018,9,899.0,8091.0
SAL009741,2026-08-20,STR003,PRD020,2,1499.0,2998.0
SAL009742,2026-08-20,STR003,PRD022,1,599.0,599.0
SAL009743,2026-08-20,STR003,PRD028,1,499.0,499.0
SAL009744,2026-08-20,STR003,PRD029,3,349.0,1047.0
SAL009745,2026-08-20,STR003,PRD030,5,199.0,995.0
SAL009746,2026-08-20,STR003,PRD032,1,699.0,699.0
SAL009747,2026-08-20,STR003,PRD033,1,849.0,849.0
SAL009748,2026-08-20,STR003,PRD034,1,399.0,399.0
SAL009749,2026-08-20,STR003,PRD036,6,329.0,1974.0
SAL009750,2026-08-20,STR003,PRD039,3,299.0,897.0
SAL009751,2026-08-20,STR003,PRD040,7,249.0,1743.0
SAL009752,2026-08-20,STR004,PRD001,4,599.0,2396.0
SAL009753,2026-08-20,STR004,PRD002,1,2899.0,2899.0
SAL009754,2026-08-20,STR004,PRD003,1,3499.0,3499.0
SAL009755,2026-08-20,STR004,PRD005,9,2299.0,20691.0
SAL009756,2026-08-20,STR004,PRD006,2,1799.0,3598.0
SAL009757,2026-08-20,STR004,PRD011,1,1599.0,1599.0
SAL009758,2026-08-20,STR004,PRD013,2,249.0,498.0
SAL009759,2026-08-20,STR004,PRD014,2,899.0,1798.0
SAL009760,2026-08-20,STR004,PRD015,3,449.0,1347.0
SAL009761,2026-08-20,STR004,PRD018,11,899.0,9889.0
SAL009762,2026-08-20,STR004,PRD024,2,1499.0,2998.0
SAL009763,2026-08-20,STR004,PRD025,2,1899.0,3798.0
SAL009764,2026-08-20,STR004,PRD027,2,179.0,358.0
SAL009765,2026-08-20,STR004,PRD030,2,199.0,398.0
SAL009766,2026-08-20,STR004,PRD031,2,999.0,1998.0
SAL009767,2026-08-20,STR004,PRD033,2,849.0,1698.0
SAL009768,2026-08-20,STR004,PRD036,7,329.0,2303.0
SAL009769,2026-08-20,STR004,PRD037,4,379.0,1516.0
SAL009770,2026-08-20,STR004,PRD038,4,429.0,1716.0
SAL009771,2026-08-20,STR004,PRD039,6,299.0,1794.0
SAL009772,2026-08-20,STR004,PRD040,5,249.0,1245.0
SAL009773,2026-08-21,STR001,PRD001,6,599.0,3594.0
SAL009774,2026-08-21,STR001,PRD002,3,2899.0,8697.0
SAL009775,2026-08-21,STR001,PRD004,6,1199.0,7194.0
SAL009776,2026-08-21,STR001,PRD005,7,2299.0,16093.0
SAL009777,2026-08-21,STR001,PRD006,3,1799.0,5397.0
SAL009778,2026-08-21,STR001,PRD008,4,1499.0,5996.0
SAL009779,2026-08-21,STR001,PRD009,4,299.0,1196.0
SAL009780,2026-08-21,STR001,PRD010,6,1299.0,7794.0
SAL009781,2026-08-21,STR001,PRD012,4,199.0,796.0
SAL009782,2026-08-21,STR001,PRD013,4,249.0,996.0
SAL009783,2026-08-21,STR001,PRD015,1,449.0,449.0
SAL009784,2026-08-21,STR001,PRD017,4,649.0,2596.0
SAL009785,2026-08-21,STR001,PRD018,7,899.0,6293.0
SAL009786,2026-08-21,STR001,PRD020,1,1499.0,1499.0
SAL009787,2026-08-21,STR001,PRD025,3,1899.0,5697.0
SAL009788,2026-08-21,STR001,PRD026,6,299.0,1794.0
SAL009789,2026-08-21,STR001,PRD027,3,179.0,537.0
SAL009790,2026-08-21,STR001,PRD028,1,499.0,499.0
SAL009791,2026-08-21,STR001,PRD030,2,199.0,398.0
SAL009792,2026-08-21,STR001,PRD034,1,399.0,399.0
SAL009793,2026-08-21,STR001,PRD036,3,329.0,987.0
SAL009794,2026-08-21,STR001,PRD037,2,379.0,758.0
SAL009795,2026-08-21,STR001,PRD038,1,429.0,429.0
SAL009796,2026-08-21,STR001,PRD039,3,299.0,897.0
SAL009797,2026-08-21,STR001,PRD040,2,249.0,498.0
SAL009798,2026-08-21,STR002,PRD001,5,599.0,2995.0
SAL009799,2026-08-21,STR002,PRD004,5,1199.0,5995.0
SAL009800,2026-08-21,STR002,PRD005,11,2299.0,25289.0
SAL009801,2026-08-21,STR002,PRD006,2,1799.0,3598.0
SAL009802,2026-08-21,STR002,PRD009,6,299.0,1794.0
SAL009803,2026-08-21,STR002,PRD011,3,1599.0,4797.0
SAL009804,2026-08-21,STR002,PRD012,1,199.0,199.0
SAL009805,2026-08-21,STR002,PRD017,2,649.0,1298.0
SAL009806,2026-08-21,STR002,PRD018,9,899.0,8091.0
SAL009807,2026-08-21,STR002,PRD020,3,1499.0,4497.0
SAL009808,2026-08-21,STR002,PRD023,5,1299.0,6495.0
SAL009809,2026-08-21,STR002,PRD024,5,1499.0,7495.0
SAL009810,2026-08-21,STR002,PRD025,3,1899.0,5697.0
SAL009811,2026-08-21,STR002,PRD026,5,299.0,1495.0
SAL009812,2026-08-21,STR002,PRD027,1,179.0,179.0
SAL009813,2026-08-21,STR002,PRD031,5,999.0,4995.0
SAL009814,2026-08-21,STR002,PRD036,3,329.0,987.0
SAL009815,2026-08-21,STR002,PRD037,1,379.0,379.0
SAL009816,2026-08-21,STR002,PRD039,6,299.0,1794.0
SAL009817,2026-08-21,STR003,PRD002,1,2899.0,2899.0
SAL009818,2026-08-21,STR003,PRD003,2,3499.0,6998.0
SAL009819,2026-08-21,STR003,PRD004,4,1199.0,4796.0
SAL009820,2026-08-21,STR003,PRD005,10,2299.0,22990.0
SAL009821,2026-08-21,STR003,PRD009,2,299.0,598.0
SAL009822,2026-08-21,STR003,PRD010,1,1299.0,1299.0
SAL009823,2026-08-21,STR003,PRD018,11,899.0,9889.0
SAL009824,2026-08-21,STR003,PRD019,2,1399.0,2798.0
SAL009825,2026-08-21,STR003,PRD020,3,1499.0,4497.0
SAL009826,2026-08-21,STR003,PRD021,1,1099.0,1099.0
SAL009827,2026-08-21,STR003,PRD023,4,1299.0,5196.0
SAL009828,2026-08-21,STR003,PRD024,3,1499.0,4497.0
SAL009829,2026-08-21,STR003,PRD025,3,1899.0,5697.0
SAL009830,2026-08-21,STR003,PRD026,5,299.0,1495.0
SAL009831,2026-08-21,STR003,PRD027,1,179.0,179.0
SAL009832,2026-08-21,STR003,PRD030,6,199.0,1194.0
SAL009833,2026-08-21,STR003,PRD034,4,399.0,1596.0
SAL009834,2026-08-21,STR003,PRD036,6,329.0,1974.0
SAL009835,2026-08-21,STR003,PRD038,1,429.0,429.0
SAL009836,2026-08-21,STR003,PRD039,6,299.0,1794.0
SAL009837,2026-08-21,STR003,PRD040,4,249.0,996.0
SAL009838,2026-08-21,STR004,PRD001,2,599.0,1198.0
SAL009839,2026-08-21,STR004,PRD002,3,2899.0,8697.0
SAL009840,2026-08-21,STR004,PRD004,7,1199.0,8393.0
SAL009841,2026-08-21,STR004,PRD005,10,2299.0,22990.0
SAL009842,2026-08-21,STR004,PRD009,5,299.0,1495.0
SAL009843,2026-08-21,STR004,PRD011,3,1599.0,4797.0
SAL009844,2026-08-21,STR004,PRD013,1,249.0,249.0
SAL009845,2026-08-21,STR004,PRD015,3,449.0,1347.0
SAL009846,2026-08-21,STR004,PRD018,8,899.0,7192.0
SAL009847,2026-08-21,STR004,PRD021,4,1099.0,4396.0
SAL009848,2026-08-21,STR004,PRD022,2,599.0,1198.0
SAL009849,2026-08-21,STR004,PRD024,2,1499.0,2998.0
SAL009850,2026-08-21,STR004,PRD026,4,299.0,1196.0
SAL009851,2026-08-21,STR004,PRD029,4,349.0,1396.0
SAL009852,2026-08-21,STR004,PRD033,1,849.0,849.0
SAL009853,2026-08-21,STR004,PRD034,4,399.0,1596.0
SAL009854,2026-08-21,STR004,PRD038,3,429.0,1287.0
SAL009855,2026-08-21,STR004,PRD039,5,299.0,1495.0
SAL009856,2026-08-21,STR004,PRD040,3,249.0,747.0
SAL009857,2026-08-22,STR001,PRD001,8,599.0,4792.0
SAL009858,2026-08-22,STR001,PRD003,1,3499.0,3499.0
SAL009859,2026-08-22,STR001,PRD004,9,1199.0,10791.0
SAL009860,2026-08-22,STR001,PRD005,13,2299.0,29887.0
SAL009861,2026-08-22,STR001,PRD006,3,1799.0,5397.0
SAL009862,2026-08-22,STR001,PRD008,4,1499.0,5996.0
SAL009863,2026-08-22,STR001,PRD009,3,299.0,897.0
SAL009864,2026-08-22,STR001,PRD010,8,1299.0,10392.0
SAL009865,2026-08-22,STR001,PRD013,1,249.0,249.0
SAL009866,2026-08-22,STR001,PRD015,4,449.0,1796.0
SAL009867,2026-08-22,STR001,PRD016,4,1199.0,4796.0
SAL009868,2026-08-22,STR001,PRD017,3,649.0,1947.0
SAL009869,2026-08-22,STR001,PRD018,10,899.0,8990.0
SAL009870,2026-08-22,STR001,PRD020,4,1499.0,5996.0
SAL009871,2026-08-22,STR001,PRD021,4,1099.0,4396.0
SAL009872,2026-08-22,STR001,PRD023,1,1299.0,1299.0
SAL009873,2026-08-22,STR001,PRD025,3,1899.0,5697.0
SAL009874,2026-08-22,STR001,PRD026,8,299.0,2392.0
SAL009875,2026-08-22,STR001,PRD030,7,199.0,1393.0
SAL009876,2026-08-22,STR001,PRD031,3,999.0,2997.0
SAL009877,2026-08-22,STR001,PRD035,5,449.0,2245.0
SAL009878,2026-08-22,STR001,PRD036,7,329.0,2303.0
SAL009879,2026-08-22,STR001,PRD037,5,379.0,1895.0
SAL009880,2026-08-22,STR001,PRD040,9,249.0,2241.0
SAL009881,2026-08-22,STR002,PRD001,10,599.0,5990.0
SAL009882,2026-08-22,STR002,PRD004,10,1199.0,11990.0
SAL009883,2026-08-22,STR002,PRD005,11,2299.0,25289.0
SAL009884,2026-08-22,STR002,PRD006,4,1799.0,7196.0
SAL009885,2026-08-22,STR002,PRD011,4,1599.0,6396.0
SAL009886,2026-08-22,STR002,PRD012,6,199.0,1194.0
SAL009887,2026-08-22,STR002,PRD013,6,249.0,1494.0
SAL009888,2026-08-22,STR002,PRD014,3,899.0,2697.0
SAL009889,2026-08-22,STR002,PRD015,1,449.0,449.0
SAL009890,2026-08-22,STR002,PRD016,1,1199.0,1199.0
SAL009891,2026-08-22,STR002,PRD018,9,899.0,8091.0
SAL009892,2026-08-22,STR002,PRD020,6,1499.0,8994.0
SAL009893,2026-08-22,STR002,PRD021,4,1099.0,4396.0
SAL009894,2026-08-22,STR002,PRD023,6,1299.0,7794.0
SAL009895,2026-08-22,STR002,PRD025,4,1899.0,7596.0
SAL009896,2026-08-22,STR002,PRD026,3,299.0,897.0
SAL009897,2026-08-22,STR002,PRD027,3,179.0,537.0
SAL009898,2026-08-22,STR002,PRD028,1,499.0,499.0
SAL009899,2026-08-22,STR002,PRD030,10,199.0,1990.0
SAL009900,2026-08-22,STR002,PRD031,6,999.0,5994.0
SAL009901,2026-08-22,STR002,PRD034,3,399.0,1197.0
SAL009902,2026-08-22,STR002,PRD036,4,329.0,1316.0
SAL009903,2026-08-22,STR002,PRD037,4,379.0,1516.0
SAL009904,2026-08-22,STR002,PRD039,3,299.0,897.0
SAL009905,2026-08-22,STR002,PRD040,7,249.0,1743.0
SAL009906,2026-08-22,STR003,PRD001,7,599.0,4193.0
SAL009907,2026-08-22,STR003,PRD002,4,2899.0,11596.0
SAL009908,2026-08-22,STR003,PRD005,10,2299.0,22990.0
SAL009909,2026-08-22,STR003,PRD009,4,299.0,1196.0
SAL009910,2026-08-22,STR003,PRD010,2,1299.0,2598.0
SAL009911,2026-08-22,STR003,PRD012,5,199.0,995.0
SAL009912,2026-08-22,STR003,PRD015,5,449.0,2245.0
SAL009913,2026-08-22,STR003,PRD018,13,899.0,11687.0
SAL009914,2026-08-22,STR003,PRD020,5,1499.0,7495.0
SAL009915,2026-08-22,STR003,PRD024,1,1499.0,1499.0
SAL009916,2026-08-22,STR003,PRD025,1,1899.0,1899.0
SAL009917,2026-08-22,STR003,PRD026,6,299.0,1794.0
SAL009918,2026-08-22,STR003,PRD029,5,349.0,1745.0
SAL009919,2026-08-22,STR003,PRD030,7,199.0,1393.0
SAL009920,2026-08-22,STR003,PRD033,1,849.0,849.0
SAL009921,2026-08-22,STR003,PRD038,5,429.0,2145.0
SAL009922,2026-08-22,STR003,PRD039,5,299.0,1495.0
SAL009923,2026-08-22,STR003,PRD040,2,249.0,498.0
SAL009924,2026-08-22,STR004,PRD001,7,599.0,4193.0
SAL009925,2026-08-22,STR004,PRD003,5,3499.0,17495.0
SAL009926,2026-08-22,STR004,PRD005,15,2299.0,34485.0
SAL009927,2026-08-22,STR004,PRD006,2,1799.0,3598.0
SAL009928,2026-08-22,STR004,PRD009,5,299.0,1495.0
SAL009929,2026-08-22,STR004,PRD011,2,1599.0,3198.0
SAL009930,2026-08-22,STR004,PRD013,1,249.0,249.0
SAL009931,2026-08-22,STR004,PRD016,2,1199.0,2398.0
SAL009932,2026-08-22,STR004,PRD018,15,899.0,13485.0
SAL009933,2026-08-22,STR004,PRD023,4,1299.0,5196.0
SAL009934,2026-08-22,STR004,PRD024,4,1499.0,5996.0
SAL009935,2026-08-22,STR004,PRD026,9,299.0,2691.0
SAL009936,2026-08-22,STR004,PRD030,2,199.0,398.0
SAL009937,2026-08-22,STR004,PRD036,6,329.0,1974.0
SAL009938,2026-08-22,STR004,PRD038,1,429.0,429.0
SAL009939,2026-08-22,STR004,PRD039,4,299.0,1196.0
SAL009940,2026-08-22,STR004,PRD040,7,249.0,1743.0
SAL009941,2026-08-23,STR001,PRD001,9,599.0,5391.0
SAL009942,2026-08-23,STR001,PRD002,3,2899.0,8697.0
SAL009943,2026-08-23,STR001,PRD003,5,3499.0,17495.0
SAL009944,2026-08-23,STR001,PRD004,3,1199.0,3597.0
SAL009945,2026-08-23,STR001,PRD005,10,2299.0,22990.0
SAL009946,2026-08-23,STR001,PRD008,3,1499.0,4497.0
SAL009947,2026-08-23,STR001,PRD009,3,299.0,897.0
SAL009948,2026-08-23,STR001,PRD010,10,1299.0,12990.0
SAL009949,2026-08-23,STR001,PRD011,3,1599.0,4797.0
SAL009950,2026-08-23,STR001,PRD012,1,199.0,199.0
SAL009951,2026-08-23,STR001,PRD014,3,899.0,2697.0
SAL009952,2026-08-23,STR001,PRD015,3,449.0,1347.0
SAL009953,2026-08-23,STR001,PRD017,1,649.0,649.0
SAL009954,2026-08-23,STR001,PRD018,16,899.0,14384.0
SAL009955,2026-08-23,STR001,PRD020,5,1499.0,7495.0
SAL009956,2026-08-23,STR001,PRD021,1,1099.0,1099.0
SAL009957,2026-08-23,STR001,PRD024,1,1499.0,1499.0
SAL009958,2026-08-23,STR001,PRD026,7,299.0,2093.0
SAL009959,2026-08-23,STR001,PRD027,4,179.0,716.0
SAL009960,2026-08-23,STR001,PRD028,1,499.0,499.0
SAL009961,2026-08-23,STR001,PRD030,3,199.0,597.0
SAL009962,2026-08-23,STR001,PRD032,1,699.0,699.0
SAL009963,2026-08-23,STR001,PRD034,5,399.0,1995.0
SAL009964,2026-08-23,STR001,PRD035,8,449.0,3592.0
SAL009965,2026-08-23,STR001,PRD036,7,329.0,2303.0
SAL009966,2026-08-23,STR001,PRD038,3,429.0,1287.0
SAL009967,2026-08-23,STR001,PRD040,7,249.0,1743.0
SAL009968,2026-08-23,STR002,PRD001,10,599.0,5990.0
SAL009969,2026-08-23,STR002,PRD002,6,2899.0,17394.0
SAL009970,2026-08-23,STR002,PRD003,6,3499.0,20994.0
SAL009971,2026-08-23,STR002,PRD004,3,1199.0,3597.0
SAL009972,2026-08-23,STR002,PRD005,9,2299.0,20691.0
SAL009973,2026-08-23,STR002,PRD006,4,1799.0,7196.0
SAL009974,2026-08-23,STR002,PRD009,10,299.0,2990.0
SAL009975,2026-08-23,STR002,PRD010,3,1299.0,3897.0
SAL009976,2026-08-23,STR002,PRD012,6,199.0,1194.0
SAL009977,2026-08-23,STR002,PRD014,1,899.0,899.0
SAL009978,2026-08-23,STR002,PRD015,1,449.0,449.0
SAL009979,2026-08-23,STR002,PRD018,9,899.0,8091.0
SAL009980,2026-08-23,STR002,PRD021,1,1099.0,1099.0
SAL009981,2026-08-23,STR002,PRD022,1,599.0,599.0
SAL009982,2026-08-23,STR002,PRD024,1,1499.0,1499.0
SAL009983,2026-08-23,STR002,PRD025,3,1899.0,5697.0
SAL009984,2026-08-23,STR002,PRD026,6,299.0,1794.0
SAL009985,2026-08-23,STR002,PRD028,1,499.0,499.0
SAL009986,2026-08-23,STR002,PRD030,4,199.0,796.0
SAL009987,2026-08-23,STR002,PRD033,1,849.0,849.0
SAL009988,2026-08-23,STR002,PRD034,1,399.0,399.0
SAL009989,2026-08-23,STR002,PRD036,3,329.0,987.0
SAL009990,2026-08-23,STR002,PRD038,4,429.0,1716.0
SAL009991,2026-08-23,STR002,PRD039,9,299.0,2691.0
SAL009992,2026-08-23,STR002,PRD040,9,249.0,2241.0
SAL009993,2026-08-23,STR003,PRD001,5,599.0,2995.0
SAL009994,2026-08-23,STR003,PRD002,4,2899.0,11596.0
SAL009995,2026-08-23,STR003,PRD003,1,3499.0,3499.0
SAL009996,2026-08-23,STR003,PRD004,5,1199.0,5995.0
SAL009997,2026-08-23,STR003,PRD005,14,2299.0,32186.0
SAL009998,2026-08-23,STR003,PRD006,1,1799.0,1799.0
SAL009999,2026-08-23,STR003,PRD008,4,1499.0,5996.0
SAL010000,2026-08-23,STR003,PRD009,4,299.0,1196.0
SAL010001,2026-08-23,STR003,PRD012,2,199.0,398.0
SAL010002,2026-08-23,STR003,PRD017,2,649.0,1298.0
SAL010003,2026-08-23,STR003,PRD018,12,899.0,10788.0
SAL010004,2026-08-23,STR003,PRD020,5,1499.0,7495.0
SAL010005,2026-08-23,STR003,PRD021,1,1099.0,1099.0
SAL010006,2026-08-23,STR003,PRD023,5,1299.0,6495.0
SAL010007,2026-08-23,STR003,PRD024,5,1499.0,7495.0
SAL010008,2026-08-23,STR003,PRD025,5,1899.0,9495.0
SAL010009,2026-08-23,STR003,PRD026,4,299.0,1196.0
SAL010010,2026-08-23,STR003,PRD027,5,179.0,895.0
SAL010011,2026-08-23,STR003,PRD031,2,999.0,1998.0
SAL010012,2026-08-23,STR003,PRD034,4,399.0,1596.0
SAL010013,2026-08-23,STR003,PRD035,2,449.0,898.0
SAL010014,2026-08-23,STR003,PRD036,4,329.0,1316.0
SAL010015,2026-08-23,STR003,PRD039,4,299.0,1196.0
SAL010016,2026-08-23,STR003,PRD040,6,249.0,1494.0
SAL010017,2026-08-23,STR004,PRD001,2,599.0,1198.0
SAL010018,2026-08-23,STR004,PRD003,5,3499.0,17495.0
SAL010019,2026-08-23,STR004,PRD004,9,1199.0,10791.0
SAL010020,2026-08-23,STR004,PRD005,7,2299.0,16093.0
SAL010021,2026-08-23,STR004,PRD006,4,1799.0,7196.0
SAL010022,2026-08-23,STR004,PRD008,5,1499.0,7495.0
SAL010023,2026-08-23,STR004,PRD009,9,299.0,2691.0
SAL010024,2026-08-23,STR004,PRD013,2,249.0,498.0
SAL010025,2026-08-23,STR004,PRD014,1,899.0,899.0
SAL010026,2026-08-23,STR004,PRD015,5,449.0,2245.0
SAL010027,2026-08-23,STR004,PRD018,15,899.0,13485.0
SAL010028,2026-08-23,STR004,PRD021,4,1099.0,4396.0
SAL010029,2026-08-23,STR004,PRD022,1,599.0,599.0
SAL010030,2026-08-23,STR004,PRD023,4,1299.0,5196.0
SAL010031,2026-08-23,STR004,PRD026,9,299.0,2691.0
SAL010032,2026-08-23,STR004,PRD030,7,199.0,1393.0
SAL010033,2026-08-23,STR004,PRD031,4,999.0,3996.0
SAL010034,2026-08-23,STR004,PRD035,1,449.0,449.0
SAL010035,2026-08-23,STR004,PRD036,7,329.0,2303.0
SAL010036,2026-08-23,STR004,PRD038,4,429.0,1716.0
SAL010037,2026-08-23,STR004,PRD039,6,299.0,1794.0
SAL010038,2026-08-23,STR004,PRD040,2,249.0,498.0
SAL010039,2026-08-24,STR001,PRD001,5,599.0,2995.0
SAL010040,2026-08-24,STR001,PRD003,4,3499.0,13996.0
SAL010041,2026-08-24,STR001,PRD004,5,1199.0,5995.0
SAL010042,2026-08-24,STR001,PRD005,11,2299.0,25289.0
SAL010043,2026-08-24,STR001,PRD008,4,1499.0,5996.0
SAL010044,2026-08-24,STR001,PRD009,5,299.0,1495.0
SAL010045,2026-08-24,STR001,PRD010,5,1299.0,6495.0
SAL010046,2026-08-24,STR001,PRD011,3,1599.0,4797.0
SAL010047,2026-08-24,STR001,PRD012,1,199.0,199.0
SAL010048,2026-08-24,STR001,PRD016,4,1199.0,4796.0
SAL010049,2026-08-24,STR001,PRD017,3,649.0,1947.0
SAL010050,2026-08-24,STR001,PRD018,6,899.0,5394.0
SAL010051,2026-08-24,STR001,PRD020,2,1499.0,2998.0
SAL010052,2026-08-24,STR001,PRD024,2,1499.0,2998.0
SAL010053,2026-08-24,STR001,PRD025,4,1899.0,7596.0
SAL010054,2026-08-24,STR001,PRD026,5,299.0,1495.0
SAL010055,2026-08-24,STR001,PRD027,4,179.0,716.0
SAL010056,2026-08-24,STR001,PRD030,4,199.0,796.0
SAL010057,2026-08-24,STR001,PRD031,2,999.0,1998.0
SAL010058,2026-08-24,STR001,PRD034,4,399.0,1596.0
SAL010059,2026-08-24,STR001,PRD035,7,449.0,3143.0
SAL010060,2026-08-24,STR001,PRD036,7,329.0,2303.0
SAL010061,2026-08-24,STR001,PRD039,2,299.0,598.0
SAL010062,2026-08-24,STR001,PRD040,5,249.0,1245.0
SAL010063,2026-08-24,STR002,PRD001,5,599.0,2995.0
SAL010064,2026-08-24,STR002,PRD002,5,2899.0,14495.0
SAL010065,2026-08-24,STR002,PRD003,1,3499.0,3499.0
SAL010066,2026-08-24,STR002,PRD004,8,1199.0,9592.0
SAL010067,2026-08-24,STR002,PRD005,9,2299.0,20691.0
SAL010068,2026-08-24,STR002,PRD006,2,1799.0,3598.0
SAL010069,2026-08-24,STR002,PRD009,3,299.0,897.0
SAL010070,2026-08-24,STR002,PRD010,1,1299.0,1299.0
SAL010071,2026-08-24,STR002,PRD011,5,1599.0,7995.0
SAL010072,2026-08-24,STR002,PRD012,5,199.0,995.0
SAL010073,2026-08-24,STR002,PRD017,3,649.0,1947.0
SAL010074,2026-08-24,STR002,PRD018,12,899.0,10788.0
SAL010075,2026-08-24,STR002,PRD020,3,1499.0,4497.0
SAL010076,2026-08-24,STR002,PRD022,2,599.0,1198.0
SAL010077,2026-08-24,STR002,PRD023,5,1299.0,6495.0
SAL010078,2026-08-24,STR002,PRD024,2,1499.0,2998.0
SAL010079,2026-08-24,STR002,PRD026,7,299.0,2093.0
SAL010080,2026-08-24,STR002,PRD027,5,179.0,895.0
SAL010081,2026-08-24,STR002,PRD029,5,349.0,1745.0
SAL010082,2026-08-24,STR002,PRD031,3,999.0,2997.0
SAL010083,2026-08-24,STR002,PRD035,1,449.0,449.0
SAL010084,2026-08-24,STR002,PRD039,2,299.0,598.0
SAL010085,2026-08-24,STR002,PRD040,5,249.0,1245.0
SAL010086,2026-08-24,STR003,PRD001,4,599.0,2396.0
SAL010087,2026-08-24,STR003,PRD003,1,3499.0,3499.0
SAL010088,2026-08-24,STR003,PRD004,5,1199.0,5995.0
SAL010089,2026-08-24,STR003,PRD005,8,2299.0,18392.0
SAL010090,2026-08-24,STR003,PRD009,5,299.0,1495.0
SAL010091,2026-08-24,STR003,PRD012,4,199.0,796.0
SAL010092,2026-08-24,STR003,PRD013,2,249.0,498.0
SAL010093,2026-08-24,STR003,PRD014,1,899.0,899.0
SAL010094,2026-08-24,STR003,PRD015,2,449.0,898.0
SAL010095,2026-08-24,STR003,PRD018,6,899.0,5394.0
SAL010096,2026-08-24,STR003,PRD021,4,1099.0,4396.0
SAL010097,2026-08-24,STR003,PRD026,6,299.0,1794.0
SAL010098,2026-08-24,STR003,PRD030,6,199.0,1194.0
SAL010099,2026-08-24,STR003,PRD031,1,999.0,999.0
SAL010100,2026-08-24,STR003,PRD033,2,849.0,1698.0
SAL010101,2026-08-24,STR003,PRD036,2,329.0,658.0
SAL010102,2026-08-24,STR003,PRD037,4,379.0,1516.0
SAL010103,2026-08-24,STR003,PRD038,1,429.0,429.0
SAL010104,2026-08-24,STR003,PRD039,3,299.0,897.0
SAL010105,2026-08-24,STR003,PRD040,3,249.0,747.0
SAL010106,2026-08-24,STR004,PRD001,6,599.0,3594.0
SAL010107,2026-08-24,STR004,PRD002,1,2899.0,2899.0
SAL010108,2026-08-24,STR004,PRD003,1,3499.0,3499.0
SAL010109,2026-08-24,STR004,PRD004,3,1199.0,3597.0
SAL010110,2026-08-24,STR004,PRD005,8,2299.0,18392.0
SAL010111,2026-08-24,STR004,PRD006,1,1799.0,1799.0
SAL010112,2026-08-24,STR004,PRD008,2,1499.0,2998.0
SAL010113,2026-08-24,STR004,PRD009,7,299.0,2093.0
SAL010114,2026-08-24,STR004,PRD011,4,1599.0,6396.0
SAL010115,2026-08-24,STR004,PRD012,3,199.0,597.0
SAL010116,2026-08-24,STR004,PRD014,2,899.0,1798.0
SAL010117,2026-08-24,STR004,PRD015,2,449.0,898.0
SAL010118,2026-08-24,STR004,PRD018,8,899.0,7192.0
SAL010119,2026-08-24,STR004,PRD020,4,1499.0,5996.0
SAL010120,2026-08-24,STR004,PRD021,1,1099.0,1099.0
SAL010121,2026-08-24,STR004,PRD023,4,1299.0,5196.0
SAL010122,2026-08-24,STR004,PRD026,3,299.0,897.0
SAL010123,2026-08-24,STR004,PRD030,6,199.0,1194.0
SAL010124,2026-08-24,STR004,PRD036,6,329.0,1974.0
SAL010125,2026-08-24,STR004,PRD038,4,429.0,1716.0
SAL010126,2026-08-24,STR004,PRD039,3,299.0,897.0
SAL010127,2026-08-24,STR004,PRD040,3,249.0,747.0
SAL010128,2026-08-25,STR001,PRD001,7,599.0,4193.0
SAL010129,2026-08-25,STR001,PRD003,1,3499.0,3499.0
SAL010130,2026-08-25,STR001,PRD004,4,1199.0,4796.0
SAL010131,2026-08-25,STR001,PRD005,10,2299.0,22990.0
SAL010132,2026-08-25,STR001,PRD006,2,1799.0,3598.0
SAL010133,2026-08-25,STR001,PRD008,3,1499.0,4497.0
SAL010134,2026-08-25,STR001,PRD009,2,299.0,598.0
SAL010135,2026-08-25,STR001,PRD010,7,1299.0,9093.0
SAL010136,2026-08-25,STR001,PRD011,3,1599.0,4797.0
SAL010137,2026-08-25,STR001,PRD012,1,199.0,199.0
SAL010138,2026-08-25,STR001,PRD018,7,899.0,6293.0
SAL010139,2026-08-25,STR001,PRD021,2,1099.0,2198.0
SAL010140,2026-08-25,STR001,PRD024,2,1499.0,2998.0
SAL010141,2026-08-25,STR001,PRD027,1,179.0,179.0
SAL010142,2026-08-25,STR001,PRD035,8,449.0,3592.0
SAL010143,2026-08-25,STR001,PRD038,3,429.0,1287.0
SAL010144,2026-08-25,STR001,PRD039,2,299.0,598.0
SAL010145,2026-08-25,STR001,PRD040,3,249.0,747.0
SAL010146,2026-08-25,STR002,PRD001,8,599.0,4792.0
SAL010147,2026-08-25,STR002,PRD002,3,2899.0,8697.0
SAL010148,2026-08-25,STR002,PRD005,10,2299.0,22990.0
SAL010149,2026-08-25,STR002,PRD006,5,1799.0,8995.0
SAL010150,2026-08-25,STR002,PRD012,5,199.0,995.0
SAL010151,2026-08-25,STR002,PRD015,2,449.0,898.0
SAL010152,2026-08-25,STR002,PRD016,1,1199.0,1199.0
SAL010153,2026-08-25,STR002,PRD017,2,649.0,1298.0
SAL010154,2026-08-25,STR002,PRD018,8,899.0,7192.0
SAL010155,2026-08-25,STR002,PRD023,5,1299.0,6495.0
SAL010156,2026-08-25,STR002,PRD024,5,1499.0,7495.0
SAL010157,2026-08-25,STR002,PRD026,3,299.0,897.0
SAL010158,2026-08-25,STR002,PRD029,3,349.0,1047.0
SAL010159,2026-08-25,STR002,PRD030,5,199.0,995.0
SAL010160,2026-08-25,STR002,PRD034,5,399.0,1995.0
SAL010161,2026-08-25,STR002,PRD036,6,329.0,1974.0
SAL010162,2026-08-25,STR002,PRD039,7,299.0,2093.0
SAL010163,2026-08-25,STR003,PRD001,3,599.0,1797.0
SAL010164,2026-08-25,STR003,PRD004,3,1199.0,3597.0
SAL010165,2026-08-25,STR003,PRD005,10,2299.0,22990.0
SAL010166,2026-08-25,STR003,PRD008,4,1499.0,5996.0
SAL010167,2026-08-25,STR003,PRD009,5,299.0,1495.0
SAL010168,2026-08-25,STR003,PRD014,1,899.0,899.0
SAL010169,2026-08-25,STR003,PRD015,3,449.0,1347.0
SAL010170,2026-08-25,STR003,PRD016,4,1199.0,4796.0
SAL010171,2026-08-25,STR003,PRD017,3,649.0,1947.0
SAL010172,2026-08-25,STR003,PRD018,9,899.0,8091.0
SAL010173,2026-08-25,STR003,PRD022,2,599.0,1198.0
SAL010174,2026-08-25,STR003,PRD023,2,1299.0,2598.0
SAL010175,2026-08-25,STR003,PRD025,2,1899.0,3798.0
SAL010176,2026-08-25,STR003,PRD026,2,299.0,598.0
SAL010177,2026-08-25,STR003,PRD033,1,849.0,849.0
SAL010178,2026-08-25,STR003,PRD034,1,399.0,399.0
SAL010179,2026-08-25,STR003,PRD036,3,329.0,987.0
SAL010180,2026-08-25,STR003,PRD037,1,379.0,379.0
SAL010181,2026-08-25,STR003,PRD038,3,429.0,1287.0
SAL010182,2026-08-25,STR003,PRD039,2,299.0,598.0
SAL010183,2026-08-25,STR004,PRD001,6,599.0,3594.0
SAL010184,2026-08-25,STR004,PRD002,2,2899.0,5798.0
SAL010185,2026-08-25,STR004,PRD003,3,3499.0,10497.0
SAL010186,2026-08-25,STR004,PRD004,7,1199.0,8393.0
SAL010187,2026-08-25,STR004,PRD005,12,2299.0,27588.0
SAL010188,2026-08-25,STR004,PRD006,2,1799.0,3598.0
SAL010189,2026-08-25,STR004,PRD009,7,299.0,2093.0
SAL010190,2026-08-25,STR004,PRD015,1,449.0,449.0
SAL010191,2026-08-25,STR004,PRD017,1,649.0,649.0
SAL010192,2026-08-25,STR004,PRD018,7,899.0,6293.0
SAL010193,2026-08-25,STR004,PRD024,1,1499.0,1499.0
SAL010194,2026-08-25,STR004,PRD025,2,1899.0,3798.0
SAL010195,2026-08-25,STR004,PRD026,6,299.0,1794.0
SAL010196,2026-08-25,STR004,PRD027,1,179.0,179.0
SAL010197,2026-08-25,STR004,PRD030,5,199.0,995.0
SAL010198,2026-08-25,STR004,PRD031,3,999.0,2997.0
SAL010199,2026-08-25,STR004,PRD034,3,399.0,1197.0
SAL010200,2026-08-25,STR004,PRD036,2,329.0,658.0
SAL010201,2026-08-25,STR004,PRD038,2,429.0,858.0
SAL010202,2026-08-25,STR004,PRD039,6,299.0,1794.0
SAL010203,2026-08-25,STR004,PRD040,3,249.0,747.0
SAL010204,2026-08-26,STR001,PRD001,7,599.0,4193.0
SAL010205,2026-08-26,STR001,PRD002,4,2899.0,11596.0
SAL010206,2026-08-26,STR001,PRD003,3,3499.0,10497.0
SAL010207,2026-08-26,STR001,PRD004,4,1199.0,4796.0
SAL010208,2026-08-26,STR001,PRD005,7,2299.0,16093.0
SAL010209,2026-08-26,STR001,PRD006,3,1799.0,5397.0
SAL010210,2026-08-26,STR001,PRD009,2,299.0,598.0
SAL010211,2026-08-26,STR001,PRD010,5,1299.0,6495.0
SAL010212,2026-08-26,STR001,PRD016,4,1199.0,4796.0
SAL010213,2026-08-26,STR001,PRD018,9,899.0,8091.0
SAL010214,2026-08-26,STR001,PRD019,1,1399.0,1399.0
SAL010215,2026-08-26,STR001,PRD021,4,1099.0,4396.0
SAL010216,2026-08-26,STR001,PRD023,2,1299.0,2598.0
SAL010217,2026-08-26,STR001,PRD024,2,1499.0,2998.0
SAL010218,2026-08-26,STR001,PRD025,1,1899.0,1899.0
SAL010219,2026-08-26,STR001,PRD026,3,299.0,897.0
SAL010220,2026-08-26,STR001,PRD027,4,179.0,716.0
SAL010221,2026-08-26,STR001,PRD029,3,349.0,1047.0
SAL010222,2026-08-26,STR001,PRD030,5,199.0,995.0
SAL010223,2026-08-26,STR001,PRD031,2,999.0,1998.0
SAL010224,2026-08-26,STR001,PRD033,1,849.0,849.0
SAL010225,2026-08-26,STR001,PRD034,2,399.0,798.0
SAL010226,2026-08-26,STR001,PRD035,5,449.0,2245.0
SAL010227,2026-08-26,STR001,PRD036,2,329.0,658.0
SAL010228,2026-08-26,STR001,PRD037,1,379.0,379.0
SAL010229,2026-08-26,STR001,PRD038,3,429.0,1287.0
SAL010230,2026-08-26,STR001,PRD039,5,299.0,1495.0
SAL010231,2026-08-26,STR001,PRD040,6,249.0,1494.0
SAL010232,2026-08-26,STR002,PRD002,1,2899.0,2899.0
SAL010233,2026-08-26,STR002,PRD003,2,3499.0,6998.0
SAL010234,2026-08-26,STR002,PRD005,12,2299.0,27588.0
SAL010235,2026-08-26,STR002,PRD006,3,1799.0,5397.0
SAL010236,2026-08-26,STR002,PRD008,2,1499.0,2998.0
SAL010237,2026-08-26,STR002,PRD009,5,299.0,1495.0
SAL010238,2026-08-26,STR002,PRD011,2,1599.0,3198.0
SAL010239,2026-08-26,STR002,PRD012,1,199.0,199.0
SAL010240,2026-08-26,STR002,PRD015,1,449.0,449.0
SAL010241,2026-08-26,STR002,PRD018,9,899.0,8091.0
SAL010242,2026-08-26,STR002,PRD020,2,1499.0,2998.0
SAL010243,2026-08-26,STR002,PRD026,6,299.0,1794.0
SAL010244,2026-08-26,STR002,PRD027,5,179.0,895.0
SAL010245,2026-08-26,STR002,PRD029,5,349.0,1745.0
SAL010246,2026-08-26,STR002,PRD034,2,399.0,798.0
SAL010247,2026-08-26,STR002,PRD036,2,329.0,658.0
SAL010248,2026-08-26,STR002,PRD038,5,429.0,2145.0
SAL010249,2026-08-26,STR002,PRD039,2,299.0,598.0
SAL010250,2026-08-26,STR002,PRD040,7,249.0,1743.0
SAL010251,2026-08-26,STR003,PRD001,7,599.0,4193.0
SAL010252,2026-08-26,STR003,PRD002,3,2899.0,8697.0
SAL010253,2026-08-26,STR003,PRD003,1,3499.0,3499.0
SAL010254,2026-08-26,STR003,PRD004,2,1199.0,2398.0
SAL010255,2026-08-26,STR003,PRD005,8,2299.0,18392.0
SAL010256,2026-08-26,STR003,PRD006,3,1799.0,5397.0
SAL010257,2026-08-26,STR003,PRD009,4,299.0,1196.0
SAL010258,2026-08-26,STR003,PRD011,4,1599.0,6396.0
SAL010259,2026-08-26,STR003,PRD012,1,199.0,199.0
SAL010260,2026-08-26,STR003,PRD013,2,249.0,498.0
SAL010261,2026-08-26,STR003,PRD015,1,449.0,449.0
SAL010262,2026-08-26,STR003,PRD017,1,649.0,649.0
SAL010263,2026-08-26,STR003,PRD018,8,899.0,7192.0
SAL010264,2026-08-26,STR003,PRD020,1,1499.0,1499.0
SAL010265,2026-08-26,STR003,PRD024,1,1499.0,1499.0
SAL010266,2026-08-26,STR003,PRD025,2,1899.0,3798.0
SAL010267,2026-08-26,STR003,PRD026,5,299.0,1495.0
SAL010268,2026-08-26,STR003,PRD029,1,349.0,349.0
SAL010269,2026-08-26,STR003,PRD030,6,199.0,1194.0
SAL010270,2026-08-26,STR003,PRD031,3,999.0,2997.0
SAL010271,2026-08-26,STR003,PRD032,2,699.0,1398.0
SAL010272,2026-08-26,STR003,PRD035,2,449.0,898.0
SAL010273,2026-08-26,STR003,PRD036,7,329.0,2303.0
SAL010274,2026-08-26,STR003,PRD038,4,429.0,1716.0
SAL010275,2026-08-26,STR003,PRD039,6,299.0,1794.0
SAL010276,2026-08-26,STR003,PRD040,5,249.0,1245.0
SAL010277,2026-08-26,STR004,PRD001,6,599.0,3594.0
SAL010278,2026-08-26,STR004,PRD002,4,2899.0,11596.0
SAL010279,2026-08-26,STR004,PRD004,3,1199.0,3597.0
SAL010280,2026-08-26,STR004,PRD005,11,2299.0,25289.0
SAL010281,2026-08-26,STR004,PRD010,1,1299.0,1299.0
SAL010282,2026-08-26,STR004,PRD012,3,199.0,597.0
SAL010283,2026-08-26,STR004,PRD013,1,249.0,249.0
SAL010284,2026-08-26,STR004,PRD015,1,449.0,449.0
SAL010285,2026-08-26,STR004,PRD017,4,649.0,2596.0
SAL010286,2026-08-26,STR004,PRD018,10,899.0,8990.0
SAL010287,2026-08-26,STR004,PRD024,3,1499.0,4497.0
SAL010288,2026-08-26,STR004,PRD026,5,299.0,1495.0
SAL010289,2026-08-26,STR004,PRD029,1,349.0,349.0
SAL010290,2026-08-26,STR004,PRD031,4,999.0,3996.0
SAL010291,2026-08-26,STR004,PRD033,2,849.0,1698.0
SAL010292,2026-08-26,STR004,PRD036,4,329.0,1316.0
SAL010293,2026-08-26,STR004,PRD037,1,379.0,379.0
SAL010294,2026-08-26,STR004,PRD038,3,429.0,1287.0
SAL010295,2026-08-26,STR004,PRD039,3,299.0,897.0
SAL010296,2026-08-27,STR001,PRD001,2,599.0,1198.0
SAL010297,2026-08-27,STR001,PRD002,4,2899.0,11596.0
SAL010298,2026-08-27,STR001,PRD003,2,3499.0,6998.0
SAL010299,2026-08-27,STR001,PRD004,2,1199.0,2398.0
SAL010300,2026-08-27,STR001,PRD005,10,2299.0,22990.0
SAL010301,2026-08-27,STR001,PRD008,2,1499.0,2998.0
SAL010302,2026-08-27,STR001,PRD009,5,299.0,1495.0
SAL010303,2026-08-27,STR001,PRD010,7,1299.0,9093.0
SAL010304,2026-08-27,STR001,PRD012,2,199.0,398.0
SAL010305,2026-08-27,STR001,PRD013,4,249.0,996.0
SAL010306,2026-08-27,STR001,PRD015,2,449.0,898.0
SAL010307,2026-08-27,STR001,PRD017,3,649.0,1947.0
SAL010308,2026-08-27,STR001,PRD018,11,899.0,9889.0
SAL010309,2026-08-27,STR001,PRD019,1,1399.0,1399.0
SAL010310,2026-08-27,STR001,PRD020,1,1499.0,1499.0
SAL010311,2026-08-27,STR001,PRD021,3,1099.0,3297.0
SAL010312,2026-08-27,STR001,PRD023,3,1299.0,3897.0
SAL010313,2026-08-27,STR001,PRD024,1,1499.0,1499.0
SAL010314,2026-08-27,STR001,PRD026,2,299.0,598.0
SAL010315,2026-08-27,STR001,PRD027,1,179.0,179.0
SAL010316,2026-08-27,STR001,PRD030,3,199.0,597.0
SAL010317,2026-08-27,STR001,PRD034,4,399.0,1596.0
SAL010318,2026-08-27,STR001,PRD035,7,449.0,3143.0
SAL010319,2026-08-27,STR001,PRD036,3,329.0,987.0
SAL010320,2026-08-27,STR001,PRD037,3,379.0,1137.0
SAL010321,2026-08-27,STR001,PRD038,2,429.0,858.0
SAL010322,2026-08-27,STR001,PRD039,2,299.0,598.0
SAL010323,2026-08-27,STR001,PRD040,6,249.0,1494.0
SAL010324,2026-08-27,STR002,PRD001,3,599.0,1797.0
SAL010325,2026-08-27,STR002,PRD002,3,2899.0,8697.0
SAL010326,2026-08-27,STR002,PRD004,2,1199.0,2398.0
SAL010327,2026-08-27,STR002,PRD005,12,2299.0,27588.0
SAL010328,2026-08-27,STR002,PRD006,5,1799.0,8995.0
SAL010329,2026-08-27,STR002,PRD009,5,299.0,1495.0
SAL010330,2026-08-27,STR002,PRD011,5,1599.0,7995.0
SAL010331,2026-08-27,STR002,PRD012,5,199.0,995.0
SAL010332,2026-08-27,STR002,PRD015,5,449.0,2245.0
SAL010333,2026-08-27,STR002,PRD016,3,1199.0,3597.0
SAL010334,2026-08-27,STR002,PRD017,3,649.0,1947.0
SAL010335,2026-08-27,STR002,PRD018,7,899.0,6293.0
SAL010336,2026-08-27,STR002,PRD019,1,1399.0,1399.0
SAL010337,2026-08-27,STR002,PRD020,2,1499.0,2998.0
SAL010338,2026-08-27,STR002,PRD021,3,1099.0,3297.0
SAL010339,2026-08-27,STR002,PRD022,2,599.0,1198.0
SAL010340,2026-08-27,STR002,PRD024,1,1499.0,1499.0
SAL010341,2026-08-27,STR002,PRD025,1,1899.0,1899.0
SAL010342,2026-08-27,STR002,PRD026,7,299.0,2093.0
SAL010343,2026-08-27,STR002,PRD028,1,499.0,499.0
SAL010344,2026-08-27,STR002,PRD029,2,349.0,698.0
SAL010345,2026-08-27,STR002,PRD030,7,199.0,1393.0
SAL010346,2026-08-27,STR002,PRD032,1,699.0,699.0
SAL010347,2026-08-27,STR002,PRD034,1,399.0,399.0
SAL010348,2026-08-27,STR002,PRD036,3,329.0,987.0
SAL010349,2026-08-27,STR002,PRD037,3,379.0,1137.0
SAL010350,2026-08-27,STR002,PRD039,7,299.0,2093.0
SAL010351,2026-08-27,STR002,PRD040,7,249.0,1743.0
SAL010352,2026-08-27,STR003,PRD001,3,599.0,1797.0
SAL010353,2026-08-27,STR003,PRD002,3,2899.0,8697.0
SAL010354,2026-08-27,STR003,PRD003,4,3499.0,13996.0
SAL010355,2026-08-27,STR003,PRD004,6,1199.0,7194.0
SAL010356,2026-08-27,STR003,PRD005,11,2299.0,25289.0
SAL010357,2026-08-27,STR003,PRD008,2,1499.0,2998.0
SAL010358,2026-08-27,STR003,PRD009,4,299.0,1196.0
SAL010359,2026-08-27,STR003,PRD011,4,1599.0,6396.0
SAL010360,2026-08-27,STR003,PRD012,1,199.0,199.0
SAL010361,2026-08-27,STR003,PRD013,4,249.0,996.0
SAL010362,2026-08-27,STR003,PRD015,3,449.0,1347.0
SAL010363,2026-08-27,STR003,PRD016,1,1199.0,1199.0
SAL010364,2026-08-27,STR003,PRD018,10,899.0,8990.0
SAL010365,2026-08-27,STR003,PRD019,1,1399.0,1399.0
SAL010366,2026-08-27,STR003,PRD020,4,1499.0,5996.0
SAL010367,2026-08-27,STR003,PRD026,6,299.0,1794.0
SAL010368,2026-08-27,STR003,PRD027,4,179.0,716.0
SAL010369,2026-08-27,STR003,PRD028,1,499.0,499.0
SAL010370,2026-08-27,STR003,PRD029,1,349.0,349.0
SAL010371,2026-08-27,STR003,PRD036,7,329.0,2303.0
SAL010372,2026-08-27,STR003,PRD037,4,379.0,1516.0
SAL010373,2026-08-27,STR003,PRD039,3,299.0,897.0
SAL010374,2026-08-27,STR004,PRD001,5,599.0,2995.0
SAL010375,2026-08-27,STR004,PRD004,2,1199.0,2398.0
SAL010376,2026-08-27,STR004,PRD006,1,1799.0,1799.0
SAL010377,2026-08-27,STR004,PRD008,1,1499.0,1499.0
SAL010378,2026-08-27,STR004,PRD009,2,299.0,598.0
SAL010379,2026-08-27,STR004,PRD013,1,249.0,249.0
SAL010380,2026-08-27,STR004,PRD015,1,449.0,449.0
SAL010381,2026-08-27,STR004,PRD017,3,649.0,1947.0
SAL010382,2026-08-27,STR004,PRD018,9,899.0,8091.0
SAL010383,2026-08-27,STR004,PRD021,4,1099.0,4396.0
SAL010384,2026-08-27,STR004,PRD022,2,599.0,1198.0
SAL010385,2026-08-27,STR004,PRD023,3,1299.0,3897.0
SAL010386,2026-08-27,STR004,PRD027,3,179.0,537.0
SAL010387,2026-08-27,STR004,PRD029,2,349.0,698.0
SAL010388,2026-08-27,STR004,PRD030,3,199.0,597.0
SAL010389,2026-08-27,STR004,PRD031,3,999.0,2997.0
SAL010390,2026-08-27,STR004,PRD034,2,399.0,798.0
SAL010391,2026-08-27,STR004,PRD036,4,329.0,1316.0
SAL010392,2026-08-27,STR004,PRD038,3,429.0,1287.0
SAL010393,2026-08-27,STR004,PRD039,5,299.0,1495.0
SAL010394,2026-08-27,STR004,PRD040,2,249.0,498.0
SAL010395,2026-08-28,STR001,PRD001,5,599.0,2995.0
SAL010396,2026-08-28,STR001,PRD002,4,2899.0,11596.0
SAL010397,2026-08-28,STR001,PRD003,2,3499.0,6998.0
SAL010398,2026-08-28,STR001,PRD004,2,1199.0,2398.0
SAL010399,2026-08-28,STR001,PRD005,9,2299.0,20691.0
SAL010400,2026-08-28,STR001,PRD008,2,1499.0,2998.0
SAL010401,2026-08-28,STR001,PRD009,5,299.0,1495.0
SAL010402,2026-08-28,STR001,PRD011,4,1599.0,6396.0
SAL010403,2026-08-28,STR001,PRD012,2,199.0,398.0
SAL010404,2026-08-28,STR001,PRD013,4,249.0,996.0
SAL010405,2026-08-28,STR001,PRD018,9,899.0,8091.0
SAL010406,2026-08-28,STR001,PRD021,1,1099.0,1099.0
SAL010407,2026-08-28,STR001,PRD025,1,1899.0,1899.0
SAL010408,2026-08-28,STR001,PRD026,3,299.0,897.0
SAL010409,2026-08-28,STR001,PRD027,4,179.0,716.0
SAL010410,2026-08-28,STR001,PRD029,3,349.0,1047.0
SAL010411,2026-08-28,STR001,PRD030,6,199.0,1194.0
SAL010412,2026-08-28,STR001,PRD031,3,999.0,2997.0
SAL010413,2026-08-28,STR001,PRD035,8,449.0,3592.0
SAL010414,2026-08-28,STR001,PRD036,6,329.0,1974.0
SAL010415,2026-08-28,STR001,PRD037,1,379.0,379.0
SAL010416,2026-08-28,STR001,PRD038,2,429.0,858.0
SAL010417,2026-08-28,STR001,PRD039,2,299.0,598.0
SAL010418,2026-08-28,STR001,PRD040,2,249.0,498.0
SAL010419,2026-08-28,STR002,PRD002,5,2899.0,14495.0
SAL010420,2026-08-28,STR002,PRD003,1,3499.0,3499.0
SAL010421,2026-08-28,STR002,PRD004,3,1199.0,3597.0
SAL010422,2026-08-28,STR002,PRD005,9,2299.0,20691.0
SAL010423,2026-08-28,STR002,PRD008,2,1499.0,2998.0
SAL010424,2026-08-28,STR002,PRD009,2,299.0,598.0
SAL010425,2026-08-28,STR002,PRD011,1,1599.0,1599.0
SAL010426,2026-08-28,STR002,PRD012,5,199.0,995.0
SAL010427,2026-08-28,STR002,PRD015,1,449.0,449.0
SAL010428,2026-08-28,STR002,PRD016,1,1199.0,1199.0
SAL010429,2026-08-28,STR002,PRD017,3,649.0,1947.0
SAL010430,2026-08-28,STR002,PRD018,14,899.0,12586.0
SAL010431,2026-08-28,STR002,PRD021,3,1099.0,3297.0
SAL010432,2026-08-28,STR002,PRD023,3,1299.0,3897.0
SAL010433,2026-08-28,STR002,PRD029,1,349.0,349.0
SAL010434,2026-08-28,STR002,PRD030,8,199.0,1592.0
SAL010435,2026-08-28,STR002,PRD031,2,999.0,1998.0
SAL010436,2026-08-28,STR002,PRD036,5,329.0,1645.0
SAL010437,2026-08-28,STR002,PRD039,6,299.0,1794.0
SAL010438,2026-08-28,STR002,PRD040,5,249.0,1245.0
SAL010439,2026-08-28,STR003,PRD001,5,599.0,2995.0
SAL010440,2026-08-28,STR003,PRD004,7,1199.0,8393.0
SAL010441,2026-08-28,STR003,PRD005,7,2299.0,16093.0
SAL010442,2026-08-28,STR003,PRD006,4,1799.0,7196.0
SAL010443,2026-08-28,STR003,PRD009,5,299.0,1495.0
SAL010444,2026-08-28,STR003,PRD011,4,1599.0,6396.0
SAL010445,2026-08-28,STR003,PRD013,2,249.0,498.0
SAL010446,2026-08-28,STR003,PRD018,8,899.0,7192.0
SAL010447,2026-08-28,STR003,PRD020,2,1499.0,2998.0
SAL010448,2026-08-28,STR003,PRD023,4,1299.0,5196.0
SAL010449,2026-08-28,STR003,PRD025,1,1899.0,1899.0
SAL010450,2026-08-28,STR003,PRD029,1,349.0,349.0
SAL010451,2026-08-28,STR003,PRD031,4,999.0,3996.0
SAL010452,2026-08-28,STR003,PRD033,1,849.0,849.0
SAL010453,2026-08-28,STR003,PRD034,1,399.0,399.0
SAL010454,2026-08-28,STR003,PRD036,4,329.0,1316.0
SAL010455,2026-08-28,STR003,PRD037,2,379.0,758.0
SAL010456,2026-08-28,STR003,PRD038,1,429.0,429.0
SAL010457,2026-08-28,STR003,PRD039,4,299.0,1196.0
SAL010458,2026-08-28,STR003,PRD040,7,249.0,1743.0
SAL010459,2026-08-28,STR004,PRD001,6,599.0,3594.0
SAL010460,2026-08-28,STR004,PRD004,4,1199.0,4796.0
SAL010461,2026-08-28,STR004,PRD005,9,2299.0,20691.0
SAL010462,2026-08-28,STR004,PRD006,4,1799.0,7196.0
SAL010463,2026-08-28,STR004,PRD007,1,1999.0,1999.0
SAL010464,2026-08-28,STR004,PRD009,4,299.0,1196.0
SAL010465,2026-08-28,STR004,PRD011,2,1599.0,3198.0
SAL010466,2026-08-28,STR004,PRD013,2,249.0,498.0
SAL010467,2026-08-28,STR004,PRD016,4,1199.0,4796.0
SAL010468,2026-08-28,STR004,PRD017,2,649.0,1298.0
SAL010469,2026-08-28,STR004,PRD018,7,899.0,6293.0
SAL010470,2026-08-28,STR004,PRD021,1,1099.0,1099.0
SAL010471,2026-08-28,STR004,PRD023,1,1299.0,1299.0
SAL010472,2026-08-28,STR004,PRD024,1,1499.0,1499.0
SAL010473,2026-08-28,STR004,PRD026,2,299.0,598.0
SAL010474,2026-08-28,STR004,PRD029,3,349.0,1047.0
SAL010475,2026-08-28,STR004,PRD030,5,199.0,995.0
SAL010476,2026-08-28,STR004,PRD031,4,999.0,3996.0
SAL010477,2026-08-28,STR004,PRD032,2,699.0,1398.0
SAL010478,2026-08-28,STR004,PRD036,2,329.0,658.0
SAL010479,2026-08-28,STR004,PRD037,1,379.0,379.0
SAL010480,2026-08-28,STR004,PRD039,7,299.0,2093.0
SAL010481,2026-08-28,STR004,PRD040,6,249.0,1494.0
SAL010482,2026-08-29,STR001,PRD001,4,599.0,2396.0
SAL010483,2026-08-29,STR001,PRD002,4,2899.0,11596.0
SAL010484,2026-08-29,STR001,PRD004,8,1199.0,9592.0
SAL010485,2026-08-29,STR001,PRD005,16,2299.0,36784.0
SAL010486,2026-08-29,STR001,PRD009,7,299.0,2093.0
SAL010487,2026-08-29,STR001,PRD010,7,1299.0,9093.0
SAL010488,2026-08-29,STR001,PRD012,1,199.0,199.0
SAL010489,2026-08-29,STR001,PRD013,4,249.0,996.0
SAL010490,2026-08-29,STR001,PRD015,5,449.0,2245.0
SAL010491,2026-08-29,STR001,PRD017,5,649.0,3245.0
SAL010492,2026-08-29,STR001,PRD018,10,899.0,8990.0
SAL010493,2026-08-29,STR001,PRD021,3,1099.0,3297.0
SAL010494,2026-08-29,STR001,PRD022,1,599.0,599.0
SAL010495,2026-08-29,STR001,PRD024,3,1499.0,4497.0
SAL010496,2026-08-29,STR001,PRD026,4,299.0,1196.0
SAL010497,2026-08-29,STR001,PRD030,3,199.0,597.0
SAL010498,2026-08-29,STR001,PRD031,1,999.0,999.0
SAL010499,2026-08-29,STR001,PRD035,7,449.0,3143.0
SAL010500,2026-08-29,STR001,PRD036,5,329.0,1645.0
SAL010501,2026-08-29,STR001,PRD039,4,299.0,1196.0
SAL010502,2026-08-29,STR001,PRD040,4,249.0,996.0
SAL010503,2026-08-29,STR002,PRD001,10,599.0,5990.0
SAL010504,2026-08-29,STR002,PRD003,6,3499.0,20994.0
SAL010505,2026-08-29,STR002,PRD004,3,1199.0,3597.0
SAL010506,2026-08-29,STR002,PRD005,10,2299.0,22990.0
SAL010507,2026-08-29,STR002,PRD006,1,1799.0,1799.0
SAL010508,2026-08-29,STR002,PRD009,6,299.0,1794.0
SAL010509,2026-08-29,STR002,PRD010,1,1299.0,1299.0
SAL010510,2026-08-29,STR002,PRD013,6,249.0,1494.0
SAL010511,2026-08-29,STR002,PRD015,3,449.0,1347.0
SAL010512,2026-08-29,STR002,PRD016,4,1199.0,4796.0
SAL010513,2026-08-29,STR002,PRD018,11,899.0,9889.0
SAL010514,2026-08-29,STR002,PRD020,3,1499.0,4497.0
SAL010515,2026-08-29,STR002,PRD021,6,1099.0,6594.0
SAL010516,2026-08-29,STR002,PRD023,4,1299.0,5196.0
SAL010517,2026-08-29,STR002,PRD025,6,1899.0,11394.0
SAL010518,2026-08-29,STR002,PRD026,10,299.0,2990.0
SAL010519,2026-08-29,STR002,PRD027,1,179.0,179.0
SAL010520,2026-08-29,STR002,PRD030,4,199.0,796.0
SAL010521,2026-08-29,STR002,PRD031,6,999.0,5994.0
SAL010522,2026-08-29,STR002,PRD034,4,399.0,1596.0
SAL010523,2026-08-29,STR002,PRD036,6,329.0,1974.0
SAL010524,2026-08-29,STR002,PRD037,4,379.0,1516.0
SAL010525,2026-08-29,STR002,PRD039,10,299.0,2990.0
SAL010526,2026-08-29,STR002,PRD040,10,249.0,2490.0
SAL010527,2026-08-29,STR003,PRD003,5,3499.0,17495.0
SAL010528,2026-08-29,STR003,PRD004,7,1199.0,8393.0
SAL010529,2026-08-29,STR003,PRD005,10,2299.0,22990.0
SAL010530,2026-08-29,STR003,PRD008,4,1499.0,5996.0
SAL010531,2026-08-29,STR003,PRD011,1,1599.0,1599.0
SAL010532,2026-08-29,STR003,PRD012,5,199.0,995.0
SAL010533,2026-08-29,STR003,PRD013,1,249.0,249.0
SAL010534,2026-08-29,STR003,PRD014,1,899.0,899.0
SAL010535,2026-08-29,STR003,PRD015,4,449.0,1796.0
SAL010536,2026-08-29,STR003,PRD016,1,1199.0,1199.0
SAL010537,2026-08-29,STR003,PRD017,4,649.0,2596.0
SAL010538,2026-08-29,STR003,PRD018,12,899.0,10788.0
SAL010539,2026-08-29,STR003,PRD021,2,1099.0,2198.0
SAL010540,2026-08-29,STR003,PRD025,4,1899.0,7596.0
SAL010541,2026-08-29,STR003,PRD029,2,349.0,698.0
SAL010542,2026-08-29,STR003,PRD030,6,199.0,1194.0
SAL010543,2026-08-29,STR003,PRD031,1,999.0,999.0
SAL010544,2026-08-29,STR003,PRD032,2,699.0,1398.0
SAL010545,2026-08-29,STR003,PRD036,4,329.0,1316.0
SAL010546,2026-08-29,STR003,PRD038,4,429.0,1716.0
SAL010547,2026-08-29,STR003,PRD039,8,299.0,2392.0
SAL010548,2026-08-29,STR003,PRD040,6,249.0,1494.0
SAL010549,2026-08-29,STR004,PRD001,4,599.0,2396.0
SAL010550,2026-08-29,STR004,PRD002,4,2899.0,11596.0
SAL010551,2026-08-29,STR004,PRD004,4,1199.0,4796.0
SAL010552,2026-08-29,STR004,PRD005,7,2299.0,16093.0
SAL010553,2026-08-29,STR004,PRD006,4,1799.0,7196.0
SAL010554,2026-08-29,STR004,PRD008,2,1499.0,2998.0
SAL010555,2026-08-29,STR004,PRD009,4,299.0,1196.0
SAL010556,2026-08-29,STR004,PRD013,2,249.0,498.0
SAL010557,2026-08-29,STR004,PRD016,1,1199.0,1199.0
SAL010558,2026-08-29,STR004,PRD017,5,649.0,3245.0
SAL010559,2026-08-29,STR004,PRD018,12,899.0,10788.0
SAL010560,2026-08-29,STR004,PRD020,5,1499.0,7495.0
SAL010561,2026-08-29,STR004,PRD021,5,1099.0,5495.0
SAL010562,2026-08-29,STR004,PRD024,4,1499.0,5996.0
SAL010563,2026-08-29,STR004,PRD025,1,1899.0,1899.0
SAL010564,2026-08-29,STR004,PRD026,2,299.0,598.0
SAL010565,2026-08-29,STR004,PRD027,5,179.0,895.0
SAL010566,2026-08-29,STR004,PRD030,6,199.0,1194.0
SAL010567,2026-08-29,STR004,PRD031,1,999.0,999.0
SAL010568,2026-08-29,STR004,PRD034,5,399.0,1995.0
SAL010569,2026-08-29,STR004,PRD036,6,329.0,1974.0
SAL010570,2026-08-29,STR004,PRD037,2,379.0,758.0
SAL010571,2026-08-29,STR004,PRD039,5,299.0,1495.0
SAL010572,2026-08-29,STR004,PRD040,9,249.0,2241.0
SAL010573,2026-08-30,STR001,PRD001,3,599.0,1797.0
SAL010574,2026-08-30,STR001,PRD004,3,1199.0,3597.0
SAL010575,2026-08-30,STR001,PRD005,14,2299.0,32186.0
SAL010576,2026-08-30,STR001,PRD006,4,1799.0,7196.0
SAL010577,2026-08-30,STR001,PRD008,3,1499.0,4497.0
SAL010578,2026-08-30,STR001,PRD009,3,299.0,897.0
SAL010579,2026-08-30,STR001,PRD010,9,1299.0,11691.0
SAL010580,2026-08-30,STR001,PRD011,5,1599.0,7995.0
SAL010581,2026-08-30,STR001,PRD012,3,199.0,597.0
SAL010582,2026-08-30,STR001,PRD013,3,249.0,747.0
SAL010583,2026-08-30,STR001,PRD015,1,449.0,449.0
SAL010584,2026-08-30,STR001,PRD017,4,649.0,2596.0
SAL010585,2026-08-30,STR001,PRD018,16,899.0,14384.0
SAL010586,2026-08-30,STR001,PRD020,5,1499.0,7495.0
SAL010587,2026-08-30,STR001,PRD021,3,1099.0,3297.0
SAL010588,2026-08-30,STR001,PRD025,1,1899.0,1899.0
SAL010589,2026-08-30,STR001,PRD027,5,179.0,895.0
SAL010590,2026-08-30,STR001,PRD029,5,349.0,1745.0
SAL010591,2026-08-30,STR001,PRD030,7,199.0,1393.0
SAL010592,2026-08-30,STR001,PRD035,7,449.0,3143.0
SAL010593,2026-08-30,STR001,PRD037,4,379.0,1516.0
SAL010594,2026-08-30,STR001,PRD039,3,299.0,897.0
SAL010595,2026-08-30,STR001,PRD040,7,249.0,1743.0
SAL010596,2026-08-30,STR002,PRD001,9,599.0,5391.0
SAL010597,2026-08-30,STR002,PRD002,1,2899.0,2899.0
SAL010598,2026-08-30,STR002,PRD004,10,1199.0,11990.0
SAL010599,2026-08-30,STR002,PRD005,9,2299.0,20691.0
SAL010600,2026-08-30,STR002,PRD006,1,1799.0,1799.0
SAL010601,2026-08-30,STR002,PRD008,6,1499.0,8994.0
SAL010602,2026-08-30,STR002,PRD009,4,299.0,1196.0
SAL010603,2026-08-30,STR002,PRD011,4,1599.0,6396.0
SAL010604,2026-08-30,STR002,PRD012,4,199.0,796.0
SAL010605,2026-08-30,STR002,PRD013,1,249.0,249.0
SAL010606,2026-08-30,STR002,PRD016,6,1199.0,7194.0
SAL010607,2026-08-30,STR002,PRD017,3,649.0,1947.0
SAL010608,2026-08-30,STR002,PRD018,17,899.0,15283.0
SAL010609,2026-08-30,STR002,PRD019,3,1399.0,4197.0
SAL010610,2026-08-30,STR002,PRD020,3,1499.0,4497.0
SAL010611,2026-08-30,STR002,PRD022,1,599.0,599.0
SAL010612,2026-08-30,STR002,PRD023,3,1299.0,3897.0
SAL010613,2026-08-30,STR002,PRD026,4,299.0,1196.0
SAL010614,2026-08-30,STR002,PRD027,4,179.0,716.0
SAL010615,2026-08-30,STR002,PRD031,6,999.0,5994.0
SAL010616,2026-08-30,STR002,PRD032,3,699.0,2097.0
SAL010617,2026-08-30,STR002,PRD036,3,329.0,987.0
SAL010618,2026-08-30,STR002,PRD037,4,379.0,1516.0
SAL010619,2026-08-30,STR002,PRD039,6,299.0,1794.0
SAL010620,2026-08-30,STR002,PRD040,7,249.0,1743.0
SAL010621,2026-08-30,STR003,PRD001,6,599.0,3594.0
SAL010622,2026-08-30,STR003,PRD002,2,2899.0,5798.0
SAL010623,2026-08-30,STR003,PRD003,2,3499.0,6998.0
SAL010624,2026-08-30,STR003,PRD004,6,1199.0,7194.0
SAL010625,2026-08-30,STR003,PRD005,12,2299.0,27588.0
SAL010626,2026-08-30,STR003,PRD006,2,1799.0,3598.0
SAL010627,2026-08-30,STR003,PRD007,1,1999.0,1999.0
SAL010628,2026-08-30,STR003,PRD009,7,299.0,2093.0
SAL010629,2026-08-30,STR003,PRD010,2,1299.0,2598.0
SAL010630,2026-08-30,STR003,PRD011,5,1599.0,7995.0
SAL010631,2026-08-30,STR003,PRD012,4,199.0,796.0
SAL010632,2026-08-30,STR003,PRD014,1,899.0,899.0
SAL010633,2026-08-30,STR003,PRD015,4,449.0,1796.0
SAL010634,2026-08-30,STR003,PRD018,10,899.0,8990.0
SAL010635,2026-08-30,STR003,PRD020,4,1499.0,5996.0
SAL010636,2026-08-30,STR003,PRD023,4,1299.0,5196.0
SAL010637,2026-08-30,STR003,PRD024,1,1499.0,1499.0
SAL010638,2026-08-30,STR003,PRD025,2,1899.0,3798.0
SAL010639,2026-08-30,STR003,PRD026,7,299.0,2093.0
SAL010640,2026-08-30,STR003,PRD030,6,199.0,1194.0
SAL010641,2026-08-30,STR003,PRD031,2,999.0,1998.0
SAL010642,2026-08-30,STR003,PRD036,6,329.0,1974.0
SAL010643,2026-08-30,STR003,PRD037,4,379.0,1516.0
SAL010644,2026-08-30,STR003,PRD039,2,299.0,598.0
SAL010645,2026-08-30,STR003,PRD040,2,249.0,498.0
SAL010646,2026-08-30,STR004,PRD004,4,1199.0,4796.0
SAL010647,2026-08-30,STR004,PRD005,14,2299.0,32186.0
SAL010648,2026-08-30,STR004,PRD006,5,1799.0,8995.0
SAL010649,2026-08-30,STR004,PRD007,1,1999.0,1999.0
SAL010650,2026-08-30,STR004,PRD008,5,1499.0,7495.0
SAL010651,2026-08-30,STR004,PRD009,2,299.0,598.0
SAL010652,2026-08-30,STR004,PRD010,1,1299.0,1299.0
SAL010653,2026-08-30,STR004,PRD011,5,1599.0,7995.0
SAL010654,2026-08-30,STR004,PRD012,1,199.0,199.0
SAL010655,2026-08-30,STR004,PRD018,15,899.0,13485.0
SAL010656,2026-08-30,STR004,PRD020,1,1499.0,1499.0
SAL010657,2026-08-30,STR004,PRD027,5,179.0,895.0
SAL010658,2026-08-30,STR004,PRD030,4,199.0,796.0
SAL010659,2026-08-30,STR004,PRD031,5,999.0,4995.0
SAL010660,2026-08-30,STR004,PRD033,2,849.0,1698.0
SAL010661,2026-08-30,STR004,PRD036,9,329.0,2961.0
SAL010662,2026-08-30,STR004,PRD037,1,379.0,379.0
SAL010663,2026-08-30,STR004,PRD039,6,299.0,1794.0
SAL010664,2026-08-30,STR004,PRD040,7,249.0,1743.0
SAL010665,2026-08-31,STR001,PRD001,6,599.0,3594.0
SAL010666,2026-08-31,STR001,PRD004,4,1199.0,4796.0
SAL010667,2026-08-31,STR001,PRD005,8,2299.0,18392.0
SAL010668,2026-08-31,STR001,PRD006,3,1799.0,5397.0
SAL010669,2026-08-31,STR001,PRD008,1,1499.0,1499.0
SAL010670,2026-08-31,STR001,PRD009,2,299.0,598.0
SAL010671,2026-08-31,STR001,PRD010,8,1299.0,10392.0
SAL010672,2026-08-31,STR001,PRD012,4,199.0,796.0
SAL010673,2026-08-31,STR001,PRD013,3,249.0,747.0
SAL010674,2026-08-31,STR001,PRD015,4,449.0,1796.0
SAL010675,2026-08-31,STR001,PRD018,9,899.0,8091.0
SAL010676,2026-08-31,STR001,PRD019,2,1399.0,2798.0
SAL010677,2026-08-31,STR001,PRD020,2,1499.0,2998.0
SAL010678,2026-08-31,STR001,PRD026,5,299.0,1495.0
SAL010679,2026-08-31,STR001,PRD030,6,199.0,1194.0
SAL010680,2026-08-31,STR001,PRD035,7,449.0,3143.0
SAL010681,2026-08-31,STR001,PRD036,6,329.0,1974.0
SAL010682,2026-08-31,STR001,PRD037,4,379.0,1516.0
SAL010683,2026-08-31,STR001,PRD038,2,429.0,858.0
SAL010684,2026-08-31,STR001,PRD040,5,249.0,1245.0
SAL010685,2026-08-31,STR002,PRD001,8,599.0,4792.0
SAL010686,2026-08-31,STR002,PRD002,5,2899.0,14495.0
SAL010687,2026-08-31,STR002,PRD004,8,1199.0,9592.0
SAL010688,2026-08-31,STR002,PRD005,10,2299.0,22990.0
SAL010689,2026-08-31,STR002,PRD007,1,1999.0,1999.0
SAL010690,2026-08-31,STR002,PRD008,1,1499.0,1499.0
SAL010691,2026-08-31,STR002,PRD009,2,299.0,598.0
SAL010692,2026-08-31,STR002,PRD011,5,1599.0,7995.0
SAL010693,2026-08-31,STR002,PRD012,2,199.0,398.0
SAL010694,2026-08-31,STR002,PRD013,3,249.0,747.0
SAL010695,2026-08-31,STR002,PRD015,2,449.0,898.0
SAL010696,2026-08-31,STR002,PRD016,3,1199.0,3597.0
SAL010697,2026-08-31,STR002,PRD017,3,649.0,1947.0
SAL010698,2026-08-31,STR002,PRD018,7,899.0,6293.0
SAL010699,2026-08-31,STR002,PRD020,2,1499.0,2998.0
SAL010700,2026-08-31,STR002,PRD023,2,1299.0,2598.0
SAL010701,2026-08-31,STR002,PRD024,2,1499.0,2998.0
SAL010702,2026-08-31,STR002,PRD025,3,1899.0,5697.0
SAL010703,2026-08-31,STR002,PRD026,5,299.0,1495.0
SAL010704,2026-08-31,STR002,PRD030,3,199.0,597.0
SAL010705,2026-08-31,STR002,PRD034,5,399.0,1995.0
SAL010706,2026-08-31,STR002,PRD036,2,329.0,658.0
SAL010707,2026-08-31,STR002,PRD039,5,299.0,1495.0
SAL010708,2026-08-31,STR002,PRD040,2,249.0,498.0
SAL010709,2026-08-31,STR003,PRD002,1,2899.0,2899.0
SAL010710,2026-08-31,STR003,PRD003,4,3499.0,13996.0
SAL010711,2026-08-31,STR003,PRD004,3,1199.0,3597.0
SAL010712,2026-08-31,STR003,PRD005,8,2299.0,18392.0
SAL010713,2026-08-31,STR003,PRD006,3,1799.0,5397.0
SAL010714,2026-08-31,STR003,PRD009,2,299.0,598.0
SAL010715,2026-08-31,STR003,PRD011,2,1599.0,3198.0
SAL010716,2026-08-31,STR003,PRD015,1,449.0,449.0
SAL010717,2026-08-31,STR003,PRD017,4,649.0,2596.0
SAL010718,2026-08-31,STR003,PRD018,6,899.0,5394.0
SAL010719,2026-08-31,STR003,PRD020,2,1499.0,2998.0
SAL010720,2026-08-31,STR003,PRD023,1,1299.0,1299.0
SAL010721,2026-08-31,STR003,PRD024,3,1499.0,4497.0
SAL010722,2026-08-31,STR003,PRD025,3,1899.0,5697.0
SAL010723,2026-08-31,STR003,PRD026,2,299.0,598.0
SAL010724,2026-08-31,STR003,PRD029,3,349.0,1047.0
SAL010725,2026-08-31,STR003,PRD030,2,199.0,398.0
SAL010726,2026-08-31,STR003,PRD031,4,999.0,3996.0
SAL010727,2026-08-31,STR003,PRD032,2,699.0,1398.0
SAL010728,2026-08-31,STR003,PRD034,4,399.0,1596.0
SAL010729,2026-08-31,STR003,PRD036,7,329.0,2303.0
SAL010730,2026-08-31,STR003,PRD037,2,379.0,758.0
SAL010731,2026-08-31,STR003,PRD038,2,429.0,858.0
SAL010732,2026-08-31,STR003,PRD039,3,299.0,897.0
SAL010733,2026-08-31,STR003,PRD040,6,249.0,1494.0
SAL010734,2026-08-31,STR004,PRD001,7,599.0,4193.0
SAL010735,2026-08-31,STR004,PRD003,2,3499.0,6998.0
SAL010736,2026-08-31,STR004,PRD004,3,1199.0,3597.0
SAL010737,2026-08-31,STR004,PRD005,9,2299.0,20691.0
SAL010738,2026-08-31,STR004,PRD012,2,199.0,398.0
SAL010739,2026-08-31,STR004,PRD013,4,249.0,996.0
SAL010740,2026-08-31,STR004,PRD015,1,449.0,449.0
SAL010741,2026-08-31,STR004,PRD016,4,1199.0,4796.0
SAL010742,2026-08-31,STR004,PRD018,11,899.0,9889.0
SAL010743,2026-08-31,STR004,PRD020,1,1499.0,1499.0
SAL010744,2026-08-31,STR004,PRD023,1,1299.0,1299.0
SAL010745,2026-08-31,STR004,PRD024,2,1499.0,2998.0
SAL010746,2026-08-31,STR004,PRD025,1,1899.0,1899.0
SAL010747,2026-08-31,STR004,PRD026,6,299.0,1794.0
SAL010748,2026-08-31,STR004,PRD027,2,179.0,358.0
SAL010749,2026-08-31,STR004,PRD029,1,349.0,349.0
SAL010750,2026-08-31,STR004,PRD030,3,199.0,597.0
SAL010751,2026-08-31,STR004,PRD036,7,329.0,2303.0
SAL010752,2026-08-31,STR004,PRD039,7,299.0,2093.0
SAL010753,2026-08-31,STR004,PRD040,2,249.0,498.0
SAL010754,2026-09-01,STR001,PRD001,4,599.0,2396.0
SAL010755,2026-09-01,STR001,PRD002,4,2899.0,11596.0
SAL010756,2026-09-01,STR001,PRD003,2,3499.0,6998.0
SAL010757,2026-09-01,STR001,PRD004,2,1199.0,2398.0
SAL010758,2026-09-01,STR001,PRD005,10,2299.0,22990.0
SAL010759,2026-09-01,STR001,PRD006,2,1799.0,3598.0
SAL010760,2026-09-01,STR001,PRD009,4,299.0,1196.0
SAL010761,2026-09-01,STR001,PRD010,4,1299.0,5196.0
SAL010762,2026-09-01,STR001,PRD011,3,1599.0,4797.0
SAL010763,2026-09-01,STR001,PRD012,4,199.0,796.0
SAL010764,2026-09-01,STR001,PRD016,2,1199.0,2398.0
SAL010765,2026-09-01,STR001,PRD017,1,649.0,649.0
SAL010766,2026-09-01,STR001,PRD020,1,1499.0,1499.0
SAL010767,2026-09-01,STR001,PRD024,3,1499.0,4497.0
SAL010768,2026-09-01,STR001,PRD025,3,1899.0,5697.0
SAL010769,2026-09-01,STR001,PRD026,2,299.0,598.0
SAL010770,2026-09-01,STR001,PRD030,5,199.0,995.0
SAL010771,2026-09-01,STR001,PRD035,6,449.0,2694.0
SAL010772,2026-09-01,STR001,PRD036,5,329.0,1645.0
SAL010773,2026-09-01,STR001,PRD037,4,379.0,1516.0
SAL010774,2026-09-01,STR001,PRD039,6,299.0,1794.0
SAL010775,2026-09-01,STR002,PRD001,6,599.0,3594.0
SAL010776,2026-09-01,STR002,PRD002,3,2899.0,8697.0
SAL010777,2026-09-01,STR002,PRD003,5,3499.0,17495.0
SAL010778,2026-09-01,STR002,PRD004,2,1199.0,2398.0
SAL010779,2026-09-01,STR002,PRD006,5,1799.0,8995.0
SAL010780,2026-09-01,STR002,PRD008,3,1499.0,4497.0
SAL010781,2026-09-01,STR002,PRD009,7,299.0,2093.0
SAL010782,2026-09-01,STR002,PRD010,1,1299.0,1299.0
SAL010783,2026-09-01,STR002,PRD011,2,1599.0,3198.0
SAL010784,2026-09-01,STR002,PRD014,2,899.0,1798.0
SAL010785,2026-09-01,STR002,PRD015,5,449.0,2245.0
SAL010786,2026-09-01,STR002,PRD016,3,1199.0,3597.0
SAL010787,2026-09-01,STR002,PRD017,5,649.0,3245.0
SAL010788,2026-09-01,STR002,PRD018,11,899.0,9889.0
SAL010789,2026-09-01,STR002,PRD020,5,1499.0,7495.0
SAL010790,2026-09-01,STR002,PRD023,2,1299.0,2598.0
SAL010791,2026-09-01,STR002,PRD024,5,1499.0,7495.0
SAL010792,2026-09-01,STR002,PRD025,5,1899.0,9495.0
SAL010793,2026-09-01,STR002,PRD029,5,349.0,1745.0
SAL010794,2026-09-01,STR002,PRD030,3,199.0,597.0
SAL010795,2026-09-01,STR002,PRD035,2,449.0,898.0
SAL010796,2026-09-01,STR002,PRD036,5,329.0,1645.0
SAL010797,2026-09-01,STR002,PRD038,5,429.0,2145.0
SAL010798,2026-09-01,STR002,PRD039,2,299.0,598.0
SAL010799,2026-09-01,STR002,PRD040,2,249.0,498.0
SAL010800,2026-09-01,STR003,PRD003,1,3499.0,3499.0
SAL010801,2026-09-01,STR003,PRD004,2,1199.0,2398.0
SAL010802,2026-09-01,STR003,PRD005,6,2299.0,13794.0
SAL010803,2026-09-01,STR003,PRD006,4,1799.0,7196.0
SAL010804,2026-09-01,STR003,PRD009,2,299.0,598.0
SAL010805,2026-09-01,STR003,PRD013,3,249.0,747.0
SAL010806,2026-09-01,STR003,PRD014,1,899.0,899.0
SAL010807,2026-09-01,STR003,PRD015,3,449.0,1347.0
SAL010808,2026-09-01,STR003,PRD017,4,649.0,2596.0
SAL010809,2026-09-01,STR003,PRD018,10,899.0,8990.0
SAL010810,2026-09-01,STR003,PRD020,1,1499.0,1499.0
SAL010811,2026-09-01,STR003,PRD021,1,1099.0,1099.0
SAL010812,2026-09-01,STR003,PRD022,1,599.0,599.0
SAL010813,2026-09-01,STR003,PRD023,4,1299.0,5196.0
SAL010814,2026-09-01,STR003,PRD024,1,1499.0,1499.0
SAL010815,2026-09-01,STR003,PRD025,3,1899.0,5697.0
SAL010816,2026-09-01,STR003,PRD026,3,299.0,897.0
SAL010817,2026-09-01,STR003,PRD027,1,179.0,179.0
SAL010818,2026-09-01,STR003,PRD028,1,499.0,499.0
SAL010819,2026-09-01,STR003,PRD030,7,199.0,1393.0
SAL010820,2026-09-01,STR003,PRD031,2,999.0,1998.0
SAL010821,2026-09-01,STR003,PRD032,1,699.0,699.0
SAL010822,2026-09-01,STR003,PRD034,4,399.0,1596.0
SAL010823,2026-09-01,STR003,PRD036,6,329.0,1974.0
SAL010824,2026-09-01,STR003,PRD037,4,379.0,1516.0
SAL010825,2026-09-01,STR003,PRD039,4,299.0,1196.0
SAL010826,2026-09-01,STR003,PRD040,6,249.0,1494.0
SAL010827,2026-09-01,STR004,PRD001,6,599.0,3594.0
SAL010828,2026-09-01,STR004,PRD004,4,1199.0,4796.0
SAL010829,2026-09-01,STR004,PRD005,7,2299.0,16093.0
SAL010830,2026-09-01,STR004,PRD006,4,1799.0,7196.0
SAL010831,2026-09-01,STR004,PRD009,4,299.0,1196.0
SAL010832,2026-09-01,STR004,PRD011,3,1599.0,4797.0
SAL010833,2026-09-01,STR004,PRD012,3,199.0,597.0
SAL010834,2026-09-01,STR004,PRD013,2,249.0,498.0
SAL010835,2026-09-01,STR004,PRD015,3,449.0,1347.0
SAL010836,2026-09-01,STR004,PRD016,2,1199.0,2398.0
SAL010837,2026-09-01,STR004,PRD017,2,649.0,1298.0
SAL010838,2026-09-01,STR004,PRD018,12,899.0,10788.0
SAL010839,2026-09-01,STR004,PRD024,1,1499.0,1499.0
SAL010840,2026-09-01,STR004,PRD028,1,499.0,499.0
SAL010841,2026-09-01,STR004,PRD029,1,349.0,349.0
SAL010842,2026-09-01,STR004,PRD030,5,199.0,995.0
SAL010843,2026-09-01,STR004,PRD031,1,999.0,999.0
SAL010844,2026-09-01,STR004,PRD036,4,329.0,1316.0
SAL010845,2026-09-01,STR004,PRD037,1,379.0,379.0
SAL010846,2026-09-01,STR004,PRD038,2,429.0,858.0
SAL010847,2026-09-01,STR004,PRD040,6,249.0,1494.0
SAL010848,2026-09-02,STR001,PRD001,4,599.0,2396.0
SAL010849,2026-09-02,STR001,PRD004,4,1199.0,4796.0
SAL010850,2026-09-02,STR001,PRD005,10,2299.0,22990.0
SAL010851,2026-09-02,STR001,PRD006,4,1799.0,7196.0
SAL010852,2026-09-02,STR001,PRD008,2,1499.0,2998.0
SAL010853,2026-09-02,STR001,PRD009,5,299.0,1495.0
SAL010854,2026-09-02,STR001,PRD010,4,1299.0,5196.0
SAL010855,2026-09-02,STR001,PRD011,1,1599.0,1599.0
SAL010856,2026-09-02,STR001,PRD012,1,199.0,199.0
SAL010857,2026-09-02,STR001,PRD018,11,899.0,9889.0
SAL010858,2026-09-02,STR001,PRD020,3,1499.0,4497.0
SAL010859,2026-09-02,STR001,PRD023,3,1299.0,3897.0
SAL010860,2026-09-02,STR001,PRD025,2,1899.0,3798.0
SAL010861,2026-09-02,STR001,PRD026,7,299.0,2093.0
SAL010862,2026-09-02,STR001,PRD027,2,179.0,358.0
SAL010863,2026-09-02,STR001,PRD031,1,999.0,999.0
SAL010864,2026-09-02,STR001,PRD033,2,849.0,1698.0
SAL010865,2026-09-02,STR001,PRD034,3,399.0,1197.0
SAL010866,2026-09-02,STR001,PRD035,7,449.0,3143.0
SAL010867,2026-09-02,STR001,PRD036,3,329.0,987.0
SAL010868,2026-09-02,STR001,PRD037,3,379.0,1137.0
SAL010869,2026-09-02,STR001,PRD038,2,429.0,858.0
SAL010870,2026-09-02,STR001,PRD039,6,299.0,1794.0
SAL010871,2026-09-02,STR002,PRD003,1,3499.0,3499.0
SAL010872,2026-09-02,STR002,PRD004,3,1199.0,3597.0
SAL010873,2026-09-02,STR002,PRD008,3,1499.0,4497.0
SAL010874,2026-09-02,STR002,PRD009,7,299.0,2093.0
SAL010875,2026-09-02,STR002,PRD010,2,1299.0,2598.0
SAL010876,2026-09-02,STR002,PRD011,3,1599.0,4797.0
SAL010877,2026-09-02,STR002,PRD012,2,199.0,398.0
SAL010878,2026-09-02,STR002,PRD015,3,449.0,1347.0
SAL010879,2026-09-02,STR002,PRD018,7,899.0,6293.0
SAL010880,2026-09-02,STR002,PRD020,2,1499.0,2998.0
SAL010881,2026-09-02,STR002,PRD021,1,1099.0,1099.0
SAL010882,2026-09-02,STR002,PRD023,2,1299.0,2598.0
SAL010883,2026-09-02,STR002,PRD026,6,299.0,1794.0
SAL010884,2026-09-02,STR002,PRD030,7,199.0,1393.0
SAL010885,2026-09-02,STR002,PRD031,5,999.0,4995.0
SAL010886,2026-09-02,STR002,PRD034,5,399.0,1995.0
SAL010887,2026-09-02,STR002,PRD037,1,379.0,379.0
SAL010888,2026-09-02,STR002,PRD038,2,429.0,858.0
SAL010889,2026-09-02,STR002,PRD039,7,299.0,2093.0
SAL010890,2026-09-02,STR003,PRD002,1,2899.0,2899.0
SAL010891,2026-09-02,STR003,PRD005,10,2299.0,22990.0
SAL010892,2026-09-02,STR003,PRD006,1,1799.0,1799.0
SAL010893,2026-09-02,STR003,PRD009,3,299.0,897.0
SAL010894,2026-09-02,STR003,PRD011,2,1599.0,3198.0
SAL010895,2026-09-02,STR003,PRD016,2,1199.0,2398.0
SAL010896,2026-09-02,STR003,PRD017,3,649.0,1947.0
SAL010897,2026-09-02,STR003,PRD018,6,899.0,5394.0
SAL010898,2026-09-02,STR003,PRD020,4,1499.0,5996.0
SAL010899,2026-09-02,STR003,PRD021,2,1099.0,2198.0
SAL010900,2026-09-02,STR003,PRD023,1,1299.0,1299.0
SAL010901,2026-09-02,STR003,PRD026,5,299.0,1495.0
SAL010902,2026-09-02,STR003,PRD027,3,179.0,537.0
SAL010903,2026-09-02,STR003,PRD031,1,999.0,999.0
SAL010904,2026-09-02,STR003,PRD032,1,699.0,699.0
SAL010905,2026-09-02,STR003,PRD035,1,449.0,449.0
SAL010906,2026-09-02,STR003,PRD036,5,329.0,1645.0
SAL010907,2026-09-02,STR003,PRD038,4,429.0,1716.0
SAL010908,2026-09-02,STR003,PRD039,5,299.0,1495.0
SAL010909,2026-09-02,STR003,PRD040,3,249.0,747.0
SAL010910,2026-09-02,STR004,PRD001,5,599.0,2995.0
SAL010911,2026-09-02,STR004,PRD003,2,3499.0,6998.0
SAL010912,2026-09-02,STR004,PRD005,6,2299.0,13794.0
SAL010913,2026-09-02,STR004,PRD006,1,1799.0,1799.0
SAL010914,2026-09-02,STR004,PRD009,3,299.0,897.0
SAL010915,2026-09-02,STR004,PRD011,1,1599.0,1599.0
SAL010916,2026-09-02,STR004,PRD013,3,249.0,747.0
SAL010917,2026-09-02,STR004,PRD015,3,449.0,1347.0
SAL010918,2026-09-02,STR004,PRD016,4,1199.0,4796.0
SAL010919,2026-09-02,STR004,PRD017,4,649.0,2596.0
SAL010920,2026-09-02,STR004,PRD018,12,899.0,10788.0
SAL010921,2026-09-02,STR004,PRD020,1,1499.0,1499.0
SAL010922,2026-09-02,STR004,PRD021,2,1099.0,2198.0
SAL010923,2026-09-02,STR004,PRD023,2,1299.0,2598.0
SAL010924,2026-09-02,STR004,PRD025,4,1899.0,7596.0
SAL010925,2026-09-02,STR004,PRD026,2,299.0,598.0
SAL010926,2026-09-02,STR004,PRD030,6,199.0,1194.0
SAL010927,2026-09-02,STR004,PRD034,2,399.0,798.0
SAL010928,2026-09-02,STR004,PRD036,4,329.0,1316.0
SAL010929,2026-09-02,STR004,PRD037,1,379.0,379.0
SAL010930,2026-09-02,STR004,PRD038,1,429.0,429.0
SAL010931,2026-09-02,STR004,PRD039,7,299.0,2093.0
SAL010932,2026-09-02,STR004,PRD040,7,249.0,1743.0
SAL010933,2026-09-03,STR001,PRD001,6,599.0,3594.0
SAL010934,2026-09-03,STR001,PRD002,4,2899.0,11596.0
SAL010935,2026-09-03,STR001,PRD003,2,3499.0,6998.0
SAL010936,2026-09-03,STR001,PRD004,3,1199.0,3597.0
SAL010937,2026-09-03,STR001,PRD005,7,2299.0,16093.0
SAL010938,2026-09-03,STR001,PRD008,3,1499.0,4497.0
SAL010939,2026-09-03,STR001,PRD009,5,299.0,1495.0
SAL010940,2026-09-03,STR001,PRD012,2,199.0,398.0
SAL010941,2026-09-03,STR001,PRD013,3,249.0,747.0
SAL010942,2026-09-03,STR001,PRD014,1,899.0,899.0
SAL010943,2026-09-03,STR001,PRD015,4,449.0,1796.0
SAL010944,2026-09-03,STR001,PRD018,10,899.0,8990.0
SAL010945,2026-09-03,STR001,PRD020,2,1499.0,2998.0
SAL010946,2026-09-03,STR001,PRD023,1,1299.0,1299.0
SAL010947,2026-09-03,STR001,PRD024,2,1499.0,2998.0
SAL010948,2026-09-03,STR001,PRD026,7,299.0,2093.0
SAL010949,2026-09-03,STR001,PRD027,3,179.0,537.0
SAL010950,2026-09-03,STR001,PRD029,4,349.0,1396.0
SAL010951,2026-09-03,STR001,PRD030,7,199.0,1393.0
SAL010952,2026-09-03,STR001,PRD031,4,999.0,3996.0
SAL010953,2026-09-03,STR001,PRD034,3,399.0,1197.0
SAL010954,2026-09-03,STR001,PRD035,6,449.0,2694.0
SAL010955,2026-09-03,STR001,PRD036,7,329.0,2303.0
SAL010956,2026-09-03,STR001,PRD038,2,429.0,858.0
SAL010957,2026-09-03,STR001,PRD039,3,299.0,897.0
SAL010958,2026-09-03,STR001,PRD040,7,249.0,1743.0
SAL010959,2026-09-03,STR002,PRD001,3,599.0,1797.0
SAL010960,2026-09-03,STR002,PRD004,2,1199.0,2398.0
SAL010961,2026-09-03,STR002,PRD005,8,2299.0,18392.0
SAL010962,2026-09-03,STR002,PRD007,1,1999.0,1999.0
SAL010963,2026-09-03,STR002,PRD008,3,1499.0,4497.0
SAL010964,2026-09-03,STR002,PRD009,6,299.0,1794.0
SAL010965,2026-09-03,STR002,PRD013,5,249.0,1245.0
SAL010966,2026-09-03,STR002,PRD017,1,649.0,649.0
SAL010967,2026-09-03,STR002,PRD018,11,899.0,9889.0
SAL010968,2026-09-03,STR002,PRD021,5,1099.0,5495.0
SAL010969,2026-09-03,STR002,PRD024,5,1499.0,7495.0
SAL010970,2026-09-03,STR002,PRD025,5,1899.0,9495.0
SAL010971,2026-09-03,STR002,PRD026,5,299.0,1495.0
SAL010972,2026-09-03,STR002,PRD027,1,179.0,179.0
SAL010973,2026-09-03,STR002,PRD030,5,199.0,995.0
SAL010974,2026-09-03,STR002,PRD034,2,399.0,798.0
SAL010975,2026-09-03,STR002,PRD036,8,329.0,2632.0
SAL010976,2026-09-03,STR002,PRD037,3,379.0,1137.0
SAL010977,2026-09-03,STR002,PRD038,5,429.0,2145.0
SAL010978,2026-09-03,STR002,PRD040,2,249.0,498.0
SAL010979,2026-09-03,STR003,PRD001,5,599.0,2995.0
SAL010980,2026-09-03,STR003,PRD003,3,3499.0,10497.0
SAL010981,2026-09-03,STR003,PRD005,10,2299.0,22990.0
SAL010982,2026-09-03,STR003,PRD008,3,1499.0,4497.0
SAL010983,2026-09-03,STR003,PRD009,5,299.0,1495.0
SAL010984,2026-09-03,STR003,PRD010,2,1299.0,2598.0
SAL010985,2026-09-03,STR003,PRD011,1,1599.0,1599.0
SAL010986,2026-09-03,STR003,PRD012,1,199.0,199.0
SAL010987,2026-09-03,STR003,PRD013,2,249.0,498.0
SAL010988,2026-09-03,STR003,PRD015,1,449.0,449.0
SAL010989,2026-09-03,STR003,PRD016,4,1199.0,4796.0
SAL010990,2026-09-03,STR003,PRD017,4,649.0,2596.0
SAL010991,2026-09-03,STR003,PRD018,7,899.0,6293.0
SAL010992,2026-09-03,STR003,PRD020,1,1499.0,1499.0
SAL010993,2026-09-03,STR003,PRD021,1,1099.0,1099.0
SAL010994,2026-09-03,STR003,PRD022,1,599.0,599.0
SAL010995,2026-09-03,STR003,PRD024,2,1499.0,2998.0
SAL010996,2026-09-03,STR003,PRD025,3,1899.0,5697.0
SAL010997,2026-09-03,STR003,PRD026,3,299.0,897.0
SAL010998,2026-09-03,STR003,PRD027,4,179.0,716.0
SAL010999,2026-09-03,STR003,PRD028,1,499.0,499.0
SAL011000,2026-09-03,STR003,PRD029,4,349.0,1396.0
SAL011001,2026-09-03,STR003,PRD030,4,199.0,796.0
SAL011002,2026-09-03,STR003,PRD038,4,429.0,1716.0
SAL011003,2026-09-03,STR003,PRD039,4,299.0,1196.0
SAL011004,2026-09-03,STR003,PRD040,4,249.0,996.0
SAL011005,2026-09-03,STR004,PRD002,3,2899.0,8697.0
SAL011006,2026-09-03,STR004,PRD003,2,3499.0,6998.0
SAL011007,2026-09-03,STR004,PRD004,5,1199.0,5995.0
SAL011008,2026-09-03,STR004,PRD005,11,2299.0,25289.0
SAL011009,2026-09-03,STR004,PRD008,3,1499.0,4497.0
SAL011010,2026-09-03,STR004,PRD011,1,1599.0,1599.0
SAL011011,2026-09-03,STR004,PRD016,3,1199.0,3597.0
SAL011012,2026-09-03,STR004,PRD017,1,649.0,649.0
SAL011013,2026-09-03,STR004,PRD018,11,899.0,9889.0
SAL011014,2026-09-03,STR004,PRD021,1,1099.0,1099.0
SAL011015,2026-09-03,STR004,PRD023,1,1299.0,1299.0
SAL011016,2026-09-03,STR004,PRD026,4,299.0,1196.0
SAL011017,2026-09-03,STR004,PRD027,3,179.0,537.0
SAL011018,2026-09-03,STR004,PRD029,2,349.0,698.0
SAL011019,2026-09-03,STR004,PRD030,7,199.0,1393.0
SAL011020,2026-09-03,STR004,PRD031,4,999.0,3996.0
SAL011021,2026-09-03,STR004,PRD034,1,399.0,399.0
SAL011022,2026-09-03,STR004,PRD036,3,329.0,987.0
SAL011023,2026-09-03,STR004,PRD037,1,379.0,379.0
SAL011024,2026-09-03,STR004,PRD038,3,429.0,1287.0
SAL011025,2026-09-03,STR004,PRD039,3,299.0,897.0
SAL011026,2026-09-03,STR004,PRD040,2,249.0,498.0
SAL011027,2026-09-04,STR001,PRD001,7,599.0,4193.0
SAL011028,2026-09-04,STR001,PRD004,7,1199.0,8393.0
SAL011029,2026-09-04,STR001,PRD005,10,2299.0,22990.0
SAL011030,2026-09-04,STR001,PRD006,4,1799.0,7196.0
SAL011031,2026-09-04,STR001,PRD009,2,299.0,598.0
SAL011032,2026-09-04,STR001,PRD010,4,1299.0,5196.0
SAL011033,2026-09-04,STR001,PRD011,1,1599.0,1599.0
SAL011034,2026-09-04,STR001,PRD016,4,1199.0,4796.0
SAL011035,2026-09-04,STR001,PRD018,6,899.0,5394.0
SAL011036,2026-09-04,STR001,PRD020,4,1499.0,5996.0
SAL011037,2026-09-04,STR001,PRD023,2,1299.0,2598.0
SAL011038,2026-09-04,STR001,PRD025,4,1899.0,7596.0
SAL011039,2026-09-04,STR001,PRD026,6,299.0,1794.0
SAL011040,2026-09-04,STR001,PRD028,1,499.0,499.0
SAL011041,2026-09-04,STR001,PRD029,3,349.0,1047.0
SAL011042,2026-09-04,STR001,PRD030,7,199.0,1393.0
SAL011043,2026-09-04,STR001,PRD034,1,399.0,399.0
SAL011044,2026-09-04,STR001,PRD035,8,449.0,3592.0
SAL011045,2026-09-04,STR001,PRD036,6,329.0,1974.0
SAL011046,2026-09-04,STR001,PRD037,2,379.0,758.0
SAL011047,2026-09-04,STR001,PRD039,5,299.0,1495.0
SAL011048,2026-09-04,STR001,PRD040,5,249.0,1245.0
SAL011049,2026-09-04,STR002,PRD001,3,599.0,1797.0
SAL011050,2026-09-04,STR002,PRD002,1,2899.0,2899.0
SAL011051,2026-09-04,STR002,PRD003,2,3499.0,6998.0
SAL011052,2026-09-04,STR002,PRD004,8,1199.0,9592.0
SAL011053,2026-09-04,STR002,PRD005,11,2299.0,25289.0
SAL011054,2026-09-04,STR002,PRD006,2,1799.0,3598.0
SAL011055,2026-09-04,STR002,PRD007,1,1999.0,1999.0
SAL011056,2026-09-04,STR002,PRD009,2,299.0,598.0
SAL011057,2026-09-04,STR002,PRD010,1,1299.0,1299.0
SAL011058,2026-09-04,STR002,PRD011,1,1599.0,1599.0
SAL011059,2026-09-04,STR002,PRD012,5,199.0,995.0
SAL011060,2026-09-04,STR002,PRD013,3,249.0,747.0
SAL011061,2026-09-04,STR002,PRD014,1,899.0,899.0
SAL011062,2026-09-04,STR002,PRD016,1,1199.0,1199.0
SAL011063,2026-09-04,STR002,PRD017,1,649.0,649.0
SAL011064,2026-09-04,STR002,PRD018,8,899.0,7192.0
SAL011065,2026-09-04,STR002,PRD023,2,1299.0,2598.0
SAL011066,2026-09-04,STR002,PRD024,5,1499.0,7495.0
SAL011067,2026-09-04,STR002,PRD026,6,299.0,1794.0
SAL011068,2026-09-04,STR002,PRD027,3,179.0,537.0
SAL011069,2026-09-04,STR002,PRD030,2,199.0,398.0
SAL011070,2026-09-04,STR002,PRD032,1,699.0,699.0
SAL011071,2026-09-04,STR002,PRD035,1,449.0,449.0
SAL011072,2026-09-04,STR002,PRD038,1,429.0,429.0
SAL011073,2026-09-04,STR002,PRD039,2,299.0,598.0
SAL011074,2026-09-04,STR002,PRD040,8,249.0,1992.0
SAL011075,2026-09-04,STR003,PRD001,3,599.0,1797.0
SAL011076,2026-09-04,STR003,PRD002,2,2899.0,5798.0
SAL011077,2026-09-04,STR003,PRD003,3,3499.0,10497.0
SAL011078,2026-09-04,STR003,PRD004,5,1199.0,5995.0
SAL011079,2026-09-04,STR003,PRD005,9,2299.0,20691.0
SAL011080,2026-09-04,STR003,PRD006,4,1799.0,7196.0
SAL011081,2026-09-04,STR003,PRD008,4,1499.0,5996.0
SAL011082,2026-09-04,STR003,PRD009,7,299.0,2093.0
SAL011083,2026-09-04,STR003,PRD010,2,1299.0,2598.0
SAL011084,2026-09-04,STR003,PRD011,1,1599.0,1599.0
SAL011085,2026-09-04,STR003,PRD014,2,899.0,1798.0
SAL011086,2026-09-04,STR003,PRD015,2,449.0,898.0
SAL011087,2026-09-04,STR003,PRD018,6,899.0,5394.0
SAL011088,2026-09-04,STR003,PRD019,1,1399.0,1399.0
SAL011089,2026-09-04,STR003,PRD020,4,1499.0,5996.0
SAL011090,2026-09-04,STR003,PRD026,3,299.0,897.0
SAL011091,2026-09-04,STR003,PRD027,4,179.0,716.0
SAL011092,2026-09-04,STR003,PRD029,3,349.0,1047.0
SAL011093,2026-09-04,STR003,PRD030,4,199.0,796.0
SAL011094,2026-09-04,STR003,PRD031,4,999.0,3996.0
SAL011095,2026-09-04,STR003,PRD035,1,449.0,449.0
SAL011096,2026-09-04,STR003,PRD036,5,329.0,1645.0
SAL011097,2026-09-04,STR003,PRD037,4,379.0,1516.0
SAL011098,2026-09-04,STR003,PRD038,3,429.0,1287.0
SAL011099,2026-09-04,STR003,PRD039,2,299.0,598.0
SAL011100,2026-09-04,STR003,PRD040,6,249.0,1494.0
SAL011101,2026-09-04,STR004,PRD001,2,599.0,1198.0
SAL011102,2026-09-04,STR004,PRD002,1,2899.0,2899.0
SAL011103,2026-09-04,STR004,PRD004,3,1199.0,3597.0
SAL011104,2026-09-04,STR004,PRD005,7,2299.0,16093.0
SAL011105,2026-09-04,STR004,PRD008,4,1499.0,5996.0
SAL011106,2026-09-04,STR004,PRD009,7,299.0,2093.0
SAL011107,2026-09-04,STR004,PRD011,2,1599.0,3198.0
SAL011108,2026-09-04,STR004,PRD015,1,449.0,449.0
SAL011109,2026-09-04,STR004,PRD017,2,649.0,1298.0
SAL011110,2026-09-04,STR004,PRD018,8,899.0,7192.0
SAL011111,2026-09-04,STR004,PRD021,3,1099.0,3297.0
SAL011112,2026-09-04,STR004,PRD023,3,1299.0,3897.0
SAL011113,2026-09-04,STR004,PRD024,1,1499.0,1499.0
SAL011114,2026-09-04,STR004,PRD025,1,1899.0,1899.0
SAL011115,2026-09-04,STR004,PRD031,2,999.0,1998.0
SAL011116,2026-09-04,STR004,PRD034,2,399.0,798.0
SAL011117,2026-09-04,STR004,PRD036,5,329.0,1645.0
SAL011118,2026-09-04,STR004,PRD039,3,299.0,897.0
SAL011119,2026-09-04,STR004,PRD040,2,249.0,498.0
